avg_latency,std_latency,p95_latency,p99_latency,failure_rate,timeout_rate,avg_retries,request_velocity,latency_trend,jitter,payload_trend,throughput_bytes_per_sec,time_since_success,total_requests,label
84.33,8.03,148.3,222.46,0.0036,0.0018,0.99,2.69,1.54,13.49,0.47,116176,9.6,2256,degrading
52.45,5.43,72.85,86.46,0.0,0.0,0.29,5.0,0.3,2.03,-0.01,201453,4.9,17431,stable
80.08,10.17,137.61,187.83,0.0024,0.0019,0.87,3.15,1.99,7.22,0.75,147600,15.3,13600,degrading
334.07,76.0,877.66,1440.65,0.0559,0.0341,4.44,1.25,4.68,42.39,1.91,64234,32.6,4872,congested
43.69,4.53,58.07,72.02,0.0,0.0,0.11,4.8,-0.47,2.76,0.1,342812,1.4,21946,stable
500.0,32.97,1361.97,2026.39,0.0583,0.0467,3.94,1.81,7.62,39.38,1.14,75652,56.6,13541,congested
31.76,4.09,43.44,59.95,0.0,0.0,0.05,3.75,-0.43,2.28,0.09,499159,2.2,36585,stable
35.64,4.47,50.06,70.28,0.0,0.0,0.04,4.69,-0.3,1.65,-0.03,425829,3.3,26630,stable
33.68,6.08,44.51,54.29,0.0,0.0,0.3,3.56,0.37,3.31,0.08,390103,2.4,43797,stable
60.0,16.02,97.04,148.9,0.0024,0.001,0.81,3.23,2.94,8.42,0.66,59407,18.0,23463,degrading
120.0,9.54,190.83,319.92,0.0012,0.0007,0.43,2.66,1.46,8.79,0.73,53345,19.9,28717,degrading
98.76,18.99,179.98,210.62,0.0023,0.0006,1.12,3.4,2.64,8.78,0.49,90359,19.2,15879,degrading
40.35,4.98,53.19,74.36,0.0,0.0,0.23,4.44,-0.48,3.43,0.1,178411,5.0,44960,stable
43.38,3.29,62.26,81.43,0.0001,0.0,0.19,4.3,0.1,2.89,0.01,481130,0.4,47005,stable
44.09,5.86,66.5,79.58,0.0,0.0,0.24,4.5,-0.24,4.63,0.17,324176,0.6,22905,stable
72.65,13.34,116.01,145.91,0.0031,0.0018,1.05,2.67,1.22,10.78,0.27,112461,19.2,20900,degrading
21.18,5.82,31.63,40.88,0.0,0.0,0.19,4.84,-0.0,4.3,0.06,140957,0.3,3515,stable
32.68,4.62,48.19,59.12,0.0001,0.0,0.03,3.53,-0.33,3.26,0.18,180991,3.3,9941,stable
59.93,5.21,83.53,101.29,0.0001,0.0,0.17,4.67,-0.48,4.88,0.22,400461,3.8,20063,stable
43.89,7.62,67.63,77.71,0.0001,0.0,0.17,4.1,0.17,1.22,-0.05,299684,1.7,15494,stable
104.29,12.07,169.76,212.56,0.0025,0.002,1.07,3.09,0.79,9.06,0.58,56285,5.3,28475,degrading
217.3,31.97,551.47,916.88,0.0607,0.0458,1.84,1.94,3.04,19.4,1.58,63154,23.9,5074,congested
120.0,11.1,237.44,292.04,0.0044,0.0011,1.02,3.33,2.64,10.89,0.62,76185,6.5,16217,degrading
434.57,57.81,1127.22,1742.04,0.0503,0.034,3.38,1.46,5.52,46.36,1.22,65927,83.8,11827,congested
35.28,3.86,54.34,68.35,0.0,0.0,0.2,3.93,-0.43,2.96,-0.04,394803,3.7,42261,stable
360.65,30.77,732.11,1330.02,0.0536,0.0359,1.51,1.9,6.17,19.56,1.59,34899,111.0,739,congested
38.87,3.26,61.33,63.04,0.0,0.0,0.06,4.11,-0.17,2.38,0.2,333705,0.2,43994,stable
944.01,63.98,3531.6,3920.68,0.2088,0.1558,7.95,1.16,19.98,103.99,1.21,25118,396.3,2266,critical
44.49,5.54,69.65,82.51,0.0001,0.0,0.04,4.7,-0.19,4.09,0.16,205668,1.1,7414,stable
711.78,121.26,2531.97,3042.4,0.2403,0.1821,3.22,0.52,13.87,72.97,2.38,16162,247.5,3972,critical
59.46,4.72,91.17,105.25,0.0,0.0,0.17,4.5,-0.44,4.48,-0.03,190144,3.3,23968,stable
60.0,8.29,96.69,124.63,0.0032,0.0021,1.17,2.92,1.1,6.15,0.32,107221,8.7,19800,degrading
29.0,6.02,43.3,56.87,0.0,0.0,0.27,4.17,-0.35,4.35,0.01,121453,0.6,30843,stable
20.27,7.48,28.59,35.46,0.0,0.0,0.15,4.5,-0.49,4.49,0.08,237186,0.7,22533,stable
1273.34,123.55,3642.37,7454.56,0.2332,0.1803,8.55,0.3,19.5,117.94,1.73,18378,405.5,4008,critical
398.25,71.74,911.14,1458.64,0.0555,0.0322,1.26,0.75,4.73,25.64,1.75,63893,34.5,8055,congested
39.59,6.67,60.51,69.29,0.0,0.0,0.17,4.49,-0.17,3.67,0.28,360805,0.8,29403,stable
34.43,3.12,46.06,56.99,0.0,0.0,0.01,4.78,0.18,2.06,0.18,416982,1.5,2765,stable
1162.65,222.48,4165.32,4688.33,0.2248,0.1603,8.61,0.51,11.9,118.34,2.72,24013,381.9,3627,critical
58.29,2.58,86.18,116.55,0.0,0.0,0.1,3.96,-0.14,5.0,0.21,489996,3.5,20907,stable
244.81,69.93,542.09,918.89,0.0669,0.0374,4.25,1.33,6.88,19.65,1.78,43806,84.0,10072,congested
30.54,3.77,48.63,60.81,0.0,0.0,0.17,4.9,-0.36,3.82,0.08,217590,4.3,23368,stable
60.0,3.72,94.41,106.92,0.0,0.0,0.06,4.2,-0.16,2.76,0.08,156030,0.9,42560,stable
60.0,15.95,114.36,121.98,0.0019,0.0015,1.03,2.61,2.35,14.32,0.55,111415,18.1,20544,degrading
400.73,37.41,967.43,1406.45,0.0743,0.0376,4.81,1.59,4.09,34.45,1.18,34140,67.2,10077,congested
29.4,3.15,44.37,49.26,0.0,0.0,0.08,4.38,0.43,1.21,0.01,213987,3.2,32907,stable
444.94,56.81,1079.3,1948.36,0.0543,0.0434,1.41,1.17,8.65,38.92,1.63,48023,58.2,12189,congested
424.66,42.08,945.64,1694.41,0.0633,0.0492,4.86,2.48,4.94,26.97,0.51,76921,111.8,1827,congested
36.02,7.35,53.24,69.24,0.0001,0.0,0.16,4.16,0.27,3.07,0.14,389498,0.1,28961,stable
88.13,18.81,163.17,180.13,0.0045,0.0029,0.32,3.24,1.55,11.59,0.48,52649,14.5,23748,degrading
38.65,4.8,50.85,62.41,0.0,0.0,0.07,4.47,0.15,4.3,0.07,129234,1.4,49020,stable
500.0,51.38,1081.9,1784.28,0.0617,0.0455,3.94,2.26,6.81,37.82,0.9,24144,59.6,8427,congested
120.0,13.01,214.11,307.45,0.0046,0.0014,0.31,3.37,2.16,5.31,0.3,53951,16.5,5541,degrading
85.0,10.71,144.6,199.65,0.002,0.0016,0.44,3.24,2.25,10.7,0.77,145512,17.9,9144,degrading
296.17,24.1,656.99,1309.8,0.0654,0.0353,1.97,2.38,4.23,21.91,0.52,11377,62.9,2826,congested
82.5,19.25,127.73,179.65,0.0019,0.0012,1.03,2.83,1.65,6.83,0.69,145668,9.4,23567,degrading
31.66,6.06,41.77,58.21,0.0,0.0,0.29,3.61,-0.3,2.39,0.15,317920,0.6,15196,stable
120.0,15.69,201.4,262.79,0.0041,0.0011,0.9,2.79,1.83,11.51,0.51,91328,10.2,23443,degrading
48.56,4.35,64.85,92.86,0.0001,0.0001,0.08,4.9,-0.04,1.51,0.07,150821,2.5,28502,stable
47.15,4.08,69.25,83.62,0.0,0.0,0.03,3.6,-0.35,4.06,0.19,326007,2.3,44527,stable
95.7,9.55,147.99,242.42,0.0014,0.0011,0.97,2.93,1.45,5.59,0.62,67535,11.9,4668,degrading
28.66,3.38,45.62,46.83,0.0,0.0,0.13,4.23,-0.44,2.94,0.07,385017,3.2,10075,stable
65.64,13.11,126.96,138.93,0.0079,0.0034,1.1,2.57,1.73,10.65,0.61,61685,14.9,4806,degrading
120.0,19.87,202.14,245.27,0.0022,0.0017,0.57,3.22,1.67,10.45,0.56,95057,12.0,8338,degrading
60.0,4.05,83.63,106.35,0.0,0.0,0.17,3.71,0.21,4.25,0.27,344846,2.6,31339,stable
77.04,18.34,138.66,161.16,0.0022,0.0009,0.58,2.77,1.21,14.7,0.22,99686,14.4,19992,degrading
120.0,11.99,223.04,262.74,0.0013,0.001,0.47,2.57,2.18,7.74,0.32,98066,14.3,18767,degrading
1151.25,141.04,3264.43,4803.19,0.2097,0.1678,3.73,0.22,10.36,110.59,1.98,9647,393.8,2238,critical
973.06,50.8,3517.16,5058.58,0.2038,0.156,8.29,1.16,14.18,83.75,2.86,6185,442.5,1643,critical
60.0,12.76,119.58,136.73,0.0024,0.0009,0.68,2.53,0.56,10.33,0.7,109887,11.5,26522,degrading
35.45,8.0,46.44,62.32,0.0,0.0,0.18,4.72,-0.05,2.52,0.29,146701,2.4,21015,stable
74.96,12.37,115.71,155.72,0.0045,0.002,0.3,2.6,1.57,13.52,0.34,137895,6.7,2641,degrading
25.16,6.91,36.85,49.18,0.0,0.0,0.3,4.31,0.16,2.12,0.03,234184,3.5,24211,stable
25.98,6.55,38.94,50.29,0.0,0.0,0.27,4.69,0.29,1.36,0.25,338560,2.4,45745,stable
37.79,7.22,50.77,67.95,0.0,0.0,0.06,4.19,-0.04,4.24,0.23,403707,1.8,4529,stable
55.76,5.28,78.85,111.0,0.0,0.0,0.27,4.63,0.3,1.07,0.29,390668,1.5,41640,stable
1107.55,161.86,4377.77,5335.09,0.2513,0.172,3.95,0.33,13.3,57.47,1.67,11246,274.0,4645,critical
41.03,7.81,64.77,73.54,0.0,0.0,0.24,4.24,0.08,4.31,0.03,120071,2.4,45772,stable
52.51,6.92,79.45,104.63,0.0,0.0,0.06,4.26,0.18,1.99,0.14,203031,1.7,22634,stable
51.2,3.87,74.54,93.11,0.0,0.0,0.08,4.74,-0.14,2.12,0.12,156369,4.0,4652,stable
39.1,3.42,62.52,71.73,0.0,0.0,0.26,4.69,-0.37,4.09,0.13,287643,2.9,1395,stable
32.87,7.77,46.34,57.61,0.0,0.0,0.21,4.04,-0.28,4.66,0.07,361482,0.2,21289,stable
397.14,32.85,1124.58,1458.3,0.0605,0.0379,2.57,1.55,9.04,28.84,0.72,45458,23.8,5232,congested
49.74,4.12,66.79,95.01,0.0,0.0,0.24,4.84,-0.12,2.18,0.17,381053,3.9,41697,stable
342.59,21.55,822.82,1136.12,0.0609,0.0373,3.68,2.42,5.1,22.02,1.94,14212,104.0,13655,congested
35.72,3.64,47.84,68.85,0.0001,0.0,0.29,4.69,-0.46,2.33,0.09,225807,3.5,41487,stable
30.32,5.74,41.16,53.42,0.0001,0.0,0.22,4.73,0.4,1.39,-0.06,418559,1.3,3868,stable
60.0,17.71,115.31,158.83,0.0014,0.0011,0.95,3.32,2.28,9.8,0.61,143208,11.3,28576,degrading
120.0,17.13,186.9,310.46,0.0021,0.0011,0.49,3.21,2.06,7.18,0.57,50500,7.7,21968,degrading
233.34,27.93,466.99,940.74,0.0579,0.0376,4.15,2.35,6.69,19.86,1.48,15006,36.6,7113,congested
664.95,80.46,1925.49,3370.28,0.2295,0.167,5.41,0.65,9.48,47.98,0.86,6017,505.4,1757,critical
54.09,3.47,72.79,93.47,0.0,0.0,0.09,3.9,-0.38,3.39,-0.06,406403,4.6,46661,stable
60.0,17.24,95.72,140.84,0.0015,0.0012,0.43,3.12,0.61,8.87,0.45,135488,7.7,19484,degrading
32.18,5.7,44.19,64.21,0.0,0.0,0.2,4.6,-0.27,2.49,-0.04,302306,2.3,49860,stable
20.49,3.15,27.26,40.24,0.0,0.0,0.23,4.37,-0.31,1.75,-0.03,122800,2.9,42177,stable
329.12,35.34,980.39,1167.19,0.058,0.0449,3.98,1.65,7.79,36.8,1.72,72619,64.9,5943,congested
426.2,20.1,1000.42,1479.67,0.0611,0.0371,4.06,1.82,9.16,29.81,1.35,77856,57.2,11288,congested
94.48,18.21,146.46,235.03,0.0028,0.0012,0.69,2.53,2.24,5.13,0.69,76639,6.8,12802,degrading
48.16,4.68,70.95,91.83,0.0001,0.0,0.18,4.61,-0.15,2.86,-0.07,338836,1.8,22242,stable
75.07,19.66,130.53,207.38,0.0016,0.0013,0.33,2.6,1.45,14.67,0.41,95292,17.2,27598,degrading
26.72,3.78,36.61,43.21,0.0,0.0,0.14,4.42,-0.33,4.96,-0.01,477092,3.2,30779,stable
44.65,3.5,67.36,88.85,0.0,0.0,0.13,4.38,0.42,3.07,0.0,252402,1.9,36021,stable
40.26,6.28,59.68,69.39,0.0,0.0,0.14,4.05,-0.38,2.68,0.2,128403,0.4,18383,stable
71.29,11.48,124.69,173.09,0.003,0.002,0.35,3.02,2.68,7.38,0.74,64153,9.5,9299,degrading
217.18,36.46,607.01,922.91,0.065,0.0368,2.79,1.88,3.34,27.38,1.3,43884,84.2,2170,congested
111.49,8.19,177.41,240.52,0.0023,0.0012,0.45,2.62,0.72,12.32,0.34,57296,11.3,21406,degrading
68.23,11.66,113.53,174.49,0.0016,0.0007,0.51,2.69,2.24,14.65,0.31,61542,10.8,12117,degrading
33.95,7.42,44.66,62.44,0.0,0.0,0.08,3.8,-0.5,4.85,0.08,105227,0.0,15129,stable
266.49,39.91,713.42,935.77,0.0611,0.0352,3.08,0.56,6.19,46.59,1.25,13031,46.4,826,congested
48.35,4.78,64.99,84.27,0.0,0.0,0.01,3.85,-0.1,2.8,0.27,324001,0.2,20985,stable
350.9,59.06,723.29,1536.86,0.0629,0.0399,2.26,0.78,5.14,34.23,1.12,59272,103.9,3239,congested
108.85,12.93,198.93,265.51,0.0017,0.0013,1.19,3.18,2.78,13.38,0.67,53290,11.1,6454,degrading
60.0,6.77,80.94,98.5,0.0,0.0,0.03,3.57,-0.24,1.54,0.0,254023,4.7,30908,stable
415.09,38.26,851.1,1247.66,0.06,0.048,3.35,2.42,4.99,47.52,1.59,26371,86.3,5556,congested
90.28,14.52,158.52,187.08,0.001,0.0008,0.68,2.93,1.09,12.64,0.43,116940,14.6,18339,degrading
120.0,11.79,212.88,240.96,0.0027,0.0013,0.59,3.14,2.21,14.84,0.53,125256,10.7,5545,degrading
43.12,5.28,58.51,78.34,0.0,0.0,0.23,4.95,-0.14,2.74,0.07,214119,4.0,31268,stable
1027.3,85.29,2914.48,4743.68,0.2102,0.1622,6.0,0.45,6.06,127.34,2.37,9220,200.7,4524,critical
54.63,5.87,80.48,89.89,0.0,0.0,0.23,4.27,-0.25,2.86,0.13,499948,3.2,35018,stable
37.45,4.43,49.79,74.53,0.0,0.0,0.19,4.99,-0.27,2.12,0.29,171510,2.6,12742,stable
57.18,2.57,81.26,96.04,0.0,0.0,0.28,4.93,0.16,1.02,0.04,305256,2.5,30563,stable
988.41,213.98,2941.04,5457.73,0.2358,0.1609,3.69,0.73,12.93,94.97,1.22,16751,99.1,116,critical
271.39,40.24,773.45,1093.92,0.0594,0.0389,4.17,1.07,6.59,41.45,0.91,35337,26.0,2044,congested
104.87,19.0,181.58,263.62,0.0071,0.0014,0.92,3.31,2.39,11.33,0.2,101567,13.9,28839,degrading
1179.39,184.74,3815.37,5369.22,0.232,0.1856,8.06,0.16,18.17,145.09,1.53,16628,595.6,2260,critical
346.39,67.97,793.61,1292.57,0.0605,0.0343,2.31,1.53,3.91,20.39,1.03,44281,90.1,6904,congested
66.71,11.06,131.73,160.6,0.0028,0.0018,1.11,3.27,1.34,10.51,0.3,145612,15.6,11541,degrading
68.54,17.82,103.96,161.43,0.0033,0.001,0.42,3.12,1.12,7.82,0.32,74380,8.4,21087,degrading
34.12,6.47,51.11,58.28,0.0,0.0,0.05,3.82,-0.13,4.05,0.2,265989,0.6,14753,stable
104.91,14.98,201.96,262.26,0.0023,0.0014,0.32,3.37,2.17,14.69,0.74,110347,12.5,26569,degrading
80.54,15.57,122.73,202.13,0.0046,0.0037,0.74,2.97,2.07,9.84,0.41,63952,14.5,22593,degrading
28.09,5.27,43.3,48.44,0.0,0.0,0.03,4.8,-0.12,4.52,0.19,141668,4.2,34426,stable
108.98,15.29,174.58,239.9,0.0025,0.0018,0.96,2.79,2.02,14.06,0.45,108704,18.9,10547,degrading
120.0,11.7,180.84,275.09,0.0019,0.0015,0.72,2.91,2.68,9.75,0.43,85425,9.1,12564,degrading
120.0,16.53,227.7,307.04,0.0028,0.0023,0.85,3.39,2.41,7.03,0.22,50988,13.8,15887,degrading
1716.98,85.59,6560.63,10092.86,0.2214,0.1677,5.07,0.59,19.02,149.1,1.98,8985,297.3,4377,critical
39.08,5.74,58.61,71.06,0.0,0.0,0.24,4.49,0.02,1.67,0.29,250016,0.5,25196,stable
39.01,3.01,58.47,71.01,0.0,0.0,0.21,4.89,0.31,4.31,0.13,222423,1.1,17032,stable
94.47,12.95,156.48,190.07,0.0031,0.0024,0.63,2.52,2.69,6.49,0.55,138313,8.3,12654,degrading
91.39,9.27,137.43,201.51,0.0023,0.0012,0.63,3.09,1.51,8.37,0.64,79667,10.7,11331,degrading
50.96,2.51,71.43,91.91,0.0,0.0,0.05,3.6,0.39,1.51,0.15,350298,1.0,49922,stable
1154.59,152.02,3478.71,6000.2,0.2944,0.1556,8.61,0.46,11.23,65.59,1.07,22613,545.4,2515,critical
35.56,3.37,49.05,57.63,0.0,0.0,0.23,3.78,-0.39,1.3,0.05,299200,3.1,47943,stable
480.77,73.4,1191.19,1927.25,0.0602,0.0316,2.23,0.76,8.86,26.37,1.12,48301,104.2,2190,congested
72.1,14.49,119.8,192.47,0.0017,0.0008,1.14,2.56,1.22,10.63,0.72,107702,8.2,25841,degrading
46.56,4.21,65.04,83.09,0.0,0.0,0.01,4.43,-0.26,1.69,0.29,216745,4.5,9732,stable
50.42,6.36,72.56,85.3,0.0,0.0,0.18,4.04,0.44,2.92,-0.09,239344,0.7,18805,stable
466.48,67.4,1014.52,1583.14,0.0655,0.0437,1.92,0.91,6.92,49.03,1.85,51502,101.2,7365,congested
95.49,16.8,165.25,207.06,0.0019,0.0016,0.73,3.38,2.85,8.83,0.3,100526,9.1,13082,degrading
608.17,178.97,2404.24,2880.17,0.2273,0.1517,3.35,0.15,5.96,85.97,2.85,17117,251.5,1200,critical
112.01,16.44,182.49,250.38,0.0021,0.0015,1.16,2.72,2.45,8.65,0.7,142310,7.8,14998,degrading
112.33,11.04,194.9,311.03,0.004,0.0015,0.95,2.85,2.34,5.86,0.32,137772,9.4,6575,degrading
60.0,11.36,109.7,133.59,0.0037,0.001,1.11,2.55,1.79,7.25,0.43,99365,11.8,22568,degrading
82.4,19.25,155.09,210.03,0.0028,0.0022,0.66,3.15,0.97,13.35,0.6,85226,15.8,8740,degrading
334.77,50.85,842.85,1415.84,0.0542,0.0329,3.49,2.14,4.22,30.81,1.07,79957,91.2,1327,congested
47.59,3.23,67.16,88.21,0.0,0.0,0.17,3.74,-0.19,4.6,0.18,494389,3.8,47156,stable
120.0,12.39,184.31,298.07,0.0036,0.0028,0.57,3.37,1.51,10.15,0.31,105268,9.0,24962,degrading
83.73,8.87,163.03,189.85,0.0016,0.0013,0.36,3.24,1.74,8.16,0.8,137607,5.6,18012,degrading
35.33,3.94,52.76,68.56,0.0001,0.0,0.18,4.6,0.07,1.27,-0.05,338589,1.4,4902,stable
40.94,6.74,59.35,67.08,0.0001,0.0,0.15,4.2,0.43,4.08,0.23,153239,4.0,22215,stable
107.4,8.86,181.95,277.7,0.0038,0.0031,1.11,3.24,0.82,12.04,0.35,68880,16.4,28812,degrading
54.95,7.42,86.66,98.82,0.0,0.0,0.09,3.89,0.34,1.77,0.22,417584,2.5,12458,stable
59.67,6.26,93.11,118.77,0.0,0.0,0.2,4.67,-0.32,2.22,0.08,245936,4.9,41912,stable
31.87,4.38,42.49,53.25,0.0,0.0,0.12,4.33,0.21,1.23,0.04,391901,3.4,3614,stable
240.01,35.31,697.58,941.38,0.0634,0.0335,3.06,2.37,9.3,21.42,1.63,62666,36.5,4543,congested
297.27,74.37,749.75,1255.84,0.0584,0.0371,3.99,0.66,3.17,48.24,0.78,69110,115.3,11304,congested
44.12,7.21,63.08,87.65,0.0,0.0,0.09,4.67,-0.06,2.94,0.21,252945,2.2,19433,stable
80.78,17.45,130.62,207.59,0.0017,0.0013,0.55,3.27,2.46,9.83,0.43,113742,13.4,20184,degrading
104.64,18.37,203.64,268.92,0.0056,0.0008,0.32,2.52,2.55,12.39,0.52,74886,6.3,5345,degrading
43.85,3.14,65.9,82.65,0.0001,0.0,0.05,3.53,-0.16,4.46,-0.08,271571,3.8,47705,stable
53.43,2.3,82.69,92.45,0.0,0.0,0.13,3.77,-0.13,3.7,0.04,236535,5.0,36221,stable
75.47,16.87,121.39,195.23,0.0028,0.0017,0.85,2.97,2.82,12.41,0.67,66439,9.0,15637,degrading
26.84,7.59,36.23,44.5,0.0001,0.0,0.2,4.18,-0.17,2.21,0.06,109235,3.3,42410,stable
60.0,10.13,114.44,148.42,0.0023,0.0018,0.84,3.46,2.38,11.55,0.31,147707,12.8,28339,degrading
120.0,12.17,203.96,291.3,0.0014,0.0009,0.73,3.11,1.65,8.2,0.67,135465,9.2,24495,degrading
1544.58,61.15,4814.22,7613.05,0.2568,0.2031,5.64,0.85,7.83,120.24,1.86,8853,433.8,2087,critical
29.21,7.08,45.14,49.32,0.0001,0.0,0.27,4.48,-0.14,2.96,0.23,219862,3.1,13850,stable
36.3,4.54,52.74,71.8,0.0,0.0,0.26,4.73,-0.38,4.39,0.07,201478,4.3,22169,stable
282.75,23.85,752.13,1185.78,0.0576,0.032,1.61,1.65,9.47,44.8,1.78,31204,90.1,11723,congested
34.18,2.84,44.54,62.12,0.0001,0.0,0.15,3.71,0.48,2.0,-0.07,365258,3.0,21342,stable
38.33,4.86,59.41,66.36,0.0,0.0,0.18,4.54,0.05,2.52,-0.05,198994,2.1,46281,stable
284.22,50.68,659.72,996.06,0.0578,0.0382,4.67,0.85,4.56,40.59,1.9,17331,72.2,13725,congested
1589.48,221.91,5489.82,8962.4,0.2275,0.1654,5.95,0.86,6.31,133.44,2.82,26288,60.4,4019,critical
388.19,71.17,1077.67,1454.99,0.0689,0.0379,3.02,2.02,8.02,34.69,0.91,30597,94.1,185,congested
72.2,13.02,124.97,159.79,0.0032,0.0017,0.69,3.36,2.91,8.77,0.33,141451,7.2,9272,degrading
31.78,5.87,48.13,54.57,0.0,0.0,0.07,3.67,0.03,4.43,0.19,186243,2.0,25886,stable
120.0,13.33,239.53,320.71,0.0012,0.001,0.67,2.97,0.96,14.37,0.44,134272,8.6,3351,degrading
233.87,30.18,625.21,820.73,0.0585,0.0352,2.19,1.37,3.3,41.89,0.62,61591,46.8,6952,congested
240.17,37.03,596.37,902.99,0.063,0.0374,1.39,1.6,7.33,18.36,1.39,75917,29.7,10301,congested
97.46,10.48,175.61,262.61,0.0027,0.0018,0.76,2.59,2.9,8.47,0.35,91174,11.2,14026,degrading
65.86,19.08,111.13,157.73,0.0016,0.0007,0.43,2.52,1.98,5.13,0.47,135919,6.5,11272,degrading
646.89,161.01,2535.37,2782.04,0.2029,0.1606,7.19,0.45,9.1,41.96,1.6,2012,250.3,2379,critical
37.16,7.72,57.79,61.62,0.0,0.0,0.2,3.73,-0.37,1.82,0.21,218150,0.1,47264,stable
239.94,63.23,601.09,872.76,0.0551,0.0419,1.92,0.84,8.78,34.35,1.79,74237,27.0,14549,congested
30.89,7.92,43.45,50.12,0.0001,0.0,0.06,4.45,-0.46,4.97,-0.09,120062,1.6,41749,stable
32.25,2.77,43.77,51.61,0.0,0.0,0.12,3.89,0.03,2.12,0.25,474855,4.2,20529,stable
1092.92,85.3,3380.69,4375.83,0.2141,0.1573,8.71,0.34,10.82,69.1,2.9,2132,100.7,4781,critical
319.0,72.7,686.74,1205.16,0.0629,0.0323,2.02,2.46,7.21,28.63,1.28,36814,80.2,107,congested
711.86,87.65,2233.66,3371.07,0.21,0.1527,6.69,0.52,6.06,136.14,1.08,6407,303.1,709,critical
120.0,16.61,213.74,330.02,0.0023,0.0018,0.65,3.06,2.83,9.86,0.22,108091,9.9,23454,degrading
54.6,2.16,78.61,88.62,0.0,0.0,0.23,4.62,0.4,1.03,-0.01,430874,3.4,44825,stable
75.6,18.5,122.25,193.8,0.003,0.0016,1.06,2.95,1.1,13.03,0.53,69763,19.2,28468,degrading
69.46,11.91,120.16,163.93,0.0039,0.0015,0.53,3.1,2.15,7.58,0.4,136206,17.2,5921,degrading
753.01,271.3,2341.11,4211.32,0.2018,0.1614,4.86,0.78,19.95,137.39,1.68,26963,306.8,555,critical
311.64,36.06,875.39,1317.79,0.0567,0.0382,3.47,2.34,5.93,41.96,1.7,10723,111.5,2912,congested
98.92,9.26,157.55,244.19,0.0015,0.0012,1.15,2.58,0.6,6.24,0.67,142276,17.3,21676,degrading
32.78,7.05,49.27,61.59,0.0001,0.0,0.11,4.83,-0.04,3.06,0.03,210667,3.3,6872,stable
942.98,117.87,3486.77,5186.81,0.2635,0.1622,3.14,0.71,19.48,97.8,2.15,27998,369.3,1229,critical
962.23,249.31,2802.11,4297.01,0.2149,0.1669,7.37,0.87,5.82,128.34,1.33,3662,417.0,1097,critical
352.43,49.56,857.06,1519.65,0.0713,0.0389,3.4,0.94,7.74,31.28,1.6,69927,53.5,14079,congested
86.0,17.46,170.24,203.65,0.0021,0.0017,0.97,2.83,1.99,12.16,0.65,89567,18.5,28282,degrading
26.46,5.33,35.15,45.54,0.0,0.0,0.03,3.91,-0.28,4.5,0.29,426669,3.6,29842,stable
500.0,50.76,1265.53,2117.15,0.0509,0.0367,1.53,1.91,4.04,42.61,1.83,26877,46.0,1934,congested
45.75,3.81,63.03,76.76,0.0,0.0,0.13,4.44,-0.01,2.61,0.3,452125,3.1,28899,stable
37.27,6.51,58.47,72.24,0.0001,0.0,0.1,4.71,0.38,2.21,0.24,442892,3.8,8188,stable
708.02,127.89,2023.85,4082.31,0.2328,0.1862,4.64,0.42,15.33,125.44,2.07,9388,369.5,1103,critical
330.54,72.23,666.58,1472.5,0.0597,0.0414,4.33,1.32,5.77,27.49,1.08,63081,26.2,12022,congested
60.0,3.93,92.67,109.2,0.0001,0.0,0.14,4.77,-0.17,2.36,0.26,270326,3.9,12595,stable
71.65,15.56,129.65,148.5,0.0029,0.0007,0.76,3.37,2.87,14.22,0.35,97288,13.0,25639,degrading
120.0,10.08,193.57,249.37,0.0077,0.0031,1.14,3.43,1.49,9.18,0.69,99503,17.0,1565,degrading
111.08,9.35,214.42,283.35,0.0053,0.0008,0.64,2.87,1.23,5.79,0.66,92045,17.2,25153,degrading
37.74,5.88,58.47,61.14,0.0,0.0,0.24,3.7,-0.27,2.81,0.11,405444,2.2,39703,stable
26.17,2.37,34.77,46.03,0.0,0.0,0.23,4.24,-0.4,4.67,0.17,198820,3.1,20846,stable
47.82,2.88,67.08,93.05,0.0,0.0,0.15,3.72,0.12,2.09,0.1,132908,2.3,16016,stable
42.98,4.22,68.36,84.94,0.0,0.0,0.14,4.5,-0.39,1.54,0.05,203504,3.1,19009,stable
33.84,6.42,50.68,64.67,0.0,0.0,0.16,4.98,0.39,3.71,0.0,204763,4.4,29681,stable
109.78,10.46,183.01,232.24,0.0049,0.0014,0.98,2.61,1.37,8.08,0.42,82952,16.5,5565,degrading
22.08,5.37,30.43,38.87,0.0,0.0,0.06,4.64,0.18,2.06,0.17,469749,4.6,36261,stable
51.77,4.88,80.82,90.27,0.0,0.0,0.02,4.92,0.14,4.51,0.17,242793,2.6,34111,stable
120.0,18.74,212.46,248.82,0.003,0.0021,0.41,3.37,1.91,6.76,0.29,94542,17.2,24252,degrading
74.52,12.56,139.99,164.53,0.0015,0.0012,0.7,3.35,1.54,8.02,0.28,117483,6.3,2304,degrading
42.83,2.54,67.85,72.95,0.0001,0.0,0.24,3.73,-0.13,2.49,-0.04,419381,3.5,10328,stable
60.0,3.97,90.97,111.45,0.0,0.0,0.18,3.88,-0.3,2.36,0.09,218426,2.6,9103,stable
26.88,6.04,40.82,50.43,0.0001,0.0,0.09,3.97,-0.44,3.75,0.13,239770,3.5,27330,stable
979.28,250.92,2876.68,5303.49,0.2148,0.1718,8.71,1.04,7.58,107.03,1.16,1421,352.9,4752,critical
55.78,7.5,86.08,103.48,0.0,0.0,0.04,3.53,-0.1,2.29,0.07,472488,3.5,17045,stable
43.14,4.31,61.39,74.54,0.0,0.0,0.11,3.98,0.44,2.71,0.18,340985,0.7,47037,stable
49.65,7.93,76.39,91.94,0.0,0.0,0.28,4.26,0.43,2.35,0.19,293150,3.1,25714,stable
38.39,4.52,60.98,65.63,0.0,0.0,0.06,3.78,0.46,3.36,0.06,420576,2.6,12841,stable
99.58,10.55,196.85,232.45,0.0027,0.0022,0.89,2.68,2.46,13.23,0.71,90394,11.1,5077,degrading
28.69,3.53,41.63,55.22,0.0,0.0,0.18,4.28,-0.49,4.32,0.18,364731,0.3,18740,stable
20.0,7.66,28.5,35.68,0.0,0.0,0.17,4.51,0.07,3.63,-0.05,290407,1.8,48695,stable
40.8,7.91,64.64,78.87,0.0,0.0,0.23,4.04,0.46,4.98,0.03,303520,2.8,29390,stable
50.77,7.7,70.34,82.89,0.0001,0.0,0.12,4.92,-0.3,3.31,0.06,409666,0.6,22423,stable
41.59,2.16,66.26,82.46,0.0,0.0,0.01,4.26,-0.01,4.05,0.25,241787,2.2,24049,stable
25.3,2.82,35.79,50.47,0.0,0.0,0.18,4.07,0.21,4.18,-0.02,261976,4.8,13240,stable
27.66,7.13,41.65,44.46,0.0001,0.0,0.15,4.39,0.21,4.33,-0.05,424027,2.4,23080,stable
802.51,71.97,3065.61,4517.9,0.2022,0.1618,5.36,1.0,12.69,84.13,2.25,11287,62.3,4704,critical
37.58,7.66,56.51,73.55,0.0001,0.0,0.0,4.25,0.1,2.06,-0.02,209523,3.1,8157,stable
84.14,17.84,145.84,206.05,0.0025,0.0008,1.18,3.1,1.76,11.82,0.6,102394,16.1,14992,degrading
108.88,16.38,181.94,230.04,0.0021,0.0014,0.67,2.98,2.51,14.99,0.48,87882,11.1,11388,degrading
301.52,53.97,671.84,1255.28,0.0546,0.0367,4.08,1.33,5.77,28.4,1.39,59995,84.8,3702,congested
27.25,4.13,41.3,46.84,0.0,0.0,0.18,3.58,-0.0,3.39,0.03,408364,0.5,4681,stable
443.67,36.35,1106.75,1384.9,0.0695,0.0317,3.14,0.89,7.04,17.42,0.67,59806,93.1,4068,congested
30.8,2.53,47.23,57.3,0.0,0.0,0.27,4.61,0.08,3.69,0.09,190759,4.4,27098,stable
40.0,7.71,61.65,66.82,0.0001,0.0,0.14,4.44,0.16,1.76,-0.05,108269,4.6,17939,stable
111.19,8.72,207.81,290.58,0.0029,0.0007,0.92,3.43,1.14,11.7,0.49,112754,5.0,4118,degrading
60.0,11.48,118.42,144.97,0.0024,0.0008,0.62,3.32,1.08,10.56,0.46,116489,15.0,17565,degrading
274.19,32.4,559.47,1097.86,0.067,0.0321,2.13,0.75,4.27,48.7,1.89,13284,67.0,5662,congested
26.61,6.72,35.82,49.37,0.0,0.0,0.05,4.72,0.41,1.33,-0.04,191381,2.5,39767,stable
120.0,18.14,211.46,261.29,0.005,0.0018,1.1,3.48,2.2,14.7,0.37,131517,15.2,8264,degrading
2000.0,166.89,7017.33,11282.78,0.2424,0.172,3.61,1.03,7.87,74.11,1.83,3407,134.6,2631,critical
35.57,2.48,54.6,70.93,0.0,0.0,0.27,4.58,-0.37,2.42,0.27,390133,3.0,28394,stable
35.89,4.98,51.74,61.88,0.0,0.0,0.26,3.98,0.09,1.31,0.0,137688,1.6,43884,stable
193.63,65.36,553.21,662.29,0.0551,0.0311,2.83,0.79,3.09,41.69,1.02,44362,50.7,5786,congested
1421.33,256.48,4102.3,7066.95,0.2149,0.1557,9.88,1.14,17.67,38.21,2.63,22913,566.8,2339,critical
73.53,10.17,136.19,199.75,0.0046,0.0008,0.9,2.8,1.37,6.73,0.48,61015,14.8,5492,degrading
59.07,7.39,87.74,113.14,0.0001,0.0001,0.07,3.61,0.22,2.16,0.06,467971,2.8,5756,stable
60.0,18.09,94.53,135.98,0.006,0.0035,0.71,3.03,2.21,14.45,0.73,107706,8.2,10728,degrading
276.09,23.78,581.45,1130.37,0.0507,0.0318,1.84,1.89,9.16,15.42,0.83,35057,118.9,9817,congested
61.83,19.94,93.69,135.47,0.0049,0.002,0.82,3.43,2.8,5.38,0.45,101057,10.4,1961,degrading
25.34,5.59,36.52,43.95,0.0,0.0,0.17,3.88,-0.46,4.34,0.26,164988,3.9,37316,stable
43.06,3.46,63.83,85.6,0.0,0.0,0.18,3.94,0.42,4.66,0.06,273716,3.5,33486,stable
38.29,6.41,60.82,66.99,0.0,0.0,0.28,4.14,0.43,1.65,-0.04,479700,2.5,10109,stable
1223.42,226.11,3070.9,5685.0,0.2262,0.155,4.48,0.34,15.83,120.7,1.7,3176,321.6,4065,critical
41.92,4.09,56.63,70.84,0.0,0.0,0.27,4.0,0.29,3.5,0.04,427115,3.0,1422,stable
1165.39,245.46,4044.19,5837.96,0.2347,0.1721,9.6,0.51,7.03,140.38,2.91,12864,410.1,461,critical
92.97,14.8,164.79,223.44,0.0022,0.0018,0.91,3.34,1.4,9.34,0.69,89805,5.6,10922,degrading
113.97,14.02,199.56,261.05,0.0023,0.0007,0.81,3.44,2.23,8.08,0.78,84271,19.7,6163,degrading
75.24,17.06,128.68,197.23,0.0083,0.0015,0.5,2.67,2.37,12.83,0.23,104681,7.0,15236,degrading
391.82,75.62,825.08,1597.45,0.0662,0.0372,3.95,1.81,9.79,34.79,1.6,69476,24.6,14944,congested
33.98,4.68,47.35,58.01,0.0,0.0,0.27,3.52,0.35,3.08,0.15,136548,2.2,12137,stable
114.53,19.34,191.21,311.08,0.0022,0.0017,0.5,3.48,2.91,7.97,0.57,54691,7.5,17722,degrading
94.65,16.26,149.9,250.23,0.0033,0.0015,0.75,3.1,2.01,11.49,0.55,90594,13.1,26207,degrading
361.23,33.51,743.97,1113.52,0.0602,0.0389,4.88,2.4,9.81,47.87,1.44,31582,116.9,11167,congested
349.33,51.96,967.61,1163.76,0.0558,0.0391,4.06,0.52,7.93,34.04,0.71,40458,72.4,7079,congested
60.0,12.72,100.07,125.56,0.0024,0.0012,0.75,2.75,1.78,6.11,0.43,94830,15.6,12306,degrading
101.55,9.27,171.24,236.83,0.0027,0.002,1.01,2.75,2.92,5.19,0.59,57709,17.8,29045,degrading
1413.86,272.99,4698.61,7230.14,0.2245,0.1796,9.34,1.14,5.73,106.42,2.16,11705,358.4,2284,critical
53.09,6.05,79.31,98.04,0.0,0.0,0.2,4.34,-0.44,3.49,0.23,496979,0.1,33342,stable
60.0,18.61,118.83,153.19,0.002,0.001,0.31,2.88,2.74,7.63,0.6,86010,10.9,22505,degrading
36.55,7.92,55.98,61.38,0.0001,0.0,0.1,3.6,-0.19,2.3,0.19,355022,4.4,24138,stable
39.39,5.22,54.56,67.49,0.0,0.0,0.09,4.08,0.07,4.79,0.14,158951,0.0,42698,stable
60.0,6.44,87.69,98.1,0.0,0.0,0.06,4.11,0.23,4.86,0.22,476139,0.7,4487,stable
85.14,13.58,137.23,179.12,0.0031,0.0006,1.06,3.31,0.57,6.4,0.65,83573,14.7,17098,degrading
109.89,11.88,185.77,267.09,0.0034,0.0023,0.43,2.89,1.26,9.1,0.3,110971,5.7,11942,degrading
91.09,10.34,163.46,236.22,0.0013,0.001,0.72,2.65,0.66,9.37,0.31,138665,16.4,18742,degrading
39.1,5.78,60.55,74.82,0.0,0.0,0.2,4.22,0.31,4.8,-0.09,493008,0.4,40904,stable
59.4,5.27,82.13,111.9,0.0,0.0,0.07,3.84,0.32,4.72,-0.06,280023,1.7,43663,stable
115.6,16.41,180.51,272.77,0.0043,0.0012,0.85,2.86,2.59,9.84,0.68,128118,17.7,25568,degrading
693.23,122.74,2422.15,4025.68,0.2082,0.1585,6.96,0.89,5.55,75.5,1.16,18461,526.9,4649,critical
1012.14,224.63,3015.35,4307.13,0.2153,0.1723,8.29,0.48,14.06,121.79,2.0,16470,303.2,3480,critical
2000.0,260.07,6801.23,10275.18,0.2141,0.1713,5.96,0.62,13.55,142.69,2.23,15747,126.6,3337,critical
120.0,16.25,200.01,255.12,0.0022,0.0008,0.31,3.13,1.61,13.6,0.46,91114,11.8,25865,degrading
29.92,7.22,39.11,51.65,0.0,0.0,0.07,4.56,-0.46,1.21,0.14,356822,3.3,19222,stable
1018.15,209.98,2565.77,5718.49,0.2296,0.1586,7.14,0.67,18.3,146.77,2.85,23273,278.9,3809,critical
68.43,13.35,121.96,191.34,0.0047,0.001,0.77,3.28,2.34,8.68,0.52,50557,13.0,17916,degrading
24.2,3.5,31.94,45.41,0.0,0.0,0.08,4.74,-0.01,3.17,0.02,172723,0.4,35991,stable
38.24,3.22,51.08,74.27,0.0,0.0,0.05,3.59,-0.13,3.02,0.21,300420,3.9,6656,stable
139.14,62.14,310.85,592.47,0.079,0.0361,3.59,1.89,9.45,45.56,0.99,18402,30.4,14534,congested
45.48,6.39,61.69,88.39,0.0,0.0,0.15,4.74,-0.16,1.7,0.18,430391,0.5,12753,stable
33.41,7.36,48.74,62.4,0.0,0.0,0.01,4.13,0.4,4.93,0.15,164655,4.5,26296,stable
205.06,30.3,412.0,921.11,0.0643,0.0384,4.81,1.18,4.48,20.14,1.55,12030,104.6,4632,congested
80.15,10.71,155.13,179.24,0.002,0.0016,0.96,3.25,1.15,14.21,0.8,106129,9.7,11049,degrading
78.3,17.81,136.01,195.67,0.0024,0.0019,1.11,3.24,0.64,10.59,0.62,104088,17.5,9374,degrading
76.92,17.59,141.99,189.77,0.0017,0.0011,0.83,3.18,2.47,5.96,0.64,104686,6.5,20261,degrading
381.43,68.52,826.96,1548.18,0.0607,0.0478,4.09,1.25,9.84,44.12,0.91,72141,29.9,10374,congested
312.2,21.35,635.43,1344.15,0.0527,0.0421,4.79,0.83,3.99,18.41,0.69,27694,89.9,10110,congested
102.43,9.36,200.07,262.53,0.002,0.0016,1.01,3.34,0.89,11.84,0.78,75606,15.8,8138,degrading
30.67,2.07,42.1,57.39,0.0,0.0,0.19,4.05,0.35,4.03,0.14,245680,1.0,39031,stable
29.65,6.51,44.38,58.78,0.0,0.0,0.23,4.17,0.28,1.26,0.1,113445,0.3,45415,stable
93.98,8.44,163.31,199.14,0.0052,0.0018,0.6,2.93,2.43,13.98,0.31,79629,5.1,25768,degrading
111.0,15.99,177.28,268.53,0.0018,0.0011,1.15,2.81,2.66,11.39,0.68,53770,9.2,25488,degrading
22.18,6.9,34.56,42.99,0.0,0.0,0.05,4.32,0.48,4.75,-0.08,165925,0.7,36573,stable
42.1,3.83,63.29,79.35,0.0001,0.0,0.09,4.75,-0.17,4.18,-0.07,362097,3.4,25079,stable
819.51,214.39,2837.92,4774.02,0.2083,0.1667,9.58,0.58,5.3,33.9,2.14,25708,532.6,4506,critical
90.36,11.87,172.56,194.7,0.0024,0.0019,0.48,3.32,2.84,14.92,0.71,72169,11.2,3120,degrading
493.23,34.94,1445.26,2078.12,0.0718,0.038,4.11,2.26,6.2,39.91,0.63,64461,95.6,6218,congested
118.16,8.82,208.84,288.07,0.0038,0.003,0.55,3.1,1.45,7.33,0.75,103669,8.0,20291,degrading
46.73,7.74,70.97,82.59,0.0,0.0,0.17,4.03,-0.08,2.39,-0.04,127396,1.6,23475,stable
55.59,7.35,86.14,89.91,0.0,0.0,0.2,4.13,-0.46,3.88,0.01,119634,0.1,46636,stable
47.18,7.41,61.41,81.12,0.0,0.0,0.11,4.43,0.11,1.31,0.24,339225,4.3,43514,stable
103.6,18.91,155.86,243.22,0.0027,0.0022,0.68,3.32,2.14,11.81,0.34,82505,19.3,25484,degrading
259.59,72.92,581.51,804.1,0.0575,0.0311,2.88,2.11,9.52,36.21,1.26,15332,81.7,4966,congested
29.67,6.23,45.8,51.59,0.0,0.0,0.09,4.53,-0.07,3.51,0.23,236328,2.8,39101,stable
83.82,18.76,136.43,191.89,0.0015,0.0012,0.96,3.03,2.88,13.29,0.59,53790,9.3,9592,degrading
358.78,37.21,719.23,1362.19,0.0667,0.0497,3.13,2.01,3.08,36.44,1.57,67175,41.7,3131,congested
32.45,5.14,43.49,52.25,0.0,0.0,0.18,3.84,0.35,2.97,0.23,262405,4.9,38753,stable
69.71,11.24,108.68,146.71,0.0056,0.0022,0.58,2.84,2.52,12.75,0.35,55515,16.5,12591,degrading
120.0,14.22,215.12,316.67,0.0037,0.0012,0.88,3.47,0.6,12.22,0.39,52328,17.4,5299,degrading
66.39,18.19,115.63,175.09,0.0022,0.0008,0.47,3.09,1.56,12.63,0.32,77008,11.0,5413,degrading
500.0,79.91,1417.17,1550.1,0.0796,0.0371,4.04,2.07,5.08,22.85,1.51,72190,22.1,14807,congested
92.33,16.6,151.26,251.98,0.0028,0.0017,0.41,2.93,2.98,14.18,0.4,72388,8.8,20701,degrading
462.72,48.84,1175.96,1690.15,0.0555,0.0319,4.44,2.21,5.66,32.43,1.7,63389,56.3,4824,congested
59.46,4.15,89.01,100.85,0.0,0.0,0.13,4.37,0.02,4.04,0.01,241220,4.5,47376,stable
43.75,2.89,68.09,80.82,0.0,0.0,0.14,4.42,0.32,1.72,0.18,414970,2.2,16838,stable
956.89,153.57,3643.17,4853.58,0.2241,0.179,7.89,0.33,13.47,139.03,1.29,24601,488.2,1920,critical
487.34,76.92,1070.84,1929.84,0.0607,0.0333,4.23,0.57,4.05,42.66,1.95,46437,35.3,4886,congested
60.0,3.67,81.94,100.39,0.0,0.0,0.11,3.63,0.06,4.38,0.22,170049,3.4,11804,stable
86.37,16.34,167.95,233.4,0.0021,0.0017,0.77,3.24,1.0,10.49,0.4,147476,12.1,22789,degrading
73.41,10.52,127.52,154.71,0.0036,0.0029,1.02,3.22,1.68,13.24,0.45,130355,5.5,4471,degrading
109.53,16.3,193.74,239.98,0.0055,0.0023,0.58,2.56,2.87,11.09,0.22,133336,7.3,24171,degrading
114.87,11.03,213.92,301.97,0.0022,0.0018,0.74,2.81,2.21,10.24,0.78,109816,14.5,15846,degrading
44.35,5.11,57.82,84.82,0.0001,0.0,0.12,3.69,0.26,2.32,0.2,248678,4.9,9384,stable
37.35,3.15,52.8,65.63,0.0,0.0,0.02,3.59,-0.01,4.83,0.07,242592,5.0,27066,stable
351.9,40.87,828.76,1074.71,0.0648,0.0372,4.77,2.4,3.39,49.49,0.76,33196,103.7,10347,congested
57.28,6.61,90.26,99.46,0.0,0.0,0.27,3.58,-0.38,4.3,0.28,223068,0.0,16812,stable
39.34,3.49,54.78,76.24,0.0001,0.0,0.25,3.77,-0.28,2.26,0.22,249060,1.8,49942,stable
1148.8,214.31,2963.64,5047.32,0.2543,0.1768,9.32,0.9,9.16,43.69,1.9,20308,502.4,2534,critical
353.08,70.86,777.3,1273.18,0.0596,0.0334,2.0,1.87,5.58,23.3,1.54,39497,104.6,8279,congested
91.57,8.38,138.23,251.93,0.004,0.0006,0.9,3.03,1.31,13.73,0.44,87466,14.6,27649,degrading
47.78,4.87,62.36,83.76,0.0,0.0,0.29,4.89,0.18,1.4,-0.02,173563,2.6,11182,stable
49.03,6.6,77.41,79.86,0.0,0.0,0.06,4.74,-0.15,1.78,0.27,185673,5.0,6320,stable
120.0,8.77,187.3,288.59,0.0024,0.0019,0.97,3.25,0.61,11.11,0.68,109397,13.1,16170,degrading
24.22,2.12,38.5,40.2,0.0,0.0,0.02,3.65,-0.08,4.26,0.26,197924,2.9,38649,stable
340.62,46.04,745.37,1386.04,0.0572,0.0323,1.33,1.83,5.18,19.73,1.73,52429,74.7,12563,congested
42.41,4.63,55.71,83.47,0.0001,0.0,0.25,4.79,0.12,1.05,0.18,267199,2.8,32804,stable
44.59,2.98,67.8,84.32,0.0001,0.0,0.05,4.18,-0.25,2.04,0.25,306055,3.6,2749,stable
120.0,17.44,207.87,298.44,0.0016,0.0012,0.81,3.35,1.85,14.11,0.74,84824,18.1,17760,degrading
60.0,8.03,101.12,165.69,0.0011,0.0009,0.89,3.26,1.19,9.06,0.41,50456,13.6,20238,degrading
43.03,3.9,58.74,70.68,0.0,0.0,0.21,4.04,-0.41,4.37,0.04,187299,4.4,45204,stable
117.73,19.53,178.97,273.44,0.0018,0.0014,0.85,3.06,1.48,5.72,0.57,91978,11.4,7405,degrading
31.39,5.89,42.68,51.92,0.0001,0.0,0.24,3.73,0.41,2.34,0.08,471693,3.8,4640,stable
43.31,3.7,64.62,79.83,0.0,0.0,0.28,3.84,-0.11,3.43,0.2,460661,4.6,39055,stable
120.0,8.35,225.88,286.7,0.0025,0.002,0.48,3.3,1.99,5.32,0.68,145696,5.6,8933,degrading
80.78,10.11,131.4,172.29,0.0046,0.0023,0.47,2.77,0.73,13.37,0.47,140710,11.2,13557,degrading
306.5,72.15,667.06,1202.68,0.0508,0.0406,1.6,1.48,7.86,23.69,0.99,59008,41.2,7868,congested
342.24,75.0,720.4,1180.55,0.0579,0.0364,4.58,1.8,8.51,40.18,1.89,67185,54.1,12830,congested
41.43,6.49,55.77,70.0,0.0,0.0,0.11,4.87,0.16,2.44,0.04,301180,0.2,46405,stable
24.2,6.3,32.66,41.21,0.0001,0.0,0.24,4.76,0.17,3.57,0.28,253474,4.2,46153,stable
288.78,25.02,671.38,902.34,0.0545,0.034,1.85,2.15,7.89,32.74,0.77,47811,36.3,2840,congested
68.96,10.88,114.6,161.83,0.0036,0.0015,0.4,3.49,0.86,6.42,0.69,132834,5.6,5465,degrading
34.31,7.16,50.15,67.26,0.0001,0.0,0.09,4.66,-0.37,4.29,0.15,315633,1.1,39532,stable
245.18,52.53,576.34,998.23,0.0599,0.0335,2.5,0.84,6.93,21.69,1.68,18480,95.8,1573,congested
29.09,7.61,38.71,57.32,0.0,0.0,0.23,4.59,0.07,3.76,-0.08,276630,3.9,24236,stable
423.44,22.56,1027.97,1572.91,0.0674,0.0384,3.56,1.37,8.04,48.89,1.89,16779,53.2,4765,congested
21.65,5.48,30.72,41.57,0.0001,0.0,0.24,4.97,0.27,3.09,0.08,315859,2.3,25641,stable
30.47,6.42,39.78,53.16,0.0,0.0,0.09,3.82,0.06,2.64,0.27,452025,2.4,18603,stable
335.9,67.6,770.27,1020.95,0.0583,0.035,1.79,2.29,3.55,38.89,0.76,66422,77.1,8879,congested
410.56,41.48,846.39,1746.67,0.0517,0.0328,3.15,1.05,5.47,37.39,0.71,34616,92.6,8648,congested
39.79,4.31,54.03,66.0,0.0,0.0,0.16,4.97,0.31,4.61,-0.09,156134,0.4,13898,stable
40.23,4.68,57.19,66.71,0.0,0.0,0.0,4.18,0.37,2.35,0.19,363069,0.8,38970,stable
248.11,27.01,670.34,820.84,0.0575,0.0441,4.15,2.16,5.43,31.53,1.56,12619,86.4,1889,congested
81.11,17.84,135.18,214.91,0.003,0.0005,1.12,3.39,2.45,13.98,0.3,123136,16.3,5042,degrading
46.84,4.37,63.41,80.28,0.0,0.0,0.18,4.5,0.16,2.78,0.04,434369,3.8,16741,stable
66.3,10.57,110.74,174.42,0.0014,0.0011,0.85,3.07,2.27,11.99,0.25,78552,18.3,17906,degrading
717.96,58.29,1939.09,3435.3,0.2141,0.1713,8.87,0.28,17.59,114.02,1.45,26966,419.1,2344,critical
959.5,109.09,3122.51,4995.94,0.2131,0.1573,6.03,0.36,8.27,92.34,1.12,1447,147.6,1684,critical
120.0,19.72,193.03,246.4,0.0029,0.0023,0.49,2.66,0.75,10.8,0.77,62222,12.5,20768,degrading
321.66,51.43,806.26,1104.34,0.0524,0.0419,4.25,1.01,3.28,30.5,0.96,30030,92.5,2305,congested
81.35,13.74,153.18,175.4,0.0022,0.0017,0.85,3.46,2.14,5.78,0.37,101912,6.1,20458,degrading
40.67,6.1,63.24,68.58,0.0,0.0,0.11,3.92,0.17,4.11,0.25,162131,4.1,13485,stable
37.83,8.0,55.02,63.06,0.0001,0.0,0.09,3.64,-0.0,3.83,0.2,123811,1.7,15120,stable
52.86,6.62,78.17,91.7,0.0,0.0,0.27,3.75,-0.12,1.56,0.15,391548,4.7,14664,stable
28.96,2.58,40.31,54.15,0.0,0.0,0.27,4.1,0.31,2.12,-0.1,442095,0.6,1862,stable
43.54,3.71,62.25,78.81,0.0001,0.0,0.18,4.83,0.29,3.34,0.29,275594,4.2,41102,stable
105.24,19.48,194.05,279.46,0.0037,0.0029,0.77,3.4,2.18,10.97,0.39,136280,5.8,27042,degrading
86.21,15.63,146.88,194.8,0.003,0.0019,1.11,3.32,0.85,12.94,0.61,132802,17.7,10693,degrading
111.73,8.94,189.29,293.36,0.0029,0.0008,0.76,2.76,2.73,6.48,0.48,108279,17.4,4930,degrading
60.0,6.66,85.14,117.77,0.0001,0.0,0.28,4.97,-0.15,1.43,0.16,111933,2.4,14317,stable
52.3,5.15,81.96,83.75,0.0001,0.0,0.17,3.5,-0.13,1.56,0.18,291610,1.5,23923,stable
171.94,58.42,509.78,521.93,0.0808,0.0378,1.62,1.76,5.85,26.16,1.26,66331,61.3,10566,congested
49.01,2.29,67.9,90.64,0.0,0.0,0.29,4.16,-0.2,2.39,0.11,474680,3.7,29278,stable
23.69,6.29,37.6,44.45,0.0,0.0,0.08,4.71,0.45,2.86,0.18,394810,3.3,27808,stable
50.11,2.07,73.45,95.02,0.0,0.0,0.02,3.66,0.34,1.96,-0.02,301964,3.8,4035,stable
48.04,3.04,75.75,86.91,0.0,0.0,0.07,4.46,-0.04,3.22,-0.05,420846,3.9,2057,stable
72.93,8.16,141.13,191.24,0.0027,0.0011,0.96,3.09,1.11,6.19,0.48,90266,15.1,5517,degrading
35.92,4.42,56.99,62.74,0.0001,0.0,0.05,3.79,-0.37,3.06,0.21,392914,1.3,42725,stable
21.02,5.41,27.67,37.93,0.0,0.0,0.16,4.81,-0.38,2.98,0.08,103247,2.2,19082,stable
328.67,78.54,716.2,1110.3,0.0539,0.0331,2.93,2.26,6.13,37.05,1.66,42740,46.1,13419,congested
36.83,5.02,51.38,69.68,0.0,0.0,0.29,3.97,-0.4,3.11,-0.08,144217,1.1,23753,stable
120.0,15.29,237.9,322.1,0.0024,0.0019,0.66,3.1,2.23,5.19,0.55,101799,13.9,2734,degrading
64.02,17.75,110.18,158.19,0.0021,0.0014,0.86,3.13,1.89,14.38,0.76,84206,11.8,23875,degrading
492.81,70.01,996.53,1516.08,0.0529,0.0399,3.3,0.83,8.26,38.82,1.59,31160,101.4,13405,congested
80.57,8.15,138.08,183.04,0.0024,0.001,1.02,2.75,0.84,10.28,0.32,87416,16.7,6978,degrading
1193.96,81.43,4536.35,4919.05,0.2035,0.1589,8.65,0.25,6.39,102.43,2.92,13447,499.9,2356,critical
80.72,18.47,139.42,211.57,0.0032,0.0009,0.79,2.53,2.83,11.5,0.47,56180,14.5,1023,degrading
60.0,14.13,102.03,157.84,0.0017,0.0013,0.64,2.6,2.8,8.45,0.42,140904,18.8,8255,degrading
36.03,6.49,48.73,63.76,0.0001,0.0,0.01,4.48,-0.45,4.92,0.14,288158,2.1,29080,stable
55.31,3.12,87.17,105.92,0.0001,0.0,0.02,3.55,-0.08,1.76,0.2,367494,1.6,3243,stable
53.54,2.97,81.83,92.97,0.0,0.0,0.22,4.72,-0.26,1.92,-0.06,160117,0.0,29901,stable
48.05,4.7,68.01,91.77,0.0001,0.0,0.21,4.57,0.03,3.01,-0.03,271714,4.4,42881,stable
97.86,10.41,161.26,261.26,0.0014,0.0011,1.02,3.28,1.25,12.28,0.33,107623,15.5,21583,degrading
988.15,267.69,3118.22,4140.87,0.2681,0.169,5.75,0.41,10.19,117.29,1.87,15574,193.8,844,critical
45.82,3.56,69.67,83.42,0.0,0.0,0.11,4.96,-0.49,4.94,0.29,498460,2.4,48226,stable
62.27,17.59,94.54,134.82,0.0011,0.0007,0.58,3.08,2.82,8.08,0.8,58604,6.3,21532,degrading
35.07,4.81,50.0,58.61,0.0,0.0,0.24,3.55,0.48,2.82,0.04,217089,0.9,39787,stable
120.0,19.21,227.78,327.27,0.0031,0.0009,0.89,2.57,1.86,8.37,0.78,97527,18.9,1390,degrading
236.51,43.85,556.23,1050.06,0.0762,0.0351,3.73,1.45,7.87,30.92,1.48,64625,21.5,3362,congested
39.94,2.06,53.6,69.05,0.0,0.0,0.19,4.33,0.49,3.93,0.21,448985,1.1,5106,stable
98.4,14.11,194.43,223.67,0.0026,0.0011,0.38,3.03,0.78,9.34,0.25,108891,5.7,19038,degrading
263.71,20.98,791.09,903.23,0.0619,0.0355,2.44,0.55,6.22,47.74,0.88,27574,66.8,2312,congested
30.01,7.92,41.13,56.06,0.0,0.0,0.06,4.11,0.28,3.45,0.11,336772,0.5,24405,stable
232.15,66.81,635.08,871.7,0.0562,0.0364,1.61,1.36,5.99,41.57,0.68,76225,25.6,4762,congested
41.01,4.26,61.18,73.73,0.0,0.0,0.16,3.76,-0.19,2.29,-0.04,182073,3.9,9192,stable
79.55,13.25,124.43,217.92,0.0045,0.0028,0.36,2.75,2.44,12.75,0.33,68471,10.5,2356,degrading
962.46,117.56,3789.28,4030.39,0.2167,0.1527,9.17,0.86,10.19,86.46,2.18,18916,405.5,783,critical
1627.86,148.91,4284.35,7371.65,0.2503,0.1686,5.61,0.18,6.18,129.18,1.45,11226,346.5,3356,critical
49.35,4.03,69.58,81.05,0.0,0.0,0.24,4.67,0.22,2.07,0.24,157153,1.8,17977,stable
60.0,2.29,93.7,111.79,0.0,0.0,0.14,3.75,-0.46,1.76,0.17,132897,2.8,8174,stable
84.37,19.49,140.33,220.39,0.0026,0.002,0.46,3.06,2.48,5.38,0.46,54264,8.7,3217,degrading
308.15,59.05,652.57,1298.92,0.0599,0.0396,1.67,1.37,4.77,20.44,0.93,56530,68.3,2805,congested
20.0,4.01,28.37,36.24,0.0,0.0,0.12,4.52,-0.44,1.14,0.06,378865,1.0,32433,stable
41.47,4.17,58.27,77.75,0.0,0.0,0.04,3.88,-0.24,3.28,0.06,131948,3.1,5854,stable
1560.95,67.78,6025.33,6389.37,0.2186,0.1623,7.51,0.26,13.68,54.11,2.64,6424,292.1,2766,critical
35.97,6.24,55.57,69.95,0.0,0.0,0.11,4.02,0.49,2.34,0.0,241569,3.0,45638,stable
1689.45,159.38,4667.74,8580.15,0.2167,0.1707,4.61,0.14,6.39,53.35,0.81,10159,558.0,2780,critical
40.47,7.54,59.85,80.48,0.0,0.0,0.23,4.66,0.16,1.86,0.06,410451,4.8,4868,stable
362.13,24.07,1070.77,1090.52,0.0546,0.0327,4.8,0.66,5.44,21.21,1.99,48221,101.2,2536,congested
44.66,6.06,69.29,86.8,0.0,0.0,0.04,3.75,-0.5,3.87,0.19,305973,0.8,5094,stable
86.23,8.65,155.04,188.66,0.0033,0.0026,0.81,3.38,2.53,11.8,0.54,113145,8.2,18058,degrading
46.76,2.88,64.45,93.43,0.0,0.0,0.2,4.24,-0.11,2.2,0.28,303237,2.8,47513,stable
41.86,6.52,57.17,74.39,0.0,0.0,0.14,3.97,0.08,3.92,0.06,351687,3.5,35844,stable
46.19,3.36,62.35,80.06,0.0,0.0,0.06,3.56,-0.48,4.1,-0.05,287088,3.0,21989,stable
234.26,52.65,685.87,783.85,0.0535,0.0372,4.61,0.62,5.37,36.53,1.78,29576,20.8,2885,congested
31.26,3.16,43.98,52.14,0.0001,0.0,0.19,4.08,0.41,4.88,-0.03,189205,2.6,5471,stable
53.06,6.58,82.79,86.16,0.0,0.0,0.05,3.8,-0.28,1.06,0.19,259840,0.1,19130,stable
1174.69,72.26,3031.97,6419.94,0.26,0.1949,3.83,1.07,19.51,120.01,0.93,19277,129.3,4228,critical
27.48,4.73,42.86,45.52,0.0,0.0,0.22,4.9,-0.31,3.0,0.3,372631,4.4,2489,stable
32.37,3.54,45.06,59.53,0.0001,0.0,0.29,4.65,-0.29,2.54,0.12,345194,2.3,40696,stable
68.89,8.22,127.56,175.47,0.0012,0.001,0.37,2.97,2.29,12.74,0.63,141276,5.8,25732,degrading
78.01,13.48,118.72,159.99,0.0023,0.001,0.38,2.6,2.16,8.3,0.46,144997,8.0,2570,degrading
1338.38,120.93,4332.76,6209.31,0.2325,0.1766,3.13,1.07,13.81,119.29,1.8,21504,240.6,3304,critical
32.58,6.28,42.48,56.24,0.0,0.0,0.17,3.8,-0.21,3.77,0.27,171488,0.4,44195,stable
29.13,7.6,40.17,48.35,0.0001,0.0,0.23,3.89,-0.25,4.86,-0.1,451888,1.0,47416,stable
91.65,17.26,156.45,212.51,0.0019,0.0015,1.18,3.36,1.28,6.79,0.33,71689,6.1,27250,degrading
262.12,76.31,552.49,1091.76,0.0703,0.0393,2.63,1.93,3.77,20.69,1.31,48472,67.2,11051,congested
399.69,41.47,932.98,1572.42,0.0582,0.0375,4.34,1.46,3.67,48.51,0.94,43212,68.4,5624,congested
92.01,19.39,155.92,184.27,0.0027,0.0015,1.05,2.91,2.06,10.52,0.56,78203,15.2,21445,degrading
56.12,5.89,82.55,105.68,0.0,0.0,0.24,3.72,0.48,3.95,0.09,344548,0.5,28460,stable
1054.26,233.62,2988.14,5905.63,0.2025,0.162,5.41,0.56,10.64,113.76,2.81,23569,202.1,2705,critical
59.62,4.38,95.22,116.42,0.0001,0.0001,0.04,4.26,0.15,3.07,0.26,495825,0.6,7367,stable
44.08,6.94,60.99,79.74,0.0,0.0,0.09,3.86,0.07,4.34,-0.02,383761,0.3,46027,stable
72.2,11.93,110.26,198.42,0.0018,0.0015,0.71,3.05,1.58,13.06,0.65,81700,17.2,15798,degrading
1429.79,198.17,5142.43,6750.25,0.232,0.1769,8.95,0.8,7.95,80.77,2.15,14449,427.2,1414,critical
87.97,18.92,132.6,183.49,0.0019,0.001,0.95,2.69,2.85,5.01,0.2,112566,10.1,12244,degrading
393.94,35.58,1124.09,1657.6,0.0575,0.0309,1.82,2.11,9.5,17.79,1.96,29684,50.9,769,congested
44.05,4.42,67.21,79.84,0.0,0.0,0.13,4.07,0.42,2.0,0.24,293608,2.6,16114,stable
30.87,5.05,40.24,53.11,0.0,0.0,0.23,4.58,-0.41,1.09,0.14,445253,2.9,11448,stable
89.82,8.14,174.83,182.41,0.0034,0.0008,0.58,3.3,1.3,5.71,0.32,90841,18.6,12764,degrading
80.45,19.78,128.19,211.11,0.0013,0.0011,0.39,2.79,1.35,8.24,0.61,55482,16.0,16034,degrading
20.0,7.51,28.16,39.5,0.0,0.0,0.15,4.57,-0.45,4.04,0.13,433290,1.1,41830,stable
28.1,3.0,44.84,54.19,0.0001,0.0,0.22,3.76,-0.14,3.55,-0.07,244616,2.7,49815,stable
32.98,7.88,48.83,60.45,0.0001,0.0,0.18,4.91,-0.26,1.49,-0.02,454769,3.2,15009,stable
60.0,7.83,89.13,105.13,0.0001,0.0,0.03,4.15,0.04,2.4,-0.0,368823,1.9,31937,stable
357.86,61.0,873.21,1098.23,0.0687,0.0344,3.9,1.17,7.4,40.43,1.4,61535,79.0,14732,congested
120.0,17.01,214.57,297.79,0.0015,0.0012,1.11,2.8,0.76,6.01,0.53,80559,9.0,7060,degrading
28.54,6.31,45.21,53.21,0.0,0.0,0.08,3.81,-0.16,1.25,0.25,471719,3.2,38452,stable
74.33,19.83,114.5,150.74,0.0036,0.0024,0.89,3.13,1.4,6.49,0.61,131786,13.2,2000,degrading
1272.04,68.05,4411.42,6026.83,0.2153,0.1625,4.18,1.09,17.12,49.81,1.88,28791,281.7,2245,critical
54.65,7.39,78.38,88.5,0.0,0.0,0.19,4.91,-0.39,1.4,0.24,302558,3.8,11555,stable
207.44,68.62,448.52,829.18,0.0681,0.0323,1.63,1.91,9.94,38.65,1.56,64789,108.9,4089,congested
96.65,18.66,179.6,218.56,0.003,0.0013,0.79,3.13,2.91,5.92,0.26,89360,12.1,6396,degrading
39.06,2.54,61.68,72.28,0.0,0.0,0.18,3.58,0.11,3.22,0.16,458190,4.3,49052,stable
39.64,3.93,51.55,64.43,0.0,0.0,0.17,3.64,0.15,2.7,0.22,467565,3.0,36849,stable
270.33,60.28,622.73,855.32,0.0588,0.0337,3.42,0.82,9.89,23.09,1.79,76958,48.1,10984,congested
25.36,4.88,39.57,43.13,0.0,0.0,0.2,3.78,-0.19,2.95,0.14,470583,1.9,35450,stable
95.54,8.92,145.63,214.48,0.0018,0.0009,0.95,3.04,2.89,14.48,0.74,70222,8.1,27079,degrading
46.67,7.41,63.81,75.26,0.0001,0.0,0.12,4.48,0.33,4.17,0.19,243638,0.6,11624,stable
26.98,3.62,39.52,47.06,0.0,0.0,0.24,3.92,0.37,4.59,0.16,409143,3.1,26737,stable
83.58,17.49,143.89,200.14,0.0017,0.0008,0.99,2.81,1.28,14.45,0.45,128957,14.6,9827,degrading
86.11,18.2,139.43,204.38,0.0036,0.0015,0.32,2.93,1.17,11.33,0.63,100374,14.3,17042,degrading
49.5,3.08,78.14,82.18,0.0,0.0,0.03,4.96,-0.5,3.63,0.24,473583,0.7,35212,stable
101.21,17.73,188.97,258.14,0.0022,0.0018,1.01,2.84,1.5,8.77,0.33,143879,17.1,7890,degrading
429.92,71.75,1280.25,1496.05,0.058,0.0388,3.96,1.13,5.32,41.14,1.34,23008,88.7,3944,congested
375.99,77.59,834.75,1298.73,0.0619,0.032,1.48,2.45,5.96,35.04,1.25,61657,84.6,5205,congested
78.64,15.98,136.05,193.09,0.0025,0.0013,1.01,3.25,1.97,10.0,0.76,106927,12.2,26139,degrading
39.28,2.41,57.54,69.41,0.0001,0.0,0.14,4.79,-0.2,1.77,-0.05,219143,3.9,24109,stable
57.41,2.7,87.95,100.31,0.0,0.0,0.08,4.27,-0.16,2.82,-0.03,230691,0.4,44595,stable
33.65,3.15,44.55,62.88,0.0001,0.0,0.19,3.65,0.05,3.34,-0.01,256677,4.1,8272,stable
429.22,38.27,1124.4,1402.29,0.0636,0.0367,3.62,2.19,5.16,35.23,0.58,26418,33.9,9698,congested
71.76,9.55,117.58,187.28,0.0025,0.0019,1.02,3.43,1.83,9.96,0.33,95118,18.9,12090,degrading
1523.46,288.26,5469.1,6304.83,0.2479,0.1586,7.56,1.04,14.2,120.22,2.76,14437,145.3,605,critical
463.16,48.54,1270.11,1999.49,0.0542,0.0403,1.85,1.41,6.37,29.61,1.8,62481,101.0,14870,congested
107.39,14.99,190.9,285.8,0.0025,0.002,1.1,2.95,1.83,7.76,0.78,111121,5.0,8402,degrading
376.89,44.47,1113.22,1190.82,0.0578,0.0401,3.12,1.96,4.06,33.47,0.61,37847,39.1,4704,congested
41.14,2.4,54.14,75.47,0.0,0.0,0.13,4.87,-0.4,2.12,0.12,379314,3.2,47140,stable
77.36,15.4,118.43,203.41,0.0018,0.0009,0.41,3.06,1.39,8.46,0.26,147885,15.9,8769,degrading
111.96,8.85,206.52,274.37,0.0028,0.0015,1.13,2.77,0.67,14.96,0.49,147830,13.1,26647,degrading
42.78,5.09,61.57,75.25,0.0,0.0,0.01,4.08,-0.16,4.27,0.29,284352,4.1,35285,stable
48.16,6.6,67.85,91.21,0.0,0.0,0.13,4.35,0.38,4.71,0.11,401521,2.2,37558,stable
1297.35,188.58,4581.91,7552.62,0.2541,0.1554,6.98,0.95,19.88,143.02,2.14,29927,450.5,3505,critical
68.02,14.58,121.98,160.4,0.0013,0.0008,0.57,2.96,2.87,5.2,0.69,101172,14.3,20693,degrading
296.92,60.86,734.78,925.79,0.0713,0.0341,2.95,1.52,9.78,46.01,1.02,76458,30.3,490,congested
20.52,4.63,26.78,34.08,0.0,0.0,0.28,3.84,0.11,1.11,0.27,309194,0.2,17782,stable
348.16,79.09,774.99,1375.78,0.0553,0.0326,1.57,2.32,4.25,30.34,0.66,57938,52.7,1197,congested
42.7,7.11,57.24,84.0,0.0,0.0,0.11,4.29,-0.34,3.94,0.12,275962,4.7,44641,stable
56.23,5.95,79.27,99.37,0.0,0.0,0.16,4.39,-0.35,2.65,-0.09,159850,2.6,29105,stable
1142.75,251.25,3805.39,6288.99,0.2291,0.1833,6.57,0.65,15.63,41.06,2.2,11872,133.0,4563,critical
24.17,5.37,35.02,42.63,0.0,0.0,0.26,3.94,0.25,3.39,-0.07,265661,4.2,16452,stable
289.41,47.56,688.1,1168.31,0.0725,0.0348,2.94,1.33,3.92,46.54,1.6,39183,29.7,12706,congested
41.38,3.06,55.19,71.94,0.0001,0.0,0.23,4.02,0.03,1.59,-0.09,492547,1.5,14666,stable
68.91,14.21,117.13,141.91,0.0012,0.0009,1.0,3.02,2.94,10.27,0.39,94636,12.3,8862,degrading
60.0,6.48,80.4,100.81,0.0001,0.0,0.09,4.21,-0.31,3.09,0.24,221615,4.1,45654,stable
215.43,50.12,617.98,900.18,0.0577,0.032,3.83,0.72,4.42,47.44,1.26,41744,25.8,1352,congested
29.11,5.8,44.93,47.1,0.0,0.0,0.22,4.0,-0.21,3.16,-0.09,131915,2.1,47202,stable
56.34,6.74,80.84,92.46,0.0,0.0,0.15,3.97,0.39,2.69,0.24,413199,4.1,49500,stable
500.0,34.76,1449.3,1940.36,0.0605,0.0366,4.75,0.75,7.67,37.23,1.55,40334,58.2,14667,congested
42.19,3.98,67.32,68.29,0.0,0.0,0.23,4.92,0.4,1.98,0.03,299844,0.8,47743,stable
47.66,5.34,64.91,88.14,0.0,0.0,0.05,3.92,-0.17,3.6,0.2,399810,2.5,40730,stable
779.19,231.22,3098.22,4069.31,0.2526,0.1531,5.78,0.39,12.88,49.62,1.39,25668,550.9,1972,critical
32.5,6.76,44.07,52.86,0.0,0.0,0.27,4.19,0.11,1.75,0.22,486931,1.3,25246,stable
62.72,10.13,95.43,126.14,0.0028,0.0013,0.81,2.5,0.54,6.42,0.33,102784,15.3,9700,degrading
33.95,5.9,51.82,61.85,0.0,0.0,0.07,4.22,0.07,3.42,0.27,364597,3.9,29512,stable
48.38,4.62,68.5,81.11,0.0001,0.0,0.25,3.64,-0.15,4.81,0.18,401975,3.8,3967,stable
46.18,2.71,63.43,74.37,0.0,0.0,0.27,3.59,-0.25,1.2,0.15,384197,1.5,42838,stable
54.76,4.09,84.1,92.52,0.0,0.0,0.21,4.48,0.26,1.71,0.13,476457,3.1,30955,stable
1205.86,217.74,4531.65,4840.15,0.2091,0.1658,5.29,0.66,17.98,54.63,1.95,26397,120.8,3609,critical
100.69,10.15,177.27,257.5,0.0027,0.0021,0.45,3.41,1.57,13.66,0.3,126699,6.7,1018,degrading
74.5,12.82,131.57,202.22,0.0026,0.0021,0.49,2.79,2.58,11.88,0.64,56853,15.9,14996,degrading
943.24,254.58,2725.59,4550.87,0.2046,0.1637,6.83,0.09,14.73,55.91,2.03,26966,163.8,1358,critical
37.11,5.12,55.64,61.83,0.0,0.0,0.04,4.87,-0.28,3.65,0.18,358130,2.8,24820,stable
83.23,18.01,150.2,227.53,0.0023,0.0011,1.18,3.29,1.83,13.59,0.54,94165,18.1,1301,degrading
383.14,44.41,1135.54,1262.66,0.0694,0.0338,4.06,1.33,6.45,34.62,1.98,66376,24.0,11775,congested
222.36,25.37,481.56,716.9,0.0556,0.0348,2.88,0.7,8.57,40.78,0.69,76357,79.1,11992,congested
60.0,10.76,116.79,135.67,0.0019,0.0011,0.84,3.14,2.88,6.35,0.28,96205,18.8,1139,degrading
1685.38,60.64,6135.08,7322.17,0.2225,0.178,4.26,0.57,12.95,79.96,2.14,2550,164.4,28,critical
42.62,2.41,60.13,76.1,0.0,0.0,0.24,4.66,0.05,1.27,0.21,333485,3.9,37835,stable
285.83,65.65,638.04,869.39,0.0624,0.0417,4.03,1.25,5.28,47.24,1.83,52286,55.8,11905,congested
60.0,15.06,112.28,155.01,0.0045,0.0021,0.65,2.93,0.76,9.04,0.66,134689,18.3,929,degrading
65.9,15.13,124.42,133.18,0.0042,0.0031,0.6,3.02,0.79,8.68,0.25,95309,11.6,10226,degrading
79.65,8.44,119.83,164.88,0.0023,0.0011,1.07,3.25,0.55,6.66,0.48,115868,15.7,24579,degrading
40.5,3.35,53.62,76.63,0.0,0.0,0.24,4.28,-0.27,3.5,0.28,132837,0.5,42348,stable
87.85,14.29,152.15,241.79,0.0052,0.0014,0.6,2.9,1.18,8.45,0.61,142237,13.7,795,degrading
120.0,18.85,213.59,254.71,0.0028,0.0022,0.42,2.7,1.49,6.89,0.74,75765,18.8,29555,degrading
225.58,36.53,578.38,854.16,0.0711,0.036,2.98,0.59,6.7,36.19,1.2,70629,75.7,11818,congested
27.45,7.36,42.65,44.17,0.0,0.0,0.03,4.95,-0.33,3.53,-0.07,375325,0.5,12245,stable
39.79,6.84,58.1,65.35,0.0,0.0,0.18,3.79,-0.28,1.19,-0.0,238177,4.2,18953,stable
54.78,6.58,81.61,105.55,0.0,0.0,0.23,4.72,0.5,2.65,-0.09,193891,2.9,48135,stable
37.71,4.81,52.06,61.86,0.0,0.0,0.1,3.95,-0.27,1.52,0.0,242127,3.4,4065,stable
120.0,15.02,196.48,314.34,0.0012,0.001,0.44,2.73,1.33,5.89,0.47,98592,6.7,13099,degrading
330.3,75.02,722.76,1347.44,0.0564,0.0398,4.31,0.7,5.32,26.08,0.69,78305,78.4,8887,congested
1585.07,82.33,5235.37,6914.32,0.2166,0.1708,3.75,0.64,10.43,140.1,1.24,21985,160.3,4359,critical
120.0,19.0,205.95,296.98,0.0012,0.0008,0.3,3.01,0.51,10.93,0.22,144006,12.2,20678,degrading
91.79,12.01,182.67,215.35,0.0036,0.0029,0.62,3.23,1.88,11.68,0.29,128697,9.8,18785,degrading
48.7,4.46,75.54,78.49,0.0,0.0,0.0,4.22,0.15,1.06,0.15,361012,0.8,22122,stable
196.91,44.89,510.47,867.3,0.0572,0.0391,3.34,2.24,4.78,38.04,1.91,25111,50.7,6170,congested
39.77,3.11,57.26,76.93,0.0,0.0,0.03,3.88,-0.32,1.69,0.15,325441,0.9,49518,stable
30.65,3.52,41.66,59.76,0.0,0.0,0.04,4.33,0.13,4.44,0.09,358278,0.3,44831,stable
120.0,18.61,233.25,283.43,0.0019,0.0015,0.39,3.19,1.72,10.09,0.71,127232,13.0,10975,degrading
38.65,3.63,60.16,67.19,0.0,0.0,0.21,4.7,-0.1,2.35,-0.01,292259,2.8,31956,stable
79.69,12.45,132.31,209.22,0.0075,0.0016,0.64,2.56,0.64,13.59,0.61,126418,18.9,22641,degrading
120.0,13.19,231.68,291.5,0.0014,0.0012,0.66,2.57,0.85,14.61,0.57,50630,17.1,3067,degrading
35.94,7.43,53.62,60.77,0.0,0.0,0.16,4.87,-0.17,1.63,0.18,315741,4.3,4976,stable
106.79,17.06,197.48,292.65,0.0021,0.0017,0.76,2.67,0.68,14.65,0.77,82527,16.8,26240,degrading
28.59,6.28,37.25,48.91,0.0,0.0,0.23,3.94,-0.38,2.03,0.05,120881,2.4,37260,stable
237.31,67.69,694.99,783.72,0.0551,0.0441,1.21,2.28,9.09,34.04,0.87,78055,101.1,352,congested
108.28,15.95,181.22,284.52,0.0022,0.0018,0.89,3.07,2.61,9.41,0.68,128663,8.0,13886,degrading
27.55,3.07,38.26,54.84,0.0,0.0,0.12,4.41,-0.06,4.74,0.11,377490,4.5,8196,stable
44.93,4.64,71.14,87.36,0.0,0.0,0.09,4.85,0.47,2.64,-0.07,365334,1.9,49312,stable
24.64,3.4,34.48,47.99,0.0001,0.0,0.13,3.53,-0.04,3.9,0.28,131445,1.4,25212,stable
47.95,7.36,65.12,79.22,0.0,0.0,0.15,3.76,-0.22,1.64,-0.02,489190,0.8,14194,stable
31.0,6.12,48.88,58.69,0.0,0.0,0.11,4.88,-0.08,4.42,0.11,224541,2.2,21794,stable
462.33,29.24,1191.28,1769.63,0.0573,0.0393,2.91,1.99,9.81,22.48,1.77,19935,21.7,12720,congested
807.7,191.52,2856.01,4012.03,0.2014,0.1611,8.65,0.54,10.85,54.82,0.87,15649,586.3,3763,critical
60.0,2.27,95.03,116.21,0.0,0.0,0.3,4.53,0.45,1.57,0.05,321892,0.4,1205,stable
33.51,4.78,50.78,55.88,0.0,0.0,0.08,3.92,0.3,3.87,0.13,351257,0.5,42952,stable
46.84,5.2,64.22,88.87,0.0001,0.0,0.27,3.65,0.16,4.16,0.04,481655,4.3,15436,stable
60.0,2.92,86.5,98.26,0.0001,0.0,0.16,4.05,0.18,3.36,0.15,237204,2.1,28346,stable
36.42,7.0,56.35,62.28,0.0,0.0,0.22,4.83,-0.28,4.96,-0.04,340275,3.3,21528,stable
39.4,6.92,61.31,65.75,0.0,0.0,0.17,3.51,-0.07,2.63,-0.05,370456,3.5,36323,stable
31.55,3.94,42.62,62.37,0.0,0.0,0.3,4.75,0.09,3.65,0.16,123358,1.1,48112,stable
83.82,12.91,166.08,196.07,0.0049,0.0039,0.85,3.47,2.0,9.49,0.21,81058,10.4,14569,degrading
21.23,3.77,30.19,38.5,0.0001,0.0,0.26,4.0,-0.25,3.17,-0.07,312642,1.5,19772,stable
1343.94,67.22,5238.81,5691.71,0.2217,0.1742,7.69,0.43,7.23,146.98,2.09,25352,195.1,1972,critical
1270.5,111.13,4771.69,5141.01,0.2084,0.1667,3.7,0.23,17.43,97.86,1.15,23865,376.7,845,critical
89.28,19.96,149.96,215.36,0.0032,0.0017,1.1,2.88,1.74,7.91,0.29,140211,5.6,12296,degrading
1471.71,148.69,4609.29,6441.93,0.2219,0.1568,7.92,0.66,14.79,120.24,1.22,10928,528.3,4182,critical
23.85,3.86,31.89,47.06,0.0001,0.0,0.21,4.32,-0.47,3.59,0.15,157634,1.7,29709,stable
54.45,6.55,83.37,104.35,0.0001,0.0,0.21,3.97,0.24,3.2,0.12,247041,0.6,11629,stable
337.76,72.25,912.94,1019.7,0.0586,0.0327,4.76,1.1,7.92,42.59,1.22,74476,22.3,13517,congested
42.46,3.69,60.61,68.57,0.0,0.0,0.09,3.96,-0.27,1.01,0.19,486738,1.1,33489,stable
38.09,3.47,56.95,69.38,0.0,0.0,0.3,4.47,0.07,3.06,-0.09,475855,3.2,5489,stable
46.48,3.8,61.23,81.27,0.0,0.0,0.07,3.51,0.47,3.37,0.19,360553,0.7,30152,stable
120.0,15.18,182.58,276.89,0.0018,0.0014,1.09,2.52,2.49,11.11,0.52,112846,18.2,16586,degrading
77.21,13.94,137.82,161.44,0.0029,0.0019,0.5,3.17,1.81,10.99,0.21,89097,9.7,25981,degrading
261.9,21.99,564.44,967.5,0.0577,0.0335,1.37,1.02,9.6,15.44,1.4,22524,26.6,3891,congested
22.22,2.89,29.99,37.31,0.0001,0.0,0.25,3.74,-0.17,2.96,0.14,323853,0.5,21662,stable
82.75,10.78,150.01,172.18,0.0011,0.0009,0.68,3.06,1.3,5.86,0.46,104779,19.7,10744,degrading
109.13,14.95,175.19,301.49,0.0018,0.0014,0.82,2.63,1.37,10.73,0.35,100400,13.4,28313,degrading
367.49,71.59,1095.6,1519.86,0.06,0.0317,2.58,1.2,3.0,26.11,1.67,12002,40.3,10981,congested
40.88,5.63,55.57,73.49,0.0001,0.0,0.05,4.29,-0.21,3.52,-0.05,361976,1.4,1011,stable
27.37,4.08,39.6,54.47,0.0,0.0,0.12,3.66,-0.33,4.25,0.0,205741,4.6,33224,stable
71.6,15.21,130.98,184.04,0.0106,0.0013,0.51,2.56,2.37,7.83,0.53,102406,17.3,19517,degrading
99.81,8.29,160.84,233.46,0.0033,0.0011,0.8,3.32,1.48,7.24,0.73,133294,14.3,3250,degrading
20.7,7.22,29.51,38.53,0.0001,0.0,0.28,4.69,-0.44,5.0,0.18,164106,1.2,34929,stable
29.73,6.14,47.21,55.19,0.0,0.0,0.23,4.89,0.49,3.33,-0.06,283651,3.9,2358,stable
87.29,19.22,166.07,211.4,0.0045,0.0023,0.77,2.71,2.04,12.25,0.21,86641,17.5,19150,degrading
42.63,4.84,67.47,73.21,0.0,0.0,0.23,3.65,0.17,4.56,-0.03,444881,0.3,33677,stable
94.45,19.06,186.08,253.17,0.002,0.0016,0.59,3.01,2.0,5.52,0.47,109833,6.9,13740,degrading
38.55,5.97,55.49,71.4,0.0,0.0,0.22,4.25,0.39,4.68,-0.08,428256,0.2,18991,stable
110.25,10.03,191.92,264.5,0.0012,0.001,0.45,3.15,2.01,7.82,0.43,78511,13.1,24207,degrading
91.85,19.96,148.23,255.86,0.0025,0.002,1.1,3.45,2.03,6.17,0.76,130500,5.4,17585,degrading
80.65,15.59,154.69,204.88,0.007,0.0015,1.14,2.89,0.72,5.33,0.2,143810,19.9,2015,degrading
97.32,16.21,148.92,247.69,0.0014,0.0011,0.85,2.96,2.15,13.55,0.28,57063,15.0,23233,degrading
120.0,10.88,185.18,279.19,0.0037,0.0029,1.17,3.39,0.95,8.59,0.65,147765,15.7,7940,degrading
28.53,3.06,39.12,48.33,0.0,0.0,0.1,4.47,0.02,1.97,0.21,152592,1.1,34126,stable
49.02,4.84,66.87,93.25,0.0,0.0,0.14,4.57,0.1,4.88,0.13,286389,2.7,40618,stable
36.7,7.26,49.04,67.78,0.0001,0.0,0.16,4.89,0.23,2.06,0.27,366977,2.1,34331,stable
32.87,4.06,51.36,63.26,0.0,0.0,0.28,3.82,-0.07,1.39,-0.05,213583,4.8,33692,stable
244.03,24.71,705.16,1015.91,0.0537,0.0321,3.18,2.47,9.67,22.24,2.0,79061,99.9,5924,congested
1641.22,197.16,4764.64,7739.15,0.2298,0.1839,7.04,0.09,13.48,144.49,2.64,5188,585.9,1091,critical
33.82,2.31,52.69,60.31,0.0,0.0,0.3,4.66,-0.29,3.01,-0.01,263824,3.9,38790,stable
1010.96,182.4,3139.38,5292.94,0.2768,0.1775,7.06,0.78,14.91,59.94,2.24,14395,192.3,4424,critical
418.58,24.99,1153.02,1671.86,0.0607,0.0307,3.32,1.62,6.58,31.01,0.75,26859,32.4,10880,congested
1523.07,279.92,5287.86,7255.91,0.2064,0.1651,6.1,0.92,6.0,139.9,1.85,15849,221.7,3238,critical
1682.79,252.22,4380.33,9873.05,0.2512,0.1817,3.8,0.77,12.94,35.55,1.94,25627,540.9,3487,critical
41.89,5.21,59.21,79.79,0.0,0.0,0.11,4.03,0.33,1.04,0.22,328579,4.9,29882,stable
20.01,4.02,29.45,36.49,0.0001,0.0,0.16,4.94,0.14,1.61,0.09,123128,3.7,25589,stable
1374.68,154.23,4197.62,8053.74,0.228,0.1824,9.73,0.34,19.75,44.46,2.82,6602,448.5,3918,critical
319.02,24.79,844.74,1432.76,0.0573,0.0343,2.15,1.23,3.35,43.76,0.88,13660,27.3,14545,congested
42.47,3.62,65.56,73.87,0.0001,0.0,0.1,4.27,0.23,1.84,0.0,243224,3.3,41057,stable
81.86,10.28,155.6,193.69,0.0042,0.0034,0.53,2.74,1.39,6.11,0.6,144125,14.6,16234,degrading
44.15,5.94,59.94,75.97,0.0,0.0,0.02,4.11,-0.45,3.2,0.02,313440,0.7,46698,stable
56.1,2.18,87.2,97.08,0.0,0.0,0.13,4.77,0.21,2.13,0.14,272077,0.0,40573,stable
35.91,2.84,52.2,62.06,0.0,0.0,0.12,3.72,-0.27,3.47,-0.07,285889,3.0,21671,stable
111.7,18.35,197.94,307.5,0.0029,0.002,0.43,2.89,1.64,12.42,0.32,131511,12.5,27164,degrading
41.05,5.68,62.3,65.86,0.0,0.0,0.23,3.73,-0.33,4.32,0.14,341886,2.4,28880,stable
1151.76,135.11,3403.99,6443.88,0.2111,0.1593,4.53,0.63,15.97,41.87,2.36,16853,394.6,4639,critical
37.55,4.62,52.06,64.87,0.0,0.0,0.13,4.06,0.32,4.46,-0.04,317064,3.4,5096,stable
25.94,2.12,40.57,51.52,0.0,0.0,0.19,3.96,-0.13,4.08,0.22,260142,4.7,20916,stable
172.33,23.09,362.95,738.93,0.0659,0.0384,2.52,1.56,7.73,43.35,1.46,12100,78.6,1410,congested
31.16,5.7,42.13,55.01,0.0,0.0,0.14,4.82,0.4,1.95,-0.02,298494,4.5,16795,stable
29.83,4.21,47.11,57.83,0.0,0.0,0.25,4.89,0.23,4.04,0.03,286814,4.4,39510,stable
149.26,21.9,393.94,550.62,0.0516,0.0351,2.86,1.6,7.28,22.69,1.59,11892,95.0,4316,congested
355.45,64.82,981.15,1551.25,0.0531,0.0392,3.44,2.49,6.61,21.26,1.99,32646,28.7,10781,congested
120.0,10.07,229.67,330.11,0.0033,0.0017,0.77,3.44,1.83,13.59,0.8,72974,9.0,15895,degrading
60.0,11.72,102.87,132.61,0.0016,0.0013,0.34,2.95,0.96,14.88,0.8,55089,15.0,24485,degrading
671.5,103.69,2646.04,3282.03,0.2097,0.1628,7.13,0.94,15.78,143.99,2.32,4631,169.1,3517,critical
37.73,7.08,59.16,61.31,0.0001,0.0,0.21,3.7,-0.2,2.43,0.22,211503,1.1,47914,stable
23.18,2.24,32.03,37.15,0.0001,0.0,0.12,4.67,-0.23,4.96,-0.09,341411,3.3,34714,stable
52.11,5.74,83.02,85.46,0.0,0.0,0.01,3.54,0.39,3.89,-0.06,121836,4.0,40683,stable
66.7,17.66,101.35,148.57,0.0021,0.0006,0.41,3.42,0.62,13.98,0.61,90470,7.8,9659,degrading
81.84,13.56,147.84,222.97,0.0036,0.0029,0.63,2.95,0.54,13.8,0.51,125102,7.6,16920,degrading
33.14,5.7,49.04,60.8,0.0,0.0,0.13,3.69,0.37,1.33,-0.02,210790,5.0,21426,stable
1621.23,297.53,5578.51,7039.67,0.2027,0.1621,6.97,0.18,16.43,73.35,2.58,20786,534.3,937,critical
33.32,2.11,43.37,56.03,0.0001,0.0,0.09,4.65,0.43,4.66,-0.05,301263,0.5,48087,stable
34.13,5.04,52.98,64.62,0.0,0.0,0.23,3.74,-0.04,1.04,-0.0,390584,5.0,5859,stable
27.98,3.09,44.28,53.21,0.0001,0.0,0.06,4.45,0.48,2.24,0.08,369600,2.7,42327,stable
87.32,16.1,132.43,184.27,0.0049,0.0009,1.07,3.04,1.54,8.71,0.2,53978,7.0,27921,degrading
80.66,16.94,126.62,198.2,0.0015,0.0006,0.49,3.39,1.86,9.48,0.74,141033,9.1,11071,degrading
112.64,9.2,170.09,311.03,0.0041,0.0033,0.77,3.23,1.59,14.84,0.54,125353,6.4,14151,degrading
83.39,18.88,157.84,172.8,0.0027,0.0019,1.1,3.01,2.02,9.13,0.28,136779,13.2,13049,degrading
60.0,6.44,85.67,104.01,0.0,0.0,0.16,4.96,0.47,1.86,0.22,178897,1.1,34128,stable
368.28,59.11,857.5,1259.85,0.0553,0.0376,1.38,2.31,8.51,39.46,0.63,72953,50.5,3251,congested
35.77,6.71,56.98,60.67,0.0001,0.0,0.1,4.74,0.27,2.13,-0.09,147265,4.4,41991,stable
31.46,4.33,48.49,61.69,0.0,0.0,0.24,4.15,0.5,3.24,0.03,188044,1.8,19254,stable
1674.43,103.32,5471.83,9575.69,0.2212,0.1529,9.41,0.85,11.31,134.03,0.89,1293,195.2,646,critical
298.63,55.21,867.15,1246.98,0.0542,0.0333,4.04,2.05,5.57,42.93,0.93,78998,59.8,10065,congested
44.09,5.38,58.91,79.93,0.0,0.0,0.01,4.44,0.13,4.95,0.06,232762,3.1,41454,stable
46.38,4.26,73.12,74.88,0.0,0.0,0.24,4.6,0.43,2.79,-0.03,119124,1.2,8016,stable
338.85,64.57,978.83,1379.05,0.0565,0.0441,2.95,1.71,8.62,49.19,0.62,54915,33.5,4568,congested
72.62,9.87,141.28,155.79,0.0051,0.0025,1.19,3.1,1.5,7.4,0.35,65092,15.9,19800,degrading
100.64,17.41,198.83,201.33,0.0022,0.0017,0.34,2.8,1.31,13.55,0.67,115642,17.1,13876,degrading
304.41,45.92,868.86,964.66,0.0514,0.0351,3.76,0.78,4.32,31.14,1.97,76651,110.2,611,congested
38.15,4.85,54.41,65.31,0.0,0.0,0.21,4.34,0.1,3.3,-0.07,368106,2.3,22484,stable
42.88,7.66,67.44,76.9,0.0001,0.0,0.07,4.16,0.46,3.5,0.28,388976,3.6,30001,stable
46.78,7.83,63.83,78.35,0.0,0.0,0.29,4.54,0.22,3.25,0.29,375546,4.5,35269,stable
120.0,8.21,215.94,299.01,0.0018,0.001,0.95,2.55,2.97,11.41,0.29,121749,16.8,23763,degrading
120.0,12.97,182.18,320.11,0.0027,0.0019,0.43,3.37,0.53,13.73,0.76,57298,15.8,16692,degrading
36.87,4.38,50.14,65.26,0.0001,0.0,0.13,3.74,0.45,4.07,0.01,336321,3.6,47122,stable
20.91,5.89,32.88,36.94,0.0001,0.0,0.18,4.82,0.46,3.33,-0.08,487694,3.5,17462,stable
48.81,7.07,64.52,84.89,0.0,0.0,0.06,4.11,-0.3,4.85,-0.04,465321,2.1,19515,stable
108.08,15.5,195.27,264.12,0.0033,0.0013,1.09,2.7,1.37,6.26,0.26,59514,10.1,15948,degrading
352.65,43.55,1012.12,1283.86,0.0531,0.0401,1.37,1.64,9.31,45.35,0.87,19807,99.1,8238,congested
60.0,15.18,95.9,122.67,0.0023,0.0018,0.56,3.16,1.93,12.66,0.64,120854,18.2,23113,degrading
36.51,3.58,53.35,59.31,0.0,0.0,0.21,4.69,-0.28,3.32,0.02,199798,1.0,29686,stable
52.72,3.36,69.11,86.38,0.0,0.0,0.09,4.66,-0.49,4.7,0.25,317933,1.4,2609,stable
120.0,17.45,196.88,274.22,0.0018,0.0014,1.07,2.83,0.97,5.46,0.79,85922,8.3,15007,degrading
25.16,5.1,36.54,47.85,0.0,0.0,0.01,4.74,0.27,3.68,0.2,491770,2.2,4293,stable
44.05,5.68,63.38,74.99,0.0001,0.0,0.21,3.53,0.17,1.41,-0.07,389849,3.2,44851,stable
166.76,37.51,353.52,660.29,0.0555,0.0331,4.83,2.39,7.17,25.31,1.03,24423,29.8,2615,congested
89.61,10.32,144.61,224.69,0.0016,0.0013,0.44,2.58,1.1,6.46,0.68,73997,12.7,22807,degrading
59.78,5.95,87.87,106.93,0.0001,0.0,0.04,4.26,-0.37,2.91,0.21,203305,2.4,49608,stable
47.22,4.57,75.04,87.88,0.0,0.0,0.3,4.01,0.21,3.63,-0.02,467203,1.0,37110,stable
32.43,2.67,48.49,59.79,0.0001,0.0,0.18,4.54,-0.03,1.39,0.09,132581,3.4,39728,stable
43.35,2.37,66.81,70.43,0.0001,0.0,0.01,4.4,-0.25,3.39,0.15,423689,1.1,23709,stable
1267.84,221.14,3214.84,5611.81,0.2248,0.1798,5.38,0.8,8.48,75.66,2.32,10804,90.9,2804,critical
1173.17,270.48,4219.41,6697.27,0.2161,0.1728,9.38,0.83,15.71,122.11,1.93,21701,174.3,2349,critical
58.63,4.16,84.4,109.98,0.0,0.0,0.18,4.71,0.4,3.5,-0.1,174526,0.5,18802,stable
1226.67,189.37,3656.14,5082.01,0.2524,0.1629,7.87,0.54,18.25,111.06,2.64,27211,346.2,2945,critical
53.24,3.77,69.44,100.9,0.0001,0.0,0.18,3.63,-0.01,1.31,0.06,262842,0.3,18092,stable
36.07,3.83,51.31,62.06,0.0001,0.0,0.19,4.67,0.19,3.69,-0.04,238451,0.2,36254,stable
70.17,9.98,138.86,140.58,0.0041,0.0014,0.96,2.92,2.22,10.25,0.58,116666,14.5,20104,degrading
32.75,2.63,45.53,65.49,0.0,0.0,0.11,4.7,-0.16,1.92,0.02,275859,1.1,30770,stable
281.88,29.8,835.54,1044.17,0.0595,0.034,4.85,0.89,4.59,27.56,1.52,40080,51.1,4087,congested
491.32,20.19,1243.77,2013.76,0.0596,0.0375,3.4,0.53,6.09,42.53,1.5,50069,89.7,12779,congested
500.0,60.14,1199.32,1502.41,0.0589,0.0329,2.87,2.4,4.48,30.67,0.78,27916,84.0,13653,congested
38.08,2.91,60.78,72.29,0.0001,0.0,0.09,4.83,-0.46,3.19,0.27,442153,1.8,9960,stable
60.0,19.29,110.64,134.97,0.004,0.0024,1.0,2.59,1.32,11.11,0.61,138521,13.9,9042,degrading
42.11,5.5,60.34,68.75,0.0,0.0,0.17,4.18,0.12,2.62,-0.04,135617,3.7,12692,stable
45.26,5.1,59.77,75.15,0.0,0.0,0.15,4.86,0.5,4.78,0.29,106098,3.6,14374,stable
115.36,12.89,192.82,296.62,0.0019,0.001,1.07,2.81,1.81,11.63,0.58,121602,16.5,3375,degrading
38.05,4.7,58.63,68.69,0.0,0.0,0.26,3.57,-0.46,3.57,0.12,162135,2.7,48749,stable
60.0,6.57,79.78,119.57,0.0,0.0,0.19,3.56,-0.19,3.04,-0.02,162096,0.1,45665,stable
81.38,12.01,157.86,199.18,0.0052,0.0037,0.46,2.74,2.33,11.55,0.34,77017,6.5,12725,degrading
60.0,13.21,108.6,123.45,0.0025,0.0009,0.73,3.11,2.7,7.45,0.31,67325,10.4,19650,degrading
342.27,33.24,721.95,1100.02,0.0689,0.035,3.79,2.35,9.85,40.54,1.91,57630,116.3,13480,congested
358.2,23.63,946.64,1102.38,0.0592,0.0316,4.11,1.7,8.99,47.75,1.28,60237,68.2,13600,congested
117.42,18.3,201.38,294.65,0.0037,0.0023,0.88,2.68,1.9,8.28,0.29,68186,13.4,17149,degrading
60.66,12.92,97.17,145.88,0.007,0.0018,1.12,3.26,1.57,6.84,0.23,130166,7.9,8455,degrading
84.63,16.9,167.69,226.4,0.0022,0.0018,1.09,2.56,2.19,10.27,0.37,126820,8.2,12776,degrading
30.35,6.26,44.24,57.9,0.0,0.0,0.29,3.55,-0.16,2.94,-0.1,459650,1.4,13627,stable
120.0,19.38,194.72,256.62,0.0014,0.0008,0.33,3.11,1.03,8.99,0.34,141806,10.1,13747,degrading
112.92,17.21,175.62,265.91,0.0038,0.0014,1.17,2.86,0.55,11.17,0.63,89744,7.8,9527,degrading
29.01,7.34,43.95,58.0,0.0001,0.0,0.19,4.09,0.49,2.92,-0.01,252743,3.3,4728,stable
607.54,289.43,2077.46,2700.26,0.2282,0.1748,3.98,0.57,10.3,33.39,1.95,12563,390.3,2736,critical
52.2,4.73,70.95,86.87,0.0,0.0,0.21,4.6,0.5,4.08,0.05,322899,1.8,10604,stable
66.92,14.92,118.96,166.97,0.0022,0.0012,0.99,2.84,0.89,11.97,0.57,107561,7.7,8243,degrading
232.25,26.89,498.62,1028.91,0.0545,0.0382,2.94,1.48,3.06,31.61,1.47,63526,29.9,13160,congested
29.81,4.65,44.56,48.43,0.0,0.0,0.04,4.09,-0.34,3.94,-0.02,123426,2.8,30166,stable
43.61,7.6,62.95,79.56,0.0001,0.0,0.15,4.46,-0.11,2.87,0.26,472281,4.5,7780,stable
41.71,3.23,60.12,83.1,0.0001,0.0,0.25,3.76,-0.09,4.08,0.29,480454,4.5,8760,stable
60.0,8.46,111.77,155.16,0.0041,0.0012,0.59,2.98,1.31,7.86,0.47,98190,11.5,16663,degrading
120.0,8.62,232.0,298.89,0.0028,0.0018,0.35,3.42,2.06,6.61,0.61,149889,16.8,13672,degrading
51.12,3.72,72.1,82.99,0.0,0.0,0.16,4.39,-0.49,2.86,0.29,307612,3.4,16281,stable
127.67,43.21,271.51,533.78,0.0604,0.0363,3.3,0.86,8.0,23.1,0.95,54183,95.0,10986,congested
47.0,4.27,61.29,80.09,0.0001,0.0,0.24,4.54,-0.39,2.96,0.18,134804,4.0,11878,stable
334.65,66.79,832.42,1281.12,0.0572,0.0434,4.52,1.35,5.06,19.34,1.11,25867,21.7,2159,congested
29.12,4.52,43.23,46.7,0.0,0.0,0.21,4.38,-0.02,3.29,0.12,222816,0.5,44942,stable
54.42,3.12,84.27,105.96,0.0001,0.0,0.0,3.74,0.38,1.96,0.29,338916,1.2,25359,stable
120.0,18.19,189.16,244.41,0.0014,0.0011,0.61,2.7,1.64,11.57,0.8,131725,11.5,22425,degrading
53.11,4.29,82.25,86.7,0.0001,0.0,0.23,3.62,0.09,3.2,0.14,378256,4.6,39498,stable
42.24,7.33,64.52,76.65,0.0,0.0,0.03,3.66,-0.46,2.28,0.06,137806,2.7,29581,stable
111.69,14.85,215.46,257.97,0.0018,0.0014,0.96,3.42,1.23,11.23,0.77,114885,18.4,28222,degrading
60.0,3.0,89.08,119.57,0.0001,0.0,0.15,3.61,0.02,1.08,0.19,295187,2.3,10613,stable
28.15,4.12,37.19,51.93,0.0,0.0,0.21,4.94,0.16,2.1,-0.03,193113,1.1,16377,stable
54.16,6.62,85.79,99.68,0.0,0.0,0.15,4.15,0.21,2.53,0.29,368081,3.3,46047,stable
1126.22,268.81,3331.97,5312.57,0.2583,0.1596,3.97,0.84,5.99,143.09,2.65,28929,194.3,2411,critical
111.16,12.34,221.61,298.11,0.0037,0.0009,1.05,2.97,2.04,13.01,0.39,51114,9.8,28722,degrading
105.13,8.05,185.2,245.09,0.0017,0.0014,0.5,2.78,1.94,12.81,0.4,133677,8.6,26293,degrading
87.31,19.36,170.23,242.58,0.0015,0.0012,0.54,3.4,1.1,11.02,0.23,104096,6.5,10300,degrading
64.51,11.0,115.77,148.04,0.0018,0.0014,1.02,3.09,0.99,13.91,0.7,146391,13.5,20434,degrading
31.32,6.65,43.66,51.54,0.0,0.0,0.28,3.51,-0.27,2.76,0.13,466361,4.5,32221,stable
34.08,4.38,50.43,57.83,0.0,0.0,0.12,4.44,0.46,4.33,0.09,394995,0.6,26093,stable
42.8,6.39,65.65,84.96,0.0001,0.0,0.3,3.67,0.09,3.73,0.27,412081,3.2,6723,stable
31.48,3.38,43.12,58.71,0.0001,0.0,0.17,4.38,-0.2,3.56,0.23,499228,4.2,28317,stable
61.52,18.28,105.05,151.81,0.0023,0.0012,1.18,2.51,1.76,11.69,0.68,124619,6.1,14125,degrading
60.0,6.5,95.36,97.77,0.0,0.0,0.09,3.96,0.34,1.29,0.25,202664,3.0,46863,stable
36.68,4.85,51.38,68.59,0.0,0.0,0.15,4.92,0.45,2.23,0.22,337577,4.9,24403,stable
589.34,194.0,2145.55,3003.33,0.2224,0.1549,9.37,0.82,17.62,108.59,1.07,16707,402.2,1313,critical
38.65,6.43,58.02,70.7,0.0,0.0,0.12,3.83,-0.28,2.88,0.26,176747,1.4,42796,stable
45.81,7.64,70.52,88.92,0.0001,0.0,0.1,3.95,0.12,3.27,0.12,201950,4.8,47555,stable
77.84,11.68,120.51,212.44,0.0025,0.002,0.86,3.06,1.48,14.55,0.41,59368,19.4,22011,degrading
1218.25,117.53,3788.64,5241.97,0.2344,0.1765,8.11,0.14,12.14,145.91,2.35,29959,272.1,1970,critical
120.0,9.98,182.58,284.98,0.0047,0.0016,0.82,2.54,2.28,5.37,0.72,56502,11.8,5083,degrading
60.0,5.84,81.41,102.65,0.0,0.0,0.22,4.67,0.03,1.48,0.27,437905,0.7,3779,stable
36.23,4.65,56.49,63.01,0.0,0.0,0.04,4.58,0.19,3.76,0.27,391276,1.5,18317,stable
348.99,73.64,762.91,1064.99,0.0618,0.0304,2.5,2.12,6.56,49.68,1.28,67293,94.5,6076,congested
163.83,57.9,336.32,663.09,0.0529,0.0356,3.75,1.58,6.5,49.47,0.53,39023,113.0,13929,congested
73.02,10.85,135.98,152.28,0.0027,0.001,0.44,2.58,0.64,5.85,0.26,58631,5.8,21062,degrading
95.76,9.74,148.52,241.91,0.0014,0.0011,0.36,2.76,2.91,6.91,0.26,79115,18.2,9527,degrading
956.44,51.33,2473.05,3966.19,0.2262,0.181,4.04,0.25,5.86,118.84,1.68,27622,227.4,3993,critical
100.84,11.65,191.06,247.3,0.0021,0.0009,0.49,2.77,2.57,6.67,0.38,142043,16.3,22127,degrading
1322.27,163.28,5034.05,6162.77,0.2057,0.1518,8.22,1.12,18.15,110.34,1.22,11496,359.5,178,critical
73.03,10.53,121.87,176.13,0.0013,0.0011,0.86,3.22,0.86,13.43,0.31,129927,7.4,22382,degrading
284.43,67.25,639.76,924.6,0.0572,0.0352,4.07,2.3,9.38,41.99,1.69,56365,93.6,1829,congested
85.12,14.44,153.55,197.03,0.0061,0.0012,0.51,3.18,2.07,8.21,0.34,138180,13.5,21265,degrading
120.0,19.91,190.63,280.08,0.0016,0.001,0.6,2.63,2.2,10.09,0.57,80309,14.8,5355,degrading
44.63,4.68,65.67,73.79,0.0,0.0,0.18,4.92,-0.27,2.82,0.25,320704,1.2,11236,stable
120.0,17.68,235.73,244.24,0.0054,0.0023,0.6,2.62,2.91,5.72,0.79,80351,17.9,16852,degrading
66.99,11.65,132.44,138.46,0.0013,0.001,0.75,2.91,2.93,13.28,0.76,89722,15.4,7863,degrading
78.64,17.68,136.4,161.22,0.0022,0.0013,0.3,2.93,2.28,6.87,0.71,116030,5.1,25719,degrading
60.0,6.27,90.27,119.6,0.0001,0.0001,0.18,4.35,0.02,1.36,0.27,336902,1.3,34683,stable
60.0,17.17,98.68,146.75,0.0015,0.0012,0.55,3.27,1.7,6.82,0.44,77003,5.8,23027,degrading
100.13,17.55,179.0,279.89,0.0029,0.0013,0.49,3.44,1.89,6.64,0.64,79587,8.3,5576,degrading
35.01,5.56,49.27,56.3,0.0,0.0,0.02,4.51,-0.04,4.32,-0.06,157893,1.5,38527,stable
34.74,3.68,52.79,63.62,0.0,0.0,0.06,4.3,-0.18,3.11,0.21,407565,1.8,35019,stable
44.01,6.15,58.6,77.59,0.0,0.0,0.12,4.69,-0.25,2.13,0.27,110375,1.1,24663,stable
29.04,3.35,44.53,48.12,0.0001,0.0,0.26,4.03,-0.08,2.03,0.25,357001,2.2,29680,stable
30.28,7.74,47.31,57.59,0.0001,0.0,0.01,3.9,0.42,4.85,0.19,122745,0.1,24500,stable
87.7,14.66,138.11,234.93,0.0021,0.0017,0.97,2.69,2.69,13.39,0.67,99147,5.5,4407,degrading
42.95,2.36,59.71,79.3,0.0001,0.0,0.05,4.92,0.43,1.9,0.12,154947,3.4,10079,stable
60.0,6.97,92.81,100.53,0.0,0.0,0.05,3.66,-0.26,2.52,0.09,117828,4.9,36087,stable
49.35,6.33,77.55,79.63,0.0,0.0,0.22,4.37,0.0,4.88,-0.05,458399,3.5,13690,stable
42.15,3.81,56.29,81.83,0.0,0.0,0.16,4.71,-0.0,2.19,0.25,122035,4.0,39434,stable
35.71,4.51,52.68,58.08,0.0,0.0,0.05,4.13,0.3,2.13,0.15,264462,1.2,26198,stable
98.95,15.16,192.5,230.06,0.0033,0.0008,0.8,3.29,0.52,7.75,0.48,134503,17.0,4954,degrading
66.75,18.86,130.45,160.23,0.0069,0.0025,0.85,3.15,0.65,12.73,0.56,89706,19.7,800,degrading
34.87,7.16,45.97,58.84,0.0,0.0,0.2,4.52,0.14,3.0,0.11,354256,3.5,33088,stable
39.21,4.91,55.01,69.31,0.0,0.0,0.3,4.73,-0.07,3.91,0.01,140067,1.8,20745,stable
120.0,11.91,227.81,323.45,0.0017,0.0014,0.91,2.96,1.17,6.07,0.72,137866,6.1,20070,degrading
43.18,6.21,60.91,80.69,0.0,0.0,0.06,4.39,0.24,2.28,-0.06,386698,1.5,9151,stable
56.32,3.51,88.47,107.38,0.0,0.0,0.18,4.09,0.15,4.05,0.06,290501,3.4,43955,stable
211.38,32.97,626.18,825.31,0.0539,0.0431,2.52,2.37,5.09,18.13,1.78,18165,74.1,5701,congested
272.25,22.01,569.58,1074.35,0.0584,0.0347,3.21,1.82,5.84,25.36,1.46,73783,59.6,4472,congested
101.65,9.81,196.83,236.84,0.0022,0.0018,0.39,3.03,1.3,10.48,0.4,68365,15.1,1633,degrading
44.66,4.61,70.56,80.47,0.0001,0.0,0.12,4.74,-0.08,4.7,0.3,412290,3.3,20202,stable
102.18,17.04,178.67,215.9,0.0017,0.0013,0.94,3.03,0.77,6.37,0.43,83854,17.8,17381,degrading
60.0,2.86,78.16,96.48,0.0,0.0,0.24,4.38,-0.29,1.95,0.15,431975,2.1,13656,stable
46.55,4.92,64.68,86.36,0.0,0.0,0.28,4.28,-0.14,4.49,0.06,234003,1.0,19512,stable
28.76,2.1,40.15,48.26,0.0,0.0,0.12,4.45,-0.11,2.36,0.15,336424,1.5,8318,stable
30.19,6.77,47.31,52.39,0.0,0.0,0.01,3.56,0.32,2.44,-0.05,308897,3.8,11575,stable
120.0,16.41,223.8,264.31,0.0029,0.0007,0.3,2.82,2.88,6.54,0.53,68661,16.8,17090,degrading
29.86,4.49,39.11,49.39,0.0,0.0,0.1,3.99,0.17,3.12,0.05,159635,0.1,11722,stable
120.0,11.45,231.38,280.27,0.002,0.0016,0.45,3.07,0.59,7.91,0.47,123587,5.7,23546,degrading
2000.0,159.37,5937.15,9712.04,0.2259,0.1807,5.79,0.28,18.33,114.26,2.45,25619,489.9,4240,critical
260.21,32.81,714.15,896.66,0.0575,0.0353,1.95,1.24,4.87,31.3,1.48,47778,97.4,9432,congested
175.12,55.1,445.05,552.98,0.0587,0.032,3.75,0.99,7.53,26.65,1.19,56840,78.1,10719,congested
34.11,5.62,46.56,66.64,0.0,0.0,0.03,4.5,0.39,2.17,-0.05,282657,4.8,32039,stable
47.55,7.33,67.42,78.67,0.0,0.0,0.29,4.59,-0.37,1.37,0.24,420909,3.4,10608,stable
93.38,12.37,149.73,235.17,0.0016,0.0013,0.64,3.11,2.71,10.43,0.35,129068,11.5,17133,degrading
1714.01,125.92,5002.73,8159.98,0.2057,0.1524,5.97,0.29,14.84,99.2,1.75,18826,575.3,687,critical
60.0,10.62,115.05,148.08,0.0025,0.0013,0.96,2.71,1.46,13.7,0.64,66249,10.8,29212,degrading
36.54,2.5,52.06,68.7,0.0,0.0,0.29,4.84,-0.28,4.04,-0.08,427133,3.0,47848,stable
120.0,10.97,191.66,275.91,0.0018,0.0014,0.39,2.51,1.75,9.61,0.31,78658,5.5,24035,degrading
120.0,18.15,231.26,251.63,0.0019,0.001,0.84,3.04,2.2,14.11,0.45,115592,18.8,16479,degrading
54.76,3.58,74.61,104.37,0.0,0.0,0.21,4.16,0.05,3.23,0.01,290357,2.4,20032,stable
43.64,3.14,65.81,80.34,0.0,0.0,0.19,4.68,-0.17,4.52,0.15,428945,2.7,11703,stable
42.18,5.15,58.71,74.34,0.0,0.0,0.13,4.08,-0.38,4.12,0.2,198519,4.3,29861,stable
49.5,5.13,72.01,81.86,0.0,0.0,0.15,4.93,-0.4,4.19,0.03,251019,3.5,46539,stable
36.56,5.59,56.29,60.44,0.0,0.0,0.13,4.97,-0.15,4.69,0.27,196741,4.0,22220,stable
120.0,13.58,226.95,323.46,0.0021,0.001,0.71,2.95,2.39,10.0,0.67,55411,17.9,8231,degrading
242.47,60.57,553.97,1033.66,0.0696,0.0322,3.56,0.86,5.33,45.76,1.32,40455,113.6,12197,congested
38.44,7.56,60.37,62.89,0.0,0.0,0.11,4.4,0.36,1.47,0.18,263537,1.0,20734,stable
321.41,60.52,688.16,1171.94,0.0612,0.0404,3.2,0.88,9.56,46.76,0.89,55603,70.1,3826,congested
106.29,14.53,209.38,218.18,0.0012,0.001,1.02,2.83,2.53,8.14,0.72,75546,13.6,20941,degrading
38.15,4.89,50.6,73.28,0.0001,0.0,0.01,4.29,-0.4,4.86,0.26,359924,0.3,16916,stable
54.13,5.34,84.8,98.94,0.0,0.0,0.21,4.03,-0.02,4.33,0.11,347262,2.1,8330,stable
27.03,2.87,40.73,44.64,0.0001,0.0,0.15,4.95,0.46,2.65,0.23,317307,2.6,3693,stable
35.95,7.49,49.38,67.5,0.0001,0.0,0.02,4.7,0.06,3.73,0.21,263773,0.7,39956,stable
351.7,21.87,987.9,1324.24,0.0766,0.033,4.56,2.18,5.15,37.96,1.18,47721,61.0,159,congested
278.5,77.19,815.05,1108.94,0.0628,0.0402,3.23,1.32,5.62,45.24,0.71,38727,20.7,4002,congested
70.48,15.74,128.5,190.76,0.0054,0.001,1.0,3.31,1.31,14.7,0.63,56520,12.2,20104,degrading
113.89,13.75,177.06,231.95,0.0017,0.0013,0.46,2.82,1.61,11.58,0.52,105145,7.4,14506,degrading
32.1,2.88,45.68,52.32,0.0,0.0,0.1,4.22,0.01,2.6,0.27,397553,1.2,29692,stable
48.83,4.02,75.6,78.14,0.0,0.0,0.11,4.81,0.41,2.97,0.03,142720,4.8,3951,stable
500.0,77.26,1298.4,2010.58,0.0625,0.0406,3.37,1.53,6.18,26.96,0.58,52288,71.7,8821,congested
1143.69,151.63,4073.68,4809.59,0.2284,0.1827,7.53,0.21,14.8,62.5,0.8,14508,227.4,1154,critical
120.0,19.33,204.53,264.77,0.0037,0.0018,0.38,2.98,2.27,5.53,0.73,115306,12.8,12191,degrading
1360.14,97.39,5391.93,6201.98,0.2213,0.1548,7.71,0.9,14.81,91.89,2.6,10371,207.5,1925,critical
34.74,3.78,50.06,56.87,0.0001,0.0,0.17,4.34,0.35,4.98,0.1,238081,0.9,1235,stable
100.89,19.37,173.58,240.55,0.0031,0.0016,1.01,2.66,1.75,5.77,0.54,66897,19.4,16852,degrading
33.46,3.38,46.51,55.21,0.0,0.0,0.16,4.48,0.09,4.51,0.25,122923,1.8,33870,stable
118.53,16.24,219.75,321.54,0.0015,0.0007,0.54,2.75,1.09,13.29,0.79,103479,6.2,22655,degrading
37.82,7.09,59.71,64.39,0.0,0.0,0.13,3.79,0.23,1.11,0.02,242472,2.3,34313,stable
37.23,3.45,59.48,59.87,0.0001,0.0,0.15,4.47,-0.04,3.27,0.07,309904,4.8,25491,stable
35.83,4.95,54.3,61.87,0.0,0.0,0.26,3.58,-0.35,3.31,0.2,130500,4.6,48706,stable
499.09,57.81,1006.83,1923.88,0.0617,0.049,3.55,1.66,6.5,28.22,0.72,29175,53.3,2394,congested
195.07,65.36,403.72,822.63,0.0559,0.0345,3.75,2.16,8.23,28.09,1.79,51171,85.7,4958,congested
58.93,5.93,77.69,104.59,0.0,0.0,0.06,4.2,0.41,1.04,0.21,123010,2.4,32255,stable
52.91,5.36,76.95,86.77,0.0,0.0,0.04,4.37,0.27,2.63,0.25,359473,4.5,31551,stable
41.59,3.16,63.22,74.89,0.0,0.0,0.14,4.18,0.02,3.08,0.28,359760,1.4,27045,stable
33.82,7.17,47.59,61.79,0.0,0.0,0.17,4.56,-0.09,3.94,-0.05,361378,4.1,44582,stable
52.56,7.42,69.89,88.98,0.0001,0.0,0.23,3.61,0.33,2.71,0.14,135860,1.7,5395,stable
23.51,7.51,34.09,44.45,0.0001,0.0001,0.29,4.3,0.45,4.06,-0.04,166103,1.8,13935,stable
26.22,7.44,34.96,47.12,0.0,0.0,0.29,4.06,-0.21,4.47,-0.01,485289,0.1,48524,stable
48.0,2.81,76.14,88.19,0.0,0.0,0.04,4.9,-0.15,2.52,0.09,387297,3.6,24499,stable
120.0,13.12,185.8,317.38,0.0012,0.001,1.13,2.5,2.07,5.07,0.67,64966,18.4,5076,degrading
284.92,62.99,807.59,1124.14,0.0677,0.0348,4.79,1.47,9.78,15.91,1.3,25834,84.1,7523,congested
120.0,16.54,191.95,330.14,0.0022,0.001,1.03,2.8,0.64,14.67,0.55,67310,14.4,1745,degrading
60.0,5.01,91.85,111.27,0.0,0.0,0.19,4.64,0.06,1.64,0.03,323177,0.1,22430,stable
35.72,2.31,46.61,66.0,0.0,0.0,0.11,4.26,0.23,2.15,0.29,373815,1.9,5754,stable
67.65,13.84,108.33,182.67,0.002,0.0006,0.72,2.76,0.71,9.65,0.3,75822,12.6,29224,degrading
60.0,3.49,94.26,98.64,0.0001,0.0,0.19,4.87,0.37,4.58,-0.07,436369,3.9,45219,stable
423.59,49.74,973.8,1769.99,0.0652,0.0333,4.55,1.62,3.93,25.04,0.84,18809,52.7,9949,congested
44.58,6.56,65.47,85.08,0.0,0.0,0.15,4.86,-0.25,2.64,0.2,191519,0.4,15197,stable
60.0,3.66,88.26,113.17,0.0,0.0,0.08,4.48,0.15,1.29,0.01,327823,1.6,21481,stable
490.01,20.81,1238.66,1665.19,0.0688,0.0321,4.43,1.41,5.53,32.97,1.87,64351,35.3,11543,congested
120.0,12.22,229.87,273.86,0.0018,0.0014,1.03,3.34,0.55,14.43,0.69,122110,17.8,16349,degrading
49.55,3.51,71.08,98.12,0.0,0.0,0.16,3.6,-0.15,3.09,-0.01,364075,0.3,24755,stable
29.47,2.05,40.93,50.46,0.0,0.0,0.21,3.71,0.31,3.71,0.26,279734,4.5,43422,stable
1194.97,101.94,3592.86,5769.12,0.209,0.1574,9.91,0.94,6.77,74.26,1.04,23823,323.0,3239,critical
1216.27,57.71,4387.73,5058.3,0.2574,0.1763,3.26,0.4,12.71,50.93,2.88,25035,135.3,3357,critical
77.33,13.47,123.41,210.93,0.0027,0.0007,0.8,3.36,1.74,5.84,0.22,112120,6.0,2603,degrading
273.54,31.81,627.49,1060.87,0.0541,0.0433,4.91,2.47,3.88,41.9,1.5,66102,53.3,6086,congested
344.92,25.76,1024.89,1500.66,0.0547,0.0392,2.91,0.64,6.68,30.48,1.85,11265,73.0,11011,congested
39.11,5.8,53.9,65.56,0.0001,0.0,0.11,3.91,-0.05,4.23,0.08,438690,4.9,4529,stable
103.81,16.16,160.65,252.62,0.0022,0.0013,0.97,2.65,1.99,12.2,0.71,61167,9.9,16478,degrading
57.5,5.67,88.32,99.69,0.0,0.0,0.27,4.96,0.17,4.89,0.23,208332,2.1,12681,stable
1291.52,135.19,4821.86,5383.17,0.2355,0.1706,5.57,0.62,12.54,73.15,2.78,7380,243.8,2772,critical
1105.06,148.02,4174.56,5149.46,0.2071,0.1657,6.22,0.67,6.88,59.58,0.84,21271,490.7,3451,critical
55.22,7.55,83.72,90.82,0.0001,0.0,0.03,4.94,0.25,3.52,0.03,164382,2.0,33417,stable
42.97,4.2,64.27,74.0,0.0001,0.0,0.28,4.92,0.18,1.85,-0.08,158880,4.8,23642,stable
60.0,5.74,86.72,100.24,0.0,0.0,0.14,4.47,-0.19,4.35,0.18,231990,4.2,24879,stable
27.12,4.17,39.98,50.26,0.0,0.0,0.06,4.85,-0.29,1.76,-0.09,288826,2.8,4219,stable
88.32,9.7,162.93,233.86,0.0032,0.0023,0.89,3.35,0.96,11.61,0.28,97807,12.9,1304,degrading
37.25,2.26,53.25,62.95,0.0,0.0,0.13,3.57,-0.17,4.55,-0.06,479406,4.3,41757,stable
20.73,5.01,33.05,33.97,0.0001,0.0,0.08,4.05,0.34,1.78,0.23,325062,3.8,35966,stable
1038.67,156.61,3554.68,6002.78,0.206,0.1648,6.68,0.99,18.6,113.52,1.05,6827,507.2,2823,critical
1232.28,129.91,3144.49,7195.89,0.2328,0.1669,8.07,0.17,12.01,117.48,0.94,6922,487.6,825,critical
88.67,15.19,166.24,187.83,0.005,0.002,1.04,2.94,1.06,8.87,0.65,149377,13.3,6256,degrading
33.15,2.42,46.22,66.09,0.0,0.0,0.26,4.42,0.49,1.54,0.04,224485,4.4,13509,stable
59.53,2.64,87.84,101.03,0.0,0.0,0.3,4.97,0.28,1.08,0.12,134734,4.5,39692,stable
38.06,6.86,51.61,65.31,0.0001,0.0,0.12,4.38,-0.31,1.53,0.06,190888,1.2,44733,stable
267.71,21.94,764.92,1075.26,0.0536,0.0429,3.52,0.62,8.79,16.41,1.09,39398,77.0,1522,congested
1324.79,254.47,3678.89,6107.48,0.2329,0.1749,6.24,0.65,11.28,91.67,1.12,2174,94.1,4864,critical
60.0,4.4,95.17,111.41,0.0,0.0,0.02,4.12,0.05,2.74,0.2,431169,3.9,2901,stable
120.0,19.25,184.83,318.77,0.0024,0.0013,0.56,2.96,2.64,5.9,0.52,98607,10.7,18127,degrading
108.97,8.17,194.14,280.31,0.0048,0.0021,0.8,2.68,1.75,11.9,0.69,64300,16.1,11213,degrading
24.53,2.97,38.79,47.1,0.0,0.0,0.24,4.9,0.32,1.19,-0.05,453957,0.1,39914,stable
1576.44,59.09,5431.37,9285.24,0.2191,0.1752,5.74,0.91,10.41,69.34,1.21,3580,512.3,2384,critical
451.35,31.51,1060.41,1389.88,0.058,0.0382,1.91,1.24,3.23,47.0,1.43,51148,24.9,1575,congested
289.75,46.28,608.73,1247.84,0.0572,0.0409,3.82,0.62,8.08,18.52,1.09,65037,32.8,4461,congested
1347.12,219.47,5180.4,6224.55,0.2321,0.1857,5.73,0.67,5.91,114.53,1.97,22524,195.0,4278,critical
42.36,2.62,55.99,69.38,0.0,0.0,0.22,4.62,-0.1,1.84,0.11,468559,3.2,9473,stable
35.17,2.28,55.3,57.4,0.0001,0.0,0.02,3.8,-0.07,1.95,0.06,233184,1.6,5467,stable
89.91,15.49,171.83,201.72,0.0019,0.0015,0.42,3.21,2.19,10.86,0.66,138011,17.4,4263,degrading
1426.57,108.66,4604.4,6967.06,0.2124,0.1699,3.19,0.93,6.87,98.89,2.51,15191,112.9,4188,critical
1581.56,224.87,4760.81,9401.33,0.2205,0.1605,7.4,0.51,11.89,66.89,1.8,3872,118.3,2226,critical
110.45,14.92,190.65,306.91,0.0027,0.0021,1.12,2.74,2.48,5.12,0.25,144968,15.5,19182,degrading
36.57,2.97,57.74,70.33,0.0001,0.0,0.1,3.67,-0.27,2.71,0.23,444292,0.0,26026,stable
32.35,5.38,44.04,61.35,0.0,0.0,0.15,3.62,-0.3,4.78,0.29,250503,4.6,27696,stable
310.92,52.43,712.62,1012.22,0.0606,0.0336,3.07,1.04,3.97,35.21,1.51,46313,81.4,9137,congested
206.49,42.2,532.9,808.56,0.0631,0.0464,4.91,2.42,5.24,23.37,0.73,58100,95.5,6363,congested
46.12,7.43,73.29,79.33,0.0001,0.0,0.23,3.72,0.11,2.88,0.26,307848,4.7,18309,stable
101.34,9.83,152.42,278.04,0.0021,0.0017,0.76,3.33,0.61,10.45,0.31,111731,16.4,8258,degrading
1466.97,111.34,4400.22,6926.23,0.2249,0.1674,9.57,0.36,6.56,43.72,1.3,7850,264.6,2824,critical
315.63,55.61,936.83,1098.02,0.0697,0.0393,2.38,1.99,8.27,33.5,1.35,31952,22.3,5340,congested
879.13,66.61,2316.51,5006.53,0.205,0.1556,3.94,0.72,18.18,145.88,0.99,28544,452.3,3625,critical
1109.98,85.75,4404.89,6392.12,0.2272,0.1818,8.83,0.14,5.54,128.48,1.72,20300,278.3,2198,critical
979.79,123.38,3511.35,4689.33,0.2101,0.1681,6.44,0.16,9.46,126.35,1.66,3704,404.7,4253,critical
500.0,58.98,1277.35,1776.27,0.0536,0.031,3.57,0.67,6.47,42.33,1.79,60481,61.9,3936,congested
41.91,5.8,64.97,69.93,0.0,0.0,0.15,4.87,-0.12,1.88,0.14,349611,2.2,24843,stable
60.0,16.84,103.38,139.52,0.0042,0.0009,0.71,2.68,1.34,12.16,0.34,118488,12.4,3215,degrading
1223.26,74.42,3603.24,6320.17,0.2077,0.1662,8.19,0.12,12.52,128.77,2.05,8776,68.9,1141,critical
39.38,7.14,57.72,63.75,0.0,0.0,0.2,3.59,0.46,1.59,0.2,354454,0.9,9365,stable
247.91,44.39,698.98,762.63,0.0536,0.0429,4.49,1.76,5.95,30.87,0.9,17593,50.3,4038,congested
34.37,4.25,50.51,65.95,0.0,0.0,0.16,4.7,0.47,1.22,0.14,372511,4.9,47186,stable
369.97,70.07,985.24,1299.13,0.0529,0.0402,4.19,1.67,7.23,21.26,1.84,49147,77.4,8673,congested
60.0,5.92,80.36,115.68,0.0001,0.0,0.25,4.83,-0.34,2.24,0.01,474979,1.0,9160,stable
56.7,3.3,82.31,112.63,0.0,0.0,0.03,4.59,-0.36,2.87,0.04,320201,3.5,34551,stable
29.28,3.68,44.1,47.77,0.0,0.0,0.28,4.29,-0.4,2.8,0.03,212881,2.7,24696,stable
117.73,9.78,186.64,294.47,0.0044,0.0035,0.55,2.64,0.57,13.03,0.32,86346,16.5,13780,degrading
255.05,75.5,517.92,1102.2,0.0566,0.0343,4.56,0.82,4.57,35.57,1.59,17515,37.6,13851,congested
20.0,2.37,28.73,34.3,0.0001,0.0,0.11,4.17,0.46,3.43,-0.01,375752,1.0,17628,stable
1314.08,263.8,4256.98,6694.75,0.2182,0.1678,4.56,0.19,14.79,36.36,2.25,29216,540.2,1637,critical
60.0,15.49,111.71,152.43,0.0028,0.0012,0.82,3.05,1.96,5.7,0.38,56648,12.2,27111,degrading
25.26,6.31,38.46,40.92,0.0,0.0,0.24,4.27,-0.37,3.96,0.06,205169,1.9,25390,stable
102.91,12.08,181.24,261.22,0.0013,0.0011,0.94,2.86,2.67,7.0,0.33,146058,12.8,13668,degrading
49.68,7.98,70.07,88.4,0.0,0.0,0.03,4.38,-0.02,3.57,-0.07,331993,2.8,28472,stable
1029.86,244.43,2804.42,4630.54,0.2126,0.1626,9.21,1.06,8.19,101.78,1.59,2460,142.9,36,critical
120.0,16.99,200.85,275.76,0.0013,0.0005,0.49,2.86,0.69,10.6,0.59,131988,6.0,13367,degrading
72.46,13.02,134.48,163.68,0.0025,0.002,0.99,2.79,2.19,8.3,0.31,127355,8.1,25829,degrading
76.47,14.62,138.92,156.25,0.0015,0.0012,0.8,3.0,2.95,7.94,0.55,100667,13.0,19960,degrading
40.5,6.65,59.48,73.75,0.0001,0.0,0.15,3.6,0.05,4.36,0.3,272137,1.6,45426,stable
117.87,14.37,222.32,257.69,0.0074,0.0029,1.02,2.65,0.61,6.28,0.4,145655,5.6,27634,degrading
120.0,17.44,239.59,319.83,0.0022,0.0018,0.5,3.24,1.66,5.15,0.66,86180,8.9,5890,degrading
1311.87,291.16,4401.78,7430.41,0.2119,0.1657,5.48,1.01,8.91,49.22,2.68,17274,93.2,4164,critical
76.62,17.17,144.21,185.6,0.0022,0.0011,0.93,2.75,2.95,9.03,0.61,141044,7.3,26431,degrading
468.16,55.13,1004.61,1432.27,0.0551,0.0441,1.43,2.49,3.72,18.16,1.42,33231,108.8,12489,congested
388.81,35.54,900.98,1696.15,0.0583,0.0406,2.79,2.0,7.8,16.1,1.33,28264,72.9,13272,congested
20.0,4.43,26.24,38.68,0.0,0.0,0.1,4.18,0.25,4.61,-0.08,309644,0.2,23952,stable
31.65,6.03,42.81,54.22,0.0001,0.0,0.08,4.42,0.24,2.02,0.02,356117,4.8,11479,stable
1690.44,72.07,6107.92,9779.36,0.2226,0.1781,3.43,0.18,11.84,101.43,2.2,17371,171.7,4329,critical
24.3,2.59,32.33,45.73,0.0,0.0,0.24,4.83,0.35,2.73,0.2,139031,0.2,37908,stable
848.29,269.8,3043.11,4877.79,0.2337,0.1691,9.75,1.05,9.88,76.43,2.91,7752,129.0,2387,critical
26.63,5.0,35.64,51.18,0.0,0.0,0.16,4.77,-0.06,2.73,0.26,330474,2.8,13833,stable
113.14,12.51,178.76,299.0,0.0056,0.0021,0.93,3.03,1.9,5.66,0.35,122192,19.2,16482,degrading
31.06,3.17,49.48,58.88,0.0,0.0,0.23,4.2,0.33,1.9,0.17,147248,0.4,7536,stable
265.83,28.34,774.1,1166.27,0.0574,0.0392,2.54,1.36,5.45,17.2,0.58,63292,48.5,7358,congested
235.46,44.86,553.38,711.15,0.0583,0.0444,2.32,2.49,9.31,33.41,1.14,79867,40.6,6177,congested
90.8,11.78,166.38,229.52,0.0026,0.001,0.5,2.64,0.95,5.93,0.76,135149,6.4,20500,degrading
35.19,3.55,55.72,67.91,0.0,0.0,0.14,3.59,-0.23,1.91,0.25,358975,2.8,25825,stable
120.0,17.41,231.68,246.82,0.0041,0.0014,0.42,3.49,2.84,7.24,0.73,76716,13.5,23570,degrading
1555.02,219.15,4170.0,7275.91,0.2228,0.1782,9.49,0.54,9.36,74.64,0.98,11161,333.4,1037,critical
100.94,9.28,169.56,207.48,0.0043,0.0014,0.64,3.08,1.76,11.59,0.37,62077,6.2,6205,degrading
263.64,55.87,696.21,1160.44,0.0574,0.0359,3.59,2.46,3.75,42.14,1.55,67332,33.7,7576,congested
1201.49,52.74,4548.47,6208.26,0.2177,0.1741,5.86,0.42,14.16,104.49,2.15,1777,436.1,3382,critical
32.2,3.95,43.63,53.37,0.0,0.0,0.03,4.14,0.48,2.32,0.25,437279,4.8,39715,stable
46.92,4.81,62.31,89.92,0.0,0.0,0.21,4.71,-0.05,3.03,-0.09,127726,1.3,27651,stable
60.0,14.35,104.72,164.89,0.0025,0.0009,1.07,3.33,1.87,11.34,0.53,106123,18.3,6673,degrading
35.99,5.94,53.03,71.81,0.0,0.0,0.17,4.62,0.47,4.51,-0.05,235405,1.3,9664,stable
28.73,3.62,38.13,48.17,0.0,0.0,0.13,4.72,-0.07,3.29,0.03,381616,3.3,20453,stable
120.0,15.8,238.12,292.73,0.0021,0.0016,0.76,3.4,2.18,13.74,0.57,123973,5.2,10520,degrading
41.97,2.89,63.13,68.92,0.0001,0.0,0.13,4.37,-0.04,1.67,-0.09,343924,4.6,6211,stable
679.87,108.08,2632.76,2840.04,0.2195,0.1555,6.93,0.92,19.43,47.8,0.82,29474,134.0,3762,critical
60.0,5.43,83.36,119.93,0.0,0.0,0.25,4.58,0.35,2.55,-0.05,436981,2.5,7241,stable
410.77,55.17,1175.77,1848.29,0.0594,0.0475,2.17,2.27,3.24,40.75,1.94,53795,74.8,1015,congested
310.56,50.66,903.18,1267.89,0.066,0.0351,1.25,2.32,3.27,18.34,1.79,27389,42.5,12677,congested
79.07,8.37,127.98,198.32,0.0018,0.0014,1.04,2.76,1.55,8.95,0.72,85463,5.7,6833,degrading
53.54,2.23,71.94,92.57,0.0,0.0,0.05,3.79,0.13,4.96,0.26,337242,2.7,49920,stable
25.19,2.27,37.53,44.07,0.0001,0.0,0.24,4.24,-0.07,1.05,0.13,149897,3.8,13629,stable
86.4,10.35,167.49,205.04,0.0027,0.0015,1.02,2.56,1.7,10.87,0.27,80223,16.1,5925,degrading
37.27,4.2,54.33,71.69,0.0001,0.0,0.19,3.54,0.12,3.04,0.12,243769,0.4,10473,stable
116.56,12.81,216.94,242.3,0.004,0.0032,0.31,2.92,1.5,9.23,0.57,79990,9.0,15184,degrading
67.83,8.55,117.36,164.01,0.0017,0.0012,0.53,3.29,1.92,8.16,0.66,124671,10.2,14915,degrading
26.13,6.4,38.81,42.7,0.0,0.0,0.23,3.77,-0.04,3.68,0.29,499696,4.8,36193,stable
22.76,3.56,35.05,38.9,0.0,0.0,0.24,4.46,0.17,4.33,0.13,286401,3.2,15599,stable
112.29,9.73,194.8,312.23,0.0023,0.0018,0.79,2.64,2.54,12.51,0.53,86704,18.7,19216,degrading
80.69,17.66,146.57,209.67,0.0011,0.0009,1.17,3.15,1.39,9.14,0.35,121127,10.3,1458,degrading
79.64,15.23,126.51,207.22,0.0069,0.0055,0.75,2.76,1.1,11.0,0.31,105345,15.6,6348,degrading
24.68,2.98,37.92,39.54,0.0,0.0,0.04,4.06,0.43,4.51,0.06,379581,0.4,35914,stable
84.15,12.62,154.21,213.13,0.0022,0.0014,1.15,2.96,0.63,12.0,0.35,82385,7.9,9613,degrading
101.83,8.94,176.18,229.62,0.0038,0.0014,0.87,3.4,1.68,12.65,0.58,50306,6.8,23357,degrading
22.71,3.89,33.34,41.84,0.0,0.0,0.28,4.08,0.05,1.39,0.29,494050,3.9,23251,stable
49.6,5.07,74.29,90.53,0.0,0.0,0.09,4.44,0.26,3.01,0.25,116096,4.6,10619,stable
331.52,79.14,710.28,1213.92,0.0643,0.0345,1.84,1.29,3.88,45.22,1.37,19518,107.9,1297,congested
97.99,11.45,174.7,262.86,0.0036,0.002,1.13,3.09,1.77,13.36,0.73,120124,5.4,18117,degrading
476.6,43.74,1275.96,2066.51,0.0856,0.0352,2.26,2.15,7.59,40.76,1.82,39799,38.9,14039,congested
82.71,14.79,139.83,198.21,0.0023,0.0019,0.96,2.53,2.86,11.63,0.3,137429,6.2,12474,degrading
1577.14,186.48,4261.02,9011.35,0.2032,0.1626,8.27,0.97,13.54,111.54,1.85,18972,573.9,4937,critical
318.26,79.93,798.43,1101.14,0.0594,0.0424,3.47,1.29,7.56,16.5,0.73,41136,114.3,9702,congested
120.0,18.29,223.46,326.11,0.0034,0.0022,1.1,2.98,1.24,12.78,0.5,58602,18.3,19846,degrading
42.78,2.44,62.72,85.04,0.0,0.0,0.08,4.93,0.39,2.82,0.15,210952,0.9,23721,stable
28.01,6.12,40.74,54.54,0.0,0.0,0.23,3.86,0.18,2.18,-0.1,353343,0.6,33305,stable
261.0,20.72,590.62,836.86,0.0569,0.0435,4.67,0.57,4.13,21.64,0.59,53280,41.0,7291,congested
35.78,3.14,48.78,65.21,0.0,0.0,0.29,4.99,0.31,1.75,-0.02,236090,1.6,47869,stable
312.35,51.77,816.32,943.65,0.0557,0.0328,3.58,1.82,6.2,43.98,0.51,77786,57.6,8975,congested
1364.18,269.92,4258.4,6499.84,0.2131,0.1705,5.66,0.76,19.93,111.92,1.91,25805,314.3,2266,critical
34.15,3.38,47.11,58.17,0.0,0.0,0.05,4.7,0.2,3.03,0.02,284208,3.2,44084,stable
500.0,69.56,1010.04,2227.79,0.0585,0.0395,2.96,2.32,8.86,15.13,1.19,72146,57.2,4915,congested
500.0,74.73,1040.73,1509.1,0.0547,0.0359,3.57,1.89,8.43,45.44,0.5,22347,101.5,554,congested
60.0,19.38,98.38,120.59,0.0042,0.0017,0.59,2.57,1.13,7.2,0.21,147503,8.8,25177,degrading
60.0,2.27,79.63,107.65,0.0,0.0,0.28,4.26,0.46,1.8,0.04,412538,3.9,36876,stable
38.04,4.01,57.94,63.32,0.0,0.0,0.08,4.45,0.04,4.12,-0.06,404411,2.7,48186,stable
37.11,2.55,55.96,62.56,0.0,0.0,0.13,3.61,0.03,3.59,0.01,420136,3.3,32866,stable
40.7,7.29,63.84,69.83,0.0,0.0,0.17,4.16,-0.04,4.82,-0.04,278487,3.3,22217,stable
40.34,3.91,62.48,65.14,0.0,0.0,0.09,4.31,0.29,2.28,0.15,454391,3.1,12415,stable
81.01,14.5,124.12,189.7,0.0057,0.0032,0.82,3.03,1.42,12.69,0.75,93998,11.1,5300,degrading
46.4,2.87,72.72,76.55,0.0,0.0,0.29,4.55,0.06,2.64,0.14,340333,1.1,33889,stable
46.26,3.95,64.06,91.2,0.0,0.0,0.14,4.62,0.39,3.34,0.19,245628,2.5,36751,stable
40.37,7.99,62.48,78.87,0.0,0.0,0.15,4.29,0.39,2.52,0.26,276547,3.7,46582,stable
1243.45,212.57,4958.77,5738.51,0.207,0.1656,3.13,0.32,8.09,115.85,1.37,29379,159.4,4466,critical
69.61,11.68,138.7,151.88,0.0033,0.0008,0.33,2.91,1.36,5.27,0.41,143168,9.1,17774,degrading
80.36,19.23,148.62,197.86,0.0043,0.0009,1.09,2.56,2.76,5.67,0.37,65616,7.2,5564,degrading
74.79,19.08,112.3,153.57,0.0027,0.0007,0.31,3.01,2.62,8.21,0.26,147376,6.9,16096,degrading
60.0,15.29,102.73,132.04,0.0058,0.0013,0.87,3.06,1.6,11.34,0.74,112741,5.9,17327,degrading
30.84,4.16,41.79,60.38,0.0,0.0,0.28,4.56,0.29,1.34,0.13,428456,4.3,2402,stable
35.78,7.84,46.77,58.94,0.0,0.0,0.04,3.9,-0.17,4.84,0.1,102965,1.9,1379,stable
23.42,7.33,31.36,43.25,0.0001,0.0,0.28,4.84,-0.26,2.05,0.29,194624,4.8,32837,stable
280.05,69.72,762.05,1075.86,0.0609,0.0311,3.73,1.22,4.14,40.07,0.91,70340,92.6,13396,congested
63.05,16.06,101.23,132.72,0.0016,0.0013,0.91,2.69,2.73,9.83,0.66,100669,11.8,14353,degrading
60.0,6.62,88.63,118.05,0.0001,0.0,0.27,4.62,-0.16,2.14,0.19,434628,3.6,32359,stable
292.89,73.9,693.25,990.81,0.0571,0.0426,2.44,2.04,7.79,44.36,1.41,42209,24.9,12611,congested
43.92,4.61,59.63,73.63,0.0,0.0,0.06,4.04,-0.35,3.04,0.08,460304,4.7,19794,stable
107.27,14.13,180.54,242.85,0.0031,0.002,0.6,3.33,1.12,11.34,0.46,104889,13.9,13916,degrading
318.84,72.83,917.86,1275.77,0.0599,0.0435,2.82,1.94,4.51,42.09,0.94,28304,100.9,2698,congested
58.32,3.11,79.88,94.7,0.0001,0.0,0.29,4.52,0.4,4.38,0.13,457462,1.9,19584,stable
96.91,16.43,152.88,268.43,0.0041,0.0007,0.56,3.29,1.52,10.52,0.29,97496,16.4,13613,degrading
37.65,4.16,49.76,62.3,0.0,0.0,0.03,4.32,-0.19,3.1,-0.02,435269,5.0,16797,stable
35.61,2.74,55.51,57.42,0.0,0.0,0.24,4.09,-0.34,1.7,0.27,144242,4.3,27667,stable
63.66,19.99,126.53,155.07,0.0038,0.0021,0.37,3.11,2.42,9.39,0.5,89332,19.5,14560,degrading
27.65,4.1,41.97,54.16,0.0,0.0,0.16,4.54,0.15,1.9,0.18,194899,1.6,37578,stable
44.85,4.41,69.06,75.41,0.0001,0.0,0.23,3.55,0.25,1.81,0.28,247176,1.6,8295,stable
54.54,4.83,75.44,94.03,0.0001,0.0,0.27,4.23,0.15,4.53,0.25,263497,1.2,13613,stable
35.55,3.25,54.75,65.76,0.0,0.0,0.1,3.77,0.08,3.66,0.19,452795,1.9,4692,stable
120.0,16.72,199.76,306.2,0.0019,0.0008,0.61,2.63,2.53,6.32,0.63,120723,7.1,17198,degrading
47.71,3.0,73.43,90.07,0.0001,0.0,0.2,4.75,-0.28,1.48,0.24,162645,4.9,42284,stable
38.39,3.0,58.11,71.65,0.0,0.0,0.29,4.25,-0.07,2.83,-0.02,247482,1.8,3565,stable
53.0,6.5,74.01,100.85,0.0,0.0,0.07,4.58,-0.31,1.37,0.13,463460,0.2,41498,stable
37.39,7.49,54.2,65.79,0.0001,0.0001,0.29,4.75,0.41,2.02,0.21,206189,1.0,47269,stable
34.72,5.51,53.69,60.97,0.0,0.0,0.19,3.7,-0.27,3.48,-0.09,353897,3.3,12719,stable
52.52,2.96,79.15,96.51,0.0,0.0,0.2,3.64,0.24,1.17,-0.02,365657,0.5,48620,stable
51.51,5.47,76.99,98.42,0.0,0.0,0.05,4.5,0.08,3.59,0.04,407893,0.6,28985,stable
41.71,7.25,63.04,74.31,0.0001,0.0001,0.2,4.45,-0.4,3.42,-0.05,131479,2.6,20736,stable
25.44,2.41,37.09,42.48,0.0,0.0,0.06,4.29,0.21,4.08,0.11,186947,4.6,38907,stable
269.72,66.53,777.6,1103.51,0.0776,0.0411,4.49,2.06,8.04,16.01,1.99,60286,116.9,1393,congested
92.24,16.86,178.04,232.87,0.0028,0.0012,0.67,2.62,0.51,11.13,0.49,91663,6.2,17852,degrading
30.55,5.54,45.2,53.99,0.0,0.0,0.29,4.78,-0.27,2.31,-0.02,296750,0.1,33897,stable
43.41,3.29,59.96,80.24,0.0,0.0,0.12,4.56,-0.24,2.3,0.26,268662,3.0,6227,stable
102.2,16.12,197.33,206.56,0.0046,0.002,0.39,3.12,2.96,13.39,0.68,91796,19.8,24836,degrading
79.88,10.52,138.63,168.27,0.0016,0.0013,0.79,3.18,1.05,5.0,0.4,69062,11.5,3181,degrading
365.83,76.47,1084.46,1468.67,0.0543,0.0367,4.51,2.35,5.89,39.28,1.56,54157,52.6,12499,congested
84.41,15.42,152.0,234.29,0.0014,0.0012,1.01,3.12,1.74,13.75,0.64,66125,15.2,13215,degrading
413.04,24.0,870.75,1841.35,0.0607,0.038,4.62,0.74,3.99,15.52,0.61,70009,99.4,1626,congested
120.0,9.99,225.05,293.36,0.0019,0.0015,0.83,2.67,2.69,7.64,0.23,93051,6.5,3899,degrading
68.03,10.36,114.27,166.83,0.0019,0.0016,0.49,2.61,2.01,13.65,0.55,94278,13.7,14328,degrading
985.89,57.88,2791.56,5690.58,0.2254,0.1546,5.81,0.84,17.2,34.4,1.98,8463,284.7,2648,critical
395.88,46.51,974.53,1205.04,0.0561,0.0382,3.5,1.7,9.1,20.76,1.25,51918,113.0,7794,congested
1290.92,195.15,3685.85,5744.91,0.2061,0.1623,5.39,0.68,12.48,74.79,2.59,1297,227.5,4162,critical
99.47,19.36,157.93,265.4,0.0065,0.0011,0.89,3.19,2.75,13.91,0.62,82212,10.6,11760,degrading
42.66,3.81,66.51,81.34,0.0,0.0,0.03,3.89,-0.13,2.57,-0.05,190328,1.3,4314,stable
60.0,2.51,85.95,99.9,0.0001,0.0,0.17,3.87,0.34,1.57,0.07,201252,3.4,27878,stable
120.0,12.79,224.18,326.32,0.003,0.0008,0.54,3.44,2.44,8.62,0.66,109605,15.3,9982,degrading
44.9,7.48,61.49,74.02,0.0001,0.0,0.25,3.95,-0.35,1.91,0.09,269947,1.4,9438,stable
35.9,5.84,57.19,61.8,0.0,0.0,0.15,4.74,-0.05,1.49,-0.08,411118,1.7,46630,stable
458.9,39.16,982.21,1929.45,0.059,0.0357,2.24,2.41,9.71,20.84,1.3,65273,25.5,1941,congested
104.5,9.37,164.12,225.1,0.0041,0.0017,0.94,3.16,0.54,10.19,0.48,102270,11.5,27243,degrading
120.0,13.94,196.19,311.7,0.002,0.0013,0.7,2.91,1.57,13.38,0.21,120486,8.1,26522,degrading
43.78,6.93,57.66,77.38,0.0001,0.0,0.25,4.98,0.39,2.49,-0.02,295757,3.7,25135,stable
49.72,2.96,74.54,83.11,0.0,0.0,0.04,4.46,0.17,3.66,0.12,398504,0.2,47918,stable
28.64,5.92,45.46,47.04,0.0,0.0,0.23,3.67,0.41,2.11,0.13,146861,1.3,20793,stable
29.18,4.37,45.04,52.68,0.0,0.0,0.08,4.55,0.21,3.8,0.24,134952,0.5,32390,stable
37.58,3.43,51.25,66.3,0.0,0.0,0.08,4.26,0.28,4.43,0.24,243870,3.4,16328,stable
92.85,18.17,174.19,259.95,0.0022,0.0017,1.16,3.35,2.55,7.65,0.44,126033,6.8,26706,degrading
346.86,46.89,975.83,1337.88,0.0571,0.0366,2.74,0.57,3.78,37.71,1.43,26731,91.9,4267,congested
26.89,5.89,41.99,51.07,0.0,0.0,0.26,3.7,-0.33,2.43,0.02,345908,4.5,48152,stable
1327.62,80.54,3892.22,7711.5,0.2167,0.1716,6.16,0.71,14.93,145.65,2.0,8704,586.3,537,critical
49.8,6.63,71.97,89.76,0.0,0.0,0.26,4.05,-0.09,3.29,-0.02,257399,3.4,21178,stable
38.23,7.32,51.95,72.45,0.0,0.0,0.25,4.78,0.44,1.34,0.05,128413,1.1,12238,stable
120.0,10.27,183.04,284.45,0.0046,0.001,0.91,2.84,1.32,9.25,0.79,59123,9.4,9114,degrading
1742.14,196.06,4452.51,7696.68,0.2199,0.155,6.22,0.87,12.64,139.79,1.37,10455,479.9,3919,critical
1170.58,193.46,3960.39,5528.23,0.2208,0.1545,8.92,0.51,18.28,59.12,2.07,28948,360.7,1052,critical
268.33,64.93,732.29,855.09,0.0547,0.0341,3.73,1.64,7.4,48.86,1.1,25083,119.9,965,congested
45.61,7.95,63.31,76.81,0.0,0.0,0.18,4.4,0.18,3.3,0.07,210369,3.8,12087,stable
26.66,5.32,38.89,46.08,0.0,0.0,0.16,4.41,-0.41,2.9,-0.02,183353,3.3,45651,stable
31.96,2.0,50.75,53.37,0.0,0.0,0.02,3.55,-0.24,4.69,0.06,405602,1.0,4169,stable
88.36,10.24,141.27,205.02,0.0024,0.0017,1.14,2.6,1.06,12.16,0.38,126524,11.3,23983,degrading
120.0,18.31,237.76,273.77,0.0022,0.0018,0.85,2.68,2.3,9.99,0.48,133453,7.1,14984,degrading
82.71,18.44,147.51,197.71,0.0017,0.0013,0.57,2.96,2.37,5.18,0.44,105649,8.2,2815,degrading
40.45,7.43,64.39,72.56,0.0001,0.0,0.01,3.94,0.43,4.73,0.02,434372,2.2,33062,stable
1088.55,247.91,4110.27,4938.67,0.2104,0.1674,5.49,1.13,19.97,141.96,1.56,8027,326.3,3926,critical
116.44,8.76,205.57,237.3,0.0053,0.003,0.78,2.68,0.99,11.0,0.34,71398,13.1,7446,degrading
33.9,7.25,50.49,67.23,0.0001,0.0,0.18,4.17,-0.35,3.21,0.29,414874,3.7,32522,stable
70.8,8.63,137.78,149.42,0.0014,0.0011,0.58,3.48,1.71,9.24,0.29,133907,7.0,3599,degrading
33.51,4.16,51.87,59.67,0.0,0.0,0.26,3.99,-0.17,3.39,-0.03,213955,2.1,18328,stable
64.15,11.29,105.44,132.51,0.0018,0.0015,0.44,3.19,1.09,12.73,0.62,124726,15.4,21376,degrading
57.51,2.76,86.36,92.1,0.0,0.0,0.06,3.92,0.02,3.94,-0.06,218678,4.6,22027,stable
58.19,4.56,85.22,97.17,0.0001,0.0,0.02,3.63,0.1,2.36,0.27,262636,0.7,36021,stable
23.5,5.62,35.76,45.3,0.0,0.0,0.04,4.23,-0.34,3.31,0.16,310246,0.2,3828,stable
70.44,14.52,124.68,181.21,0.0028,0.0022,0.83,2.67,2.0,10.01,0.22,82188,7.9,12024,degrading
104.4,14.52,165.31,279.65,0.0028,0.0022,0.84,2.58,1.47,10.56,0.35,53983,10.7,14105,degrading
1130.34,56.03,4259.21,6674.17,0.2501,0.1589,7.53,0.42,11.86,75.69,2.8,27983,262.0,1242,critical
321.19,26.55,697.9,1080.24,0.056,0.0404,2.16,2.47,8.94,49.88,1.91,35181,114.2,5020,congested
84.96,15.21,162.55,187.94,0.0029,0.0014,0.49,2.97,0.87,6.86,0.73,61585,8.4,29867,degrading
120.0,14.16,235.93,312.07,0.0021,0.0011,0.75,2.98,1.6,8.01,0.49,101660,14.0,11632,degrading
1373.41,138.03,3552.42,5703.69,0.2268,0.1815,8.86,0.54,12.64,99.66,2.09,12598,149.8,1264,critical
106.04,13.61,194.63,253.63,0.0021,0.0014,0.98,3.42,1.08,8.82,0.45,134582,7.1,18879,degrading
60.0,19.75,117.18,166.3,0.0043,0.0035,1.1,2.64,0.63,8.19,0.63,100742,12.3,4996,degrading
83.57,18.96,142.25,197.39,0.003,0.0024,0.86,2.98,1.9,7.89,0.3,110693,5.7,2423,degrading
39.38,4.64,54.77,64.07,0.0,0.0,0.14,4.98,-0.06,3.6,-0.08,361335,4.3,47180,stable
60.0,17.75,103.15,137.54,0.0051,0.0021,0.98,3.38,0.94,9.52,0.73,98729,17.2,6864,degrading
51.67,5.93,74.03,102.28,0.0,0.0,0.06,4.79,0.44,3.07,0.04,193623,0.2,14156,stable
23.8,5.01,35.26,43.42,0.0001,0.0,0.28,4.05,-0.36,3.07,-0.05,473594,0.9,13385,stable
37.86,7.94,57.57,65.97,0.0,0.0,0.27,3.68,0.43,4.12,0.06,133419,0.1,19415,stable
45.46,5.14,59.51,78.27,0.0001,0.0,0.21,3.65,0.23,3.11,0.07,376266,0.2,11950,stable
1463.4,92.48,4758.21,6627.03,0.2185,0.1739,4.16,0.37,14.24,39.64,1.2,6812,422.2,1737,critical
77.96,11.43,147.89,215.56,0.0044,0.0008,0.57,2.53,1.32,14.6,0.68,68713,5.2,20239,degrading
55.33,6.58,75.71,102.11,0.0,0.0,0.12,4.54,-0.01,2.23,-0.04,236439,3.2,37283,stable
34.89,7.08,53.02,64.35,0.0,0.0,0.27,4.81,0.3,4.77,-0.06,206049,2.5,42480,stable
37.23,2.32,56.5,61.37,0.0001,0.0,0.22,4.88,0.26,3.37,-0.02,366674,3.1,30520,stable
52.45,5.33,77.68,91.18,0.0,0.0,0.06,4.73,-0.24,2.13,0.3,230924,2.1,49512,stable
103.6,13.25,177.68,221.0,0.0033,0.0013,1.02,2.94,2.76,10.75,0.69,71345,8.2,22753,degrading
93.81,16.15,160.95,244.99,0.0027,0.0015,0.43,3.45,1.73,9.72,0.28,100415,16.1,7817,degrading
74.88,13.23,114.76,198.06,0.0023,0.0008,0.44,2.74,0.68,7.78,0.61,115148,13.3,511,degrading
39.28,3.78,55.34,67.98,0.0,0.0,0.14,4.84,0.06,4.69,0.1,217035,1.8,26584,stable
88.75,10.43,133.65,233.97,0.0015,0.0012,0.47,3.31,0.6,11.96,0.43,107841,13.9,21468,degrading
120.0,18.2,219.52,244.79,0.0014,0.0011,0.79,3.32,1.01,13.47,0.42,124386,10.0,21412,degrading
2000.0,124.57,5176.28,11262.0,0.2261,0.1728,7.74,0.68,19.93,94.15,2.93,1352,357.0,1452,critical
120.0,12.41,236.11,267.63,0.0023,0.0018,0.3,3.13,1.04,12.39,0.68,121295,19.9,14638,degrading
60.0,7.73,82.1,116.93,0.0,0.0,0.12,4.97,0.4,1.78,0.1,340721,4.1,44396,stable
94.71,15.72,151.05,222.57,0.0018,0.0012,0.64,3.31,0.52,9.51,0.63,134868,18.3,14237,degrading
40.99,4.11,57.73,79.57,0.0001,0.0,0.27,3.91,-0.23,2.21,0.14,275333,3.6,44850,stable
306.54,52.73,738.34,1354.01,0.0669,0.0356,2.73,1.48,5.34,22.31,1.99,23218,101.4,6366,congested
31.77,7.05,45.33,60.23,0.0,0.0,0.15,4.15,0.04,4.55,0.15,389048,3.0,32507,stable
27.09,4.29,38.59,47.12,0.0,0.0,0.14,4.69,0.13,2.9,0.16,462778,2.8,40189,stable
24.14,4.21,31.97,44.75,0.0,0.0,0.03,4.45,0.13,1.77,0.25,380874,1.5,13170,stable
53.09,3.37,69.41,93.09,0.0,0.0,0.13,4.16,-0.43,2.61,0.21,466070,2.1,21755,stable
362.44,21.33,826.05,1108.1,0.0577,0.033,4.83,2.3,3.22,27.32,1.61,10061,106.3,7581,congested
44.64,4.96,66.31,87.13,0.0,0.0,0.17,3.86,0.06,4.02,0.01,253370,1.3,41207,stable
37.31,3.9,56.08,66.92,0.0,0.0,0.07,4.86,-0.19,4.91,0.01,481374,0.3,35754,stable
206.35,39.35,505.72,818.7,0.072,0.0392,2.92,2.17,7.83,38.92,1.32,70365,38.9,12942,congested
32.95,7.47,44.21,55.04,0.0,0.0,0.3,4.28,-0.07,2.47,0.21,128792,4.8,21477,stable
60.0,6.1,86.03,102.57,0.0,0.0,0.2,3.91,0.45,1.6,0.07,477446,2.1,32287,stable
43.59,5.16,65.5,82.42,0.0001,0.0,0.01,4.02,0.31,4.19,0.1,289031,2.9,11750,stable
30.9,6.34,44.05,54.15,0.0,0.0,0.19,3.62,0.19,2.53,-0.05,444820,3.1,18381,stable
254.76,59.93,555.56,957.79,0.0584,0.032,3.64,2.08,6.3,22.77,1.97,38885,37.6,11114,congested
170.06,76.11,466.91,692.42,0.0515,0.0412,4.35,1.34,8.88,21.59,1.2,26259,32.4,13429,congested
92.67,18.33,149.41,252.82,0.002,0.0016,0.92,2.56,1.0,11.43,0.74,127169,10.0,24799,degrading
37.51,5.08,51.36,62.67,0.0,0.0,0.24,3.84,-0.28,3.15,0.14,332034,0.5,43995,stable
163.51,28.3,485.41,569.03,0.0668,0.0333,3.68,1.41,4.29,32.02,2.0,68716,117.4,13898,congested
60.0,7.82,80.16,108.24,0.0,0.0,0.24,4.53,0.25,3.78,0.12,326613,0.9,41544,stable
87.59,13.01,139.74,232.81,0.0015,0.0012,0.37,3.02,1.67,5.78,0.37,91893,17.3,21381,degrading
35.05,2.24,46.93,64.23,0.0,0.0,0.17,3.66,-0.44,2.51,0.04,369519,3.2,48478,stable
105.9,9.92,170.54,257.87,0.0054,0.002,0.87,3.31,1.91,6.89,0.23,122214,11.6,7055,degrading
51.68,5.83,75.96,94.46,0.0,0.0,0.19,3.75,0.01,2.11,0.12,395201,0.4,26272,stable
29.48,2.13,41.52,56.42,0.0,0.0,0.01,4.76,0.12,3.25,0.15,445773,2.9,29466,stable
57.74,4.96,85.98,107.88,0.0,0.0,0.09,4.51,0.22,2.73,0.25,376091,3.3,11821,stable
52.29,7.2,72.51,93.44,0.0001,0.0,0.21,4.73,0.06,4.12,-0.09,427352,0.2,44605,stable
45.92,3.21,62.16,79.68,0.0001,0.0,0.26,4.62,0.36,2.98,-0.05,378488,1.0,22620,stable
46.08,3.79,64.02,79.63,0.0,0.0,0.07,4.79,-0.33,4.42,-0.09,304712,3.8,46804,stable
34.59,5.93,45.39,63.79,0.0001,0.0,0.28,4.04,-0.5,4.13,0.18,151427,4.9,30795,stable
1182.91,202.52,4466.16,5097.48,0.2104,0.1633,6.43,0.31,13.08,34.33,2.05,15183,574.4,1606,critical
304.1,40.85,616.42,1125.3,0.0535,0.0343,1.45,1.03,7.98,29.04,0.99,17277,27.0,3228,congested
1488.51,227.47,5129.98,8520.64,0.2082,0.1665,8.13,0.34,19.94,149.98,1.44,29570,393.4,934,critical
1123.04,176.43,4325.29,5780.91,0.2112,0.1569,9.66,0.93,8.11,94.81,2.27,17800,555.0,573,critical
33.74,4.96,52.6,62.84,0.0,0.0,0.26,4.84,-0.05,4.44,-0.06,140727,2.7,32940,stable
120.0,17.77,224.66,248.51,0.0023,0.0019,1.19,2.99,2.54,13.3,0.79,148290,11.9,28534,degrading
120.0,18.94,237.38,240.5,0.0049,0.0022,0.9,3.4,2.75,13.94,0.51,126770,11.7,14074,degrading
275.94,27.71,587.64,1222.06,0.0533,0.0397,2.0,1.32,3.05,32.76,1.05,19235,107.5,2996,congested
308.92,73.41,640.87,1118.92,0.054,0.0323,1.94,0.63,5.74,28.1,0.69,50003,63.8,12569,congested
46.15,2.4,62.88,89.7,0.0001,0.0,0.16,4.08,0.23,1.41,0.15,274597,2.0,12382,stable
21.63,7.26,30.71,40.28,0.0001,0.0,0.08,4.19,-0.26,1.37,-0.05,227661,0.1,11789,stable
119.65,9.79,188.06,320.36,0.0026,0.0021,0.36,2.69,1.28,13.3,0.69,68500,13.0,15302,degrading
69.74,10.79,133.92,144.13,0.0012,0.0009,0.81,2.98,0.88,10.93,0.3,131145,14.3,26203,degrading
91.08,9.31,145.18,219.45,0.0021,0.0012,0.49,2.92,1.34,12.87,0.65,85855,19.9,29228,degrading
264.88,63.8,633.48,965.31,0.0673,0.0325,2.81,1.02,8.51,48.04,1.17,19609,81.0,1167,congested
44.29,7.18,61.04,71.47,0.0001,0.0,0.13,4.85,-0.29,1.47,0.18,248563,1.6,33892,stable
60.0,19.87,120.0,143.17,0.0019,0.0009,0.4,2.57,1.65,8.37,0.5,146578,11.1,18278,degrading
49.5,5.32,74.61,91.47,0.0,0.0,0.03,4.79,-0.42,1.85,-0.01,340093,2.9,15181,stable
101.69,13.61,180.52,216.23,0.0016,0.0013,0.45,3.01,0.62,13.4,0.58,144149,14.0,5873,degrading
24.02,7.55,33.93,45.7,0.0,0.0,0.2,3.51,-0.02,1.77,0.15,491767,2.3,41057,stable
49.53,4.86,77.06,84.15,0.0,0.0,0.22,4.15,-0.05,2.23,0.14,174066,3.1,9516,stable
66.67,8.3,116.88,158.62,0.0032,0.0014,0.96,3.27,0.73,6.47,0.6,104045,16.6,3245,degrading
21.51,5.74,32.16,39.46,0.0,0.0,0.03,4.73,-0.21,4.07,0.23,456998,3.8,28671,stable
791.66,283.85,3115.52,4622.55,0.2184,0.1739,9.84,0.83,7.78,134.46,2.61,3988,128.4,1126,critical
60.0,14.97,109.84,121.7,0.0027,0.0007,0.44,3.16,2.55,5.03,0.42,77516,11.5,18650,degrading
80.43,18.34,148.71,199.95,0.0027,0.0021,0.6,2.66,1.14,7.67,0.43,75729,8.4,12056,degrading
65.18,19.3,125.67,144.23,0.0032,0.0005,0.84,3.1,1.89,13.24,0.51,97284,9.6,5817,degrading
22.1,3.02,28.79,37.45,0.0,0.0,0.02,4.91,-0.31,1.79,0.09,296645,0.1,8249,stable
38.16,5.65,57.92,66.64,0.0,0.0,0.01,4.82,0.06,2.17,0.17,421694,3.1,10922,stable
54.95,4.35,78.65,107.79,0.0,0.0,0.29,4.24,-0.17,3.53,-0.0,130345,0.6,7274,stable
60.0,10.29,114.18,167.59,0.0036,0.0025,0.81,3.01,2.24,6.92,0.41,91556,7.8,27240,degrading
77.16,15.03,152.65,171.61,0.0041,0.0032,0.89,3.47,1.11,6.46,0.41,100974,8.1,14087,degrading
28.9,7.24,45.27,46.37,0.0,0.0,0.24,4.84,0.05,4.87,0.3,146617,4.2,25491,stable
96.92,8.06,160.13,228.68,0.0023,0.0012,0.93,2.69,1.98,6.75,0.63,80715,14.2,26538,degrading
50.63,6.68,66.43,90.75,0.0,0.0,0.16,3.63,-0.15,1.13,-0.07,258769,0.7,28809,stable
77.82,9.97,136.53,200.66,0.002,0.0007,0.88,3.27,1.33,8.4,0.47,67020,18.9,21310,degrading
60.0,5.71,83.32,118.87,0.0,0.0,0.18,3.71,0.1,4.81,0.29,455397,4.0,11259,stable
79.96,14.88,122.75,193.66,0.0032,0.0024,0.46,2.8,1.57,6.01,0.36,104468,8.4,20745,degrading
120.0,8.68,234.18,241.73,0.0022,0.0008,0.95,2.69,2.31,7.94,0.37,131149,17.2,20896,degrading
95.35,12.55,173.07,223.07,0.0013,0.0008,0.4,3.06,1.12,7.07,0.35,59935,6.0,19582,degrading
44.23,4.61,59.5,79.02,0.0001,0.0,0.27,4.34,-0.25,4.82,0.09,232676,0.9,12978,stable
39.02,4.03,60.11,71.35,0.0,0.0,0.21,4.99,-0.37,2.1,0.06,268731,2.1,45472,stable
97.99,9.31,175.72,245.64,0.0043,0.0013,0.88,3.37,2.94,8.64,0.69,134922,7.2,19129,degrading
38.89,7.21,53.96,64.23,0.0001,0.0,0.24,3.92,0.06,3.83,-0.05,425626,3.0,47527,stable
52.21,2.81,79.51,89.57,0.0,0.0,0.29,4.77,0.33,4.9,0.08,138874,3.8,19659,stable
400.49,26.87,1138.19,1770.11,0.0641,0.0356,1.27,1.53,6.6,16.26,1.55,11881,68.7,5988,congested
38.31,3.27,59.13,73.16,0.0,0.0,0.25,4.03,-0.22,4.36,-0.08,258643,1.9,14955,stable
264.86,54.28,568.94,925.21,0.0623,0.0499,3.14,0.95,5.78,46.56,0.54,19995,39.3,995,congested
39.41,3.56,54.94,72.74,0.0,0.0,0.0,4.79,0.49,1.49,0.16,100965,0.2,14965,stable
120.0,13.0,187.6,244.01,0.0037,0.003,0.36,3.3,0.67,8.15,0.59,94728,13.5,29002,degrading
77.25,12.08,145.93,201.67,0.0027,0.0008,0.71,2.59,0.81,6.14,0.43,65897,17.9,27030,degrading
146.99,71.46,359.31,462.0,0.0667,0.0402,3.89,0.65,5.03,22.93,1.52,52273,95.9,6458,congested
227.27,73.72,655.13,945.1,0.0587,0.0406,3.4,0.87,9.64,37.74,1.23,70297,115.3,5630,congested
54.1,5.88,73.87,91.46,0.0001,0.0,0.06,4.55,-0.38,4.79,-0.06,477384,4.2,34354,stable
238.64,75.19,562.65,1015.14,0.0533,0.0328,1.69,1.02,7.43,41.45,0.87,28340,67.8,14718,congested
33.52,4.12,50.81,59.55,0.0,0.0,0.27,4.24,0.04,4.83,0.25,167786,2.4,48593,stable
33.01,6.46,51.43,54.17,0.0,0.0,0.22,3.54,0.36,2.78,0.08,367631,3.2,14032,stable
60.0,5.0,91.06,108.12,0.0,0.0,0.03,4.04,-0.09,4.34,0.11,392426,0.1,23760,stable
32.47,4.88,48.08,64.06,0.0,0.0,0.12,4.8,0.26,1.23,-0.07,320478,2.1,14503,stable
117.32,17.89,205.87,253.39,0.0053,0.0015,0.34,2.69,0.62,6.71,0.71,123485,10.1,26965,degrading
32.06,2.42,42.48,54.8,0.0,0.0,0.14,4.99,0.36,2.83,0.07,138363,4.6,42344,stable
880.98,73.63,2851.99,4918.95,0.2155,0.1594,3.79,0.99,15.48,32.45,2.94,11244,387.5,3615,critical
32.5,3.63,48.25,64.7,0.0,0.0,0.03,3.58,0.36,4.71,-0.06,145370,0.2,6120,stable
457.74,55.66,1164.52,1546.09,0.0637,0.0352,3.25,1.96,8.69,20.6,0.66,31085,102.8,8171,congested
500.0,20.15,1041.34,1625.77,0.0696,0.043,4.01,0.58,5.31,21.88,1.21,34800,81.8,8529,congested
1330.81,277.41,3451.8,6365.65,0.2251,0.1717,5.78,0.15,10.29,127.69,1.29,10469,206.6,4491,critical
1682.34,221.38,5649.99,7592.16,0.2484,0.1692,8.88,0.33,5.61,52.92,2.12,13605,147.3,2669,critical
33.51,2.42,43.63,65.85,0.0,0.0,0.02,3.79,-0.23,2.13,0.17,187129,3.4,5465,stable
79.3,14.9,151.59,183.23,0.0025,0.002,1.04,2.77,2.15,7.44,0.27,116402,13.9,12343,degrading
332.3,38.51,735.9,1481.35,0.0617,0.0358,3.3,1.93,8.49,28.35,1.44,24417,25.5,14802,congested
743.77,69.67,2335.62,4356.84,0.2541,0.1519,8.49,0.39,13.75,52.22,1.28,11707,443.7,1529,critical
35.0,7.11,46.0,59.14,0.0,0.0,0.2,4.63,-0.12,3.36,0.22,168847,2.1,37283,stable
291.31,30.82,658.76,1068.59,0.0641,0.0375,3.01,1.06,7.47,37.25,0.72,65964,95.0,1363,congested
65.85,17.92,103.65,179.51,0.0048,0.0016,0.36,3.44,0.91,14.44,0.69,58192,11.7,2665,degrading
47.16,6.63,67.81,89.21,0.0001,0.0,0.21,4.27,0.42,1.36,0.18,368958,4.8,19206,stable
1089.97,99.06,4137.54,5436.0,0.2355,0.1607,8.64,0.3,16.08,139.95,1.67,11609,318.0,4087,critical
60.0,14.57,91.33,160.04,0.0034,0.002,0.79,3.39,1.4,9.93,0.59,94076,10.4,3815,degrading
1430.87,225.52,4329.43,6408.41,0.2335,0.1632,5.85,0.37,17.32,77.3,2.95,18421,69.0,4077,critical
38.25,5.83,59.07,75.92,0.0,0.0,0.1,3.94,0.3,1.68,0.14,120542,2.7,4131,stable
43.63,4.24,62.77,73.23,0.0,0.0,0.27,4.41,-0.46,3.45,-0.06,384137,2.0,42047,stable
120.0,17.28,188.63,284.91,0.002,0.0013,1.2,3.02,1.92,14.27,0.66,66794,16.9,7312,degrading
50.22,2.22,69.22,84.64,0.0,0.0,0.27,4.34,-0.21,3.97,0.1,164852,2.9,45658,stable
269.49,79.54,678.31,1163.96,0.0607,0.0344,2.41,0.68,3.0,33.19,1.61,26107,89.4,10993,congested
25.26,2.67,38.22,50.45,0.0001,0.0,0.07,3.98,0.42,4.55,0.06,115322,0.2,14911,stable
120.0,13.24,232.2,242.96,0.0017,0.0014,0.98,3.38,2.32,10.27,0.26,132722,6.9,11859,degrading
58.02,4.9,84.81,102.79,0.0,0.0,0.11,3.76,-0.02,2.55,-0.03,279952,2.1,7436,stable
1226.9,50.34,4896.5,5878.29,0.215,0.164,4.55,0.09,17.93,111.71,1.93,5261,82.0,1929,critical
23.96,2.26,32.4,44.56,0.0,0.0,0.21,4.04,0.3,3.95,0.22,356382,1.9,18080,stable
291.98,56.33,606.68,916.85,0.0683,0.0489,1.3,0.94,6.65,47.03,0.9,24916,117.5,7915,congested
92.23,16.87,144.77,208.66,0.0021,0.0017,0.5,2.62,1.1,7.07,0.79,88105,14.8,21033,degrading
44.79,7.06,58.49,75.84,0.0,0.0,0.06,4.08,0.14,4.5,0.16,435608,2.4,36147,stable
55.04,6.49,84.67,92.53,0.0,0.0,0.21,4.02,0.29,2.36,0.23,152279,0.9,17702,stable
38.0,4.2,50.82,66.95,0.0,0.0,0.09,4.75,0.05,2.33,0.28,438044,4.9,34919,stable
32.27,2.82,43.7,59.79,0.0,0.0,0.19,4.88,0.14,1.13,0.3,139580,3.4,13388,stable
30.16,2.24,47.28,60.3,0.0,0.0,0.18,4.53,0.01,2.9,0.16,322989,3.2,31029,stable
1232.93,137.42,4494.42,7311.01,0.2566,0.1601,8.23,0.99,12.62,59.84,2.26,19543,551.0,1432,critical
51.9,6.82,69.54,96.59,0.0,0.0,0.23,3.62,0.34,3.65,0.07,446594,0.9,13963,stable
26.96,4.29,39.74,51.03,0.0,0.0,0.11,3.7,-0.21,4.9,0.04,267565,0.0,36251,stable
48.85,4.54,67.95,84.52,0.0,0.0,0.2,3.62,0.04,3.84,-0.03,412252,2.9,47658,stable
120.0,9.21,236.66,269.62,0.0023,0.0015,0.8,3.11,1.18,6.39,0.43,59485,9.7,16801,degrading
38.79,6.65,54.57,62.2,0.0,0.0,0.27,4.32,-0.03,4.15,-0.06,409500,1.2,14759,stable
26.75,7.12,40.62,50.33,0.0,0.0,0.18,3.56,-0.04,3.23,0.1,438964,1.6,44319,stable
120.0,20.0,222.65,325.25,0.0019,0.0015,0.52,3.33,1.97,10.86,0.2,97215,9.0,10418,degrading
87.84,10.47,139.75,193.11,0.0015,0.0012,1.13,2.9,1.76,12.5,0.68,142334,12.5,6218,degrading
38.66,4.59,57.69,76.46,0.0,0.0,0.21,4.03,0.39,4.9,0.12,326291,1.5,29640,stable
473.05,30.36,1370.81,2054.7,0.0522,0.0364,1.35,1.58,3.8,23.79,1.25,34324,91.1,14440,congested
311.47,64.92,727.01,1113.92,0.0692,0.0326,1.27,1.59,5.52,23.36,0.76,41758,107.0,11396,congested
237.13,44.75,579.79,971.38,0.0513,0.033,3.8,0.99,3.04,28.49,1.21,73675,82.0,4296,congested
419.2,28.05,1056.78,1280.1,0.0588,0.0411,4.27,1.04,7.55,40.58,1.35,56390,49.3,11431,congested
60.0,4.32,92.69,101.34,0.0,0.0,0.23,4.81,-0.22,1.38,0.0,141603,1.6,27371,stable
46.99,2.44,72.88,78.46,0.0,0.0,0.13,3.96,0.0,2.35,0.2,317557,4.4,27633,stable
27.46,2.46,42.41,48.39,0.0,0.0,0.09,3.51,0.27,1.71,-0.08,469603,4.0,6030,stable
34.84,5.71,55.55,60.45,0.0,0.0,0.21,4.24,-0.41,1.69,-0.06,345037,0.5,37959,stable
22.74,7.93,32.76,38.71,0.0,0.0,0.19,4.87,-0.23,3.02,0.28,168958,3.6,31109,stable
32.87,2.39,50.97,60.7,0.0,0.0,0.17,4.83,-0.48,1.27,-0.04,112015,3.3,32060,stable
99.31,18.71,157.6,218.13,0.0018,0.0014,0.86,2.78,1.13,7.02,0.31,111333,18.6,11153,degrading
98.69,12.9,162.21,258.02,0.0015,0.0012,1.05,3.22,0.59,6.06,0.25,117899,13.4,11086,degrading
500.0,23.79,1411.08,1630.43,0.0519,0.0377,2.11,1.2,5.06,39.19,1.13,48511,97.1,4071,congested
1195.49,86.08,3639.99,5247.62,0.2341,0.1635,6.42,0.95,9.78,145.43,2.83,24884,174.9,3640,critical
956.41,126.84,2893.27,4507.19,0.2563,0.1749,8.71,0.3,7.17,40.94,2.96,17542,337.7,45,critical
110.98,12.03,169.17,287.11,0.0016,0.0012,0.8,2.63,0.62,8.79,0.59,77498,11.7,14994,degrading
84.51,18.12,135.26,184.64,0.0021,0.0012,0.82,2.79,2.28,13.8,0.38,82451,11.6,6910,degrading
302.41,59.81,717.39,1085.35,0.0529,0.0423,1.81,2.03,5.62,15.95,1.93,22695,53.5,7262,congested
93.41,14.71,180.37,212.32,0.0042,0.0009,0.58,2.63,0.72,14.6,0.8,139792,11.9,24333,degrading
1394.83,51.7,5339.01,8226.9,0.2192,0.156,5.43,1.0,18.76,89.82,2.9,26135,112.2,1787,critical
60.0,4.93,79.04,118.49,0.0001,0.0,0.08,3.51,0.22,4.34,0.06,325687,1.1,31487,stable
271.33,24.56,562.96,993.91,0.0554,0.0385,4.57,1.1,9.66,16.38,0.67,60859,80.9,10784,congested
35.23,3.16,49.93,69.92,0.0,0.0,0.12,4.29,0.03,4.05,0.04,386719,2.9,48130,stable
120.0,14.6,184.48,320.96,0.0032,0.0012,0.34,3.47,1.63,13.59,0.41,54259,15.4,1643,degrading
49.73,5.48,79.52,85.1,0.0001,0.0,0.21,4.66,-0.5,3.02,-0.01,449964,0.8,33656,stable
233.94,54.17,540.13,886.83,0.0605,0.0346,1.76,1.64,8.04,42.58,1.46,62967,36.6,9906,congested
47.21,7.19,73.94,88.48,0.0,0.0,0.3,4.58,-0.2,3.42,-0.0,344337,4.5,28286,stable
76.95,16.1,128.66,189.47,0.003,0.0012,0.59,3.13,2.15,11.99,0.41,116600,11.4,17194,degrading
43.65,2.34,57.62,82.6,0.0,0.0,0.11,4.46,-0.23,4.18,-0.01,163535,3.9,35686,stable
32.74,3.98,47.36,64.55,0.0,0.0,0.04,4.9,-0.07,4.64,0.02,150547,1.5,30261,stable
61.13,16.03,111.79,149.1,0.0012,0.001,0.47,3.05,2.33,5.52,0.56,75113,12.5,11825,degrading
454.16,63.59,1206.52,1665.48,0.0521,0.0315,1.42,1.49,3.64,26.18,1.13,22382,66.9,10622,congested
60.24,17.64,118.71,125.42,0.004,0.0028,0.48,2.74,2.49,12.84,0.5,105332,18.8,27287,degrading
277.24,64.92,561.62,971.22,0.0554,0.0345,2.12,1.54,6.37,31.78,1.11,60894,81.5,7368,congested
29.15,7.11,38.1,53.93,0.0001,0.0,0.03,4.39,-0.08,4.05,0.11,304234,3.2,7194,stable
36.08,3.96,49.12,69.6,0.0,0.0,0.09,3.76,0.27,3.33,0.2,361359,0.5,15773,stable
40.97,4.04,58.81,79.81,0.0001,0.0,0.23,4.59,-0.36,3.01,0.2,176617,2.3,6916,stable
43.19,2.11,66.41,70.29,0.0002,0.0,0.25,4.23,-0.17,4.17,0.08,173376,4.3,44245,stable
60.0,11.3,99.3,157.3,0.0038,0.0023,1.07,2.99,1.11,12.1,0.7,97013,15.7,5856,degrading
70.89,19.59,128.24,178.74,0.0026,0.0021,1.05,2.51,1.14,6.81,0.48,140528,5.1,14901,degrading
120.0,13.54,210.2,335.63,0.0042,0.0025,0.49,2.9,1.68,6.67,0.24,81706,13.2,19754,degrading
39.27,2.36,59.21,65.04,0.0001,0.0,0.28,4.82,0.41,4.97,-0.02,242175,3.3,24706,stable
102.34,17.86,181.4,281.21,0.0025,0.0008,0.67,2.52,2.66,10.49,0.39,113379,15.1,4850,degrading
55.25,3.59,86.68,90.69,0.0001,0.0,0.06,3.96,-0.41,1.58,-0.06,269177,4.0,7927,stable
120.0,9.63,219.21,245.73,0.0018,0.0015,1.15,3.41,2.68,6.06,0.34,111222,19.6,18342,degrading
61.27,13.17,92.54,164.03,0.0016,0.0012,0.34,2.84,1.9,10.88,0.3,57452,5.3,12683,degrading
32.59,7.4,43.17,64.72,0.0,0.0,0.02,3.85,-0.34,4.63,-0.03,116173,2.9,17962,stable
370.23,75.41,973.3,1295.1,0.0519,0.0415,1.59,1.3,4.77,15.23,1.74,19392,52.3,13016,congested
120.0,10.14,214.36,273.36,0.0034,0.0015,0.91,2.52,1.69,7.64,0.52,67865,5.9,10033,degrading
83.56,9.12,136.52,170.31,0.0022,0.0017,0.78,2.95,2.85,12.3,0.4,143615,17.8,28658,degrading
336.66,45.94,955.57,1383.93,0.0554,0.0349,3.26,1.79,9.39,15.26,1.14,49647,20.2,9403,congested
404.37,42.19,1132.98,1706.96,0.073,0.0445,2.22,1.01,3.98,43.92,0.59,19471,112.6,1964,congested
60.0,4.86,80.25,100.09,0.0001,0.0,0.16,3.53,0.45,4.38,0.0,346583,4.6,5704,stable
63.68,12.6,114.64,147.42,0.0014,0.0011,1.14,2.86,0.8,12.7,0.36,120061,18.7,17912,degrading
919.03,157.69,3582.27,5386.4,0.2461,0.1643,6.59,0.98,15.08,122.58,0.89,2553,561.4,1055,critical
99.23,14.89,160.97,272.92,0.0039,0.0018,0.36,3.21,1.14,11.39,0.54,64075,10.8,2448,degrading
67.15,14.47,124.85,143.59,0.0012,0.001,0.31,3.2,2.67,6.15,0.65,132323,9.1,21507,degrading
27.78,2.57,42.44,51.19,0.0,0.0,0.28,4.76,0.22,1.31,-0.06,297112,0.8,48935,stable
91.4,18.33,161.7,237.49,0.0018,0.0014,0.45,3.05,1.54,10.71,0.59,77961,18.8,28095,degrading
40.53,4.93,57.57,67.33,0.0,0.0,0.13,3.63,0.11,4.52,0.25,363618,1.1,43286,stable
39.86,3.88,60.83,67.29,0.0001,0.0,0.22,3.88,-0.05,2.54,0.29,256436,0.4,5401,stable
55.23,4.1,78.81,101.6,0.0,0.0,0.2,3.64,0.08,1.59,0.0,283684,0.5,49688,stable
39.75,4.23,60.93,69.02,0.0,0.0,0.27,4.08,-0.49,4.62,-0.06,227725,4.8,47579,stable
28.72,3.55,41.37,48.63,0.0,0.0,0.07,3.64,0.25,1.7,0.05,111313,0.7,9486,stable
90.75,9.23,137.47,242.22,0.0043,0.0021,0.33,3.1,2.76,8.23,0.39,74886,12.6,7519,degrading
90.05,16.47,143.95,189.28,0.0035,0.0028,0.64,2.75,2.4,10.98,0.35,139087,15.8,27323,degrading
46.35,2.85,69.71,77.71,0.0,0.0,0.25,3.9,-0.11,2.19,0.16,140465,2.4,17388,stable
80.98,13.45,156.05,198.86,0.0025,0.0016,1.18,2.64,1.13,9.88,0.51,104871,8.2,27842,degrading
72.24,11.27,132.3,145.11,0.0021,0.0016,0.47,3.08,0.64,14.4,0.27,145159,16.7,24926,degrading
120.0,18.06,212.51,263.04,0.0016,0.0012,0.36,2.88,2.71,12.05,0.45,68297,6.4,7265,degrading
39.63,3.62,60.86,67.68,0.0,0.0,0.13,4.49,-0.06,3.79,0.15,145859,3.9,36313,stable
462.13,75.12,1218.57,1746.25,0.0585,0.0373,1.26,2.21,4.68,43.87,1.22,51442,73.6,14175,congested
32.49,5.12,46.23,55.82,0.0,0.0,0.28,4.85,-0.29,2.04,-0.03,178421,4.5,46625,stable
47.41,7.76,62.93,87.13,0.0,0.0,0.06,4.58,0.09,3.45,0.02,162106,3.1,29725,stable
97.45,8.03,164.82,266.17,0.005,0.0015,0.37,3.09,2.38,10.66,0.21,71111,19.4,21288,degrading
68.01,17.36,104.3,158.51,0.0036,0.0029,0.68,3.4,1.18,5.94,0.79,115195,14.9,24617,degrading
96.93,14.28,175.89,229.79,0.0015,0.0011,0.52,2.99,1.08,14.51,0.59,117790,13.0,8813,degrading
56.54,4.46,81.81,99.86,0.0001,0.0,0.12,3.86,-0.4,1.72,0.22,371018,2.7,24279,stable
39.64,6.79,53.05,69.71,0.0001,0.0,0.08,3.89,-0.01,3.61,-0.05,170204,1.2,48713,stable
294.45,43.77,660.48,1228.17,0.0627,0.0329,4.61,1.65,5.82,30.79,1.15,78147,58.0,1531,congested
1014.72,129.02,2990.82,4989.12,0.205,0.164,9.43,0.8,18.34,84.35,1.71,3232,242.2,1935,critical
32.17,6.5,48.0,56.83,0.0,0.0,0.12,3.95,0.02,3.58,0.29,433225,3.6,24469,stable
40.25,6.64,61.87,76.23,0.0,0.0,0.0,4.53,-0.3,2.92,-0.02,109413,2.4,21816,stable
113.53,17.5,177.49,245.53,0.0041,0.0023,0.73,3.38,2.05,12.37,0.48,66761,6.6,20628,degrading
95.41,9.37,185.95,201.67,0.0025,0.0009,1.15,2.91,2.26,13.34,0.7,53427,10.3,895,degrading
60.0,4.69,81.68,99.17,0.0001,0.0,0.15,4.3,-0.07,1.44,0.2,375632,2.0,19659,stable
1177.76,117.19,3748.36,5621.03,0.2168,0.17,4.32,0.57,12.05,54.35,2.12,15881,236.7,1044,critical
23.96,6.1,32.1,39.32,0.0,0.0,0.03,4.61,-0.44,2.11,-0.06,312307,3.2,44651,stable
48.1,6.08,67.6,83.01,0.0,0.0,0.06,4.69,0.28,1.45,0.26,177851,3.1,49296,stable
75.77,11.03,136.36,210.68,0.0031,0.0025,0.93,3.2,2.72,5.03,0.43,51227,10.5,15003,degrading
33.13,4.3,43.76,63.51,0.0,0.0,0.21,4.31,0.33,2.09,0.26,499477,4.6,39116,stable
255.1,40.14,549.25,1137.31,0.0504,0.0325,3.46,0.95,8.83,25.75,1.59,53986,36.0,1507,congested
115.92,10.21,221.7,314.54,0.0015,0.0012,0.85,2.56,2.33,13.2,0.28,117928,18.8,7917,degrading
42.23,7.97,55.23,82.78,0.0001,0.0,0.07,3.91,0.09,3.64,-0.09,196747,2.2,17266,stable
759.61,289.12,2527.48,4149.68,0.2253,0.164,7.38,0.61,17.21,108.1,1.0,25348,208.2,3168,critical
26.21,7.6,36.79,43.06,0.0001,0.0,0.29,4.92,0.38,1.86,0.15,404356,4.9,9840,stable
61.54,11.93,117.46,129.75,0.0058,0.0008,1.16,3.3,2.4,5.22,0.57,68062,14.9,18824,degrading
1444.12,233.81,3696.52,6268.57,0.2058,0.1637,8.17,1.18,19.67,67.35,2.91,12822,269.1,4159,critical
76.24,12.29,126.5,169.09,0.0035,0.0023,0.87,3.01,1.33,6.01,0.61,80937,10.1,21668,degrading
308.52,74.31,642.32,1031.07,0.0642,0.0304,3.46,1.06,3.58,40.62,0.96,27293,89.1,6683,congested
26.19,3.78,36.61,51.96,0.0,0.0,0.12,4.03,0.33,1.18,0.02,371763,2.8,22378,stable
118.24,10.81,209.15,263.05,0.0024,0.0015,0.78,2.99,1.95,7.15,0.8,124527,8.6,8528,degrading
1972.7,62.73,5474.02,8207.5,0.2098,0.1678,3.89,0.43,13.09,106.85,1.28,29764,509.9,2904,critical
60.71,18.3,94.49,126.66,0.002,0.0016,0.34,2.65,2.33,10.95,0.6,121693,18.7,19236,degrading
67.13,13.83,104.18,150.16,0.0011,0.0009,1.06,3.03,2.87,8.53,0.35,119308,7.6,27049,degrading
225.15,73.81,515.57,898.04,0.0635,0.0415,3.61,0.88,6.59,40.09,1.05,38780,36.4,9285,congested
41.03,2.92,64.68,78.07,0.0001,0.0,0.24,4.18,0.29,4.35,0.16,191370,1.4,16427,stable
53.76,6.3,81.28,99.4,0.0,0.0,0.11,4.89,-0.44,1.37,-0.03,338085,0.8,48435,stable
60.0,2.48,86.01,114.84,0.0,0.0,0.22,4.46,0.26,4.28,0.27,272374,4.9,11567,stable
36.73,4.95,51.66,70.71,0.0,0.0,0.22,4.24,-0.47,3.47,0.06,468733,2.5,35739,stable
60.0,7.3,78.09,118.41,0.0,0.0,0.26,4.84,0.14,3.1,0.03,492000,1.6,37465,stable
42.97,7.6,59.94,77.47,0.0001,0.0,0.09,4.56,-0.3,3.69,0.29,137560,3.4,22743,stable
60.0,17.97,112.58,161.63,0.0035,0.0019,0.43,2.65,1.71,6.16,0.28,75616,5.0,8635,degrading
37.61,2.03,51.32,75.21,0.0001,0.0,0.25,4.06,-0.43,1.39,-0.04,459571,2.1,45886,stable
63.51,16.54,102.28,165.06,0.0023,0.0018,0.56,2.52,2.28,7.36,0.44,78463,8.0,2480,degrading
39.58,2.19,53.05,73.4,0.0001,0.0,0.01,4.05,0.23,2.71,-0.09,126392,3.2,48278,stable
20.0,5.92,31.03,36.2,0.0,0.0,0.13,4.63,0.25,2.06,0.13,457721,2.4,47310,stable
28.31,2.06,43.67,47.29,0.0,0.0,0.2,3.9,-0.49,3.08,0.14,485148,2.9,24087,stable
36.12,3.35,57.2,57.99,0.0,0.0,0.29,4.26,0.14,3.31,0.09,438383,3.2,40264,stable
60.0,16.49,107.13,142.54,0.0047,0.002,1.05,2.73,2.09,8.78,0.24,136135,17.3,9879,degrading
76.27,9.15,127.22,202.96,0.0011,0.0009,0.83,2.64,1.91,5.18,0.53,102177,5.6,20837,degrading
255.81,29.28,597.64,1143.0,0.0642,0.0414,3.27,1.83,8.17,33.47,1.83,11595,59.5,9287,congested
231.59,25.01,661.19,769.33,0.0537,0.035,3.98,0.73,5.16,22.95,0.69,54746,89.5,2208,congested
1060.16,205.12,2700.0,5884.57,0.2311,0.1529,8.63,0.73,7.85,59.08,2.13,20663,121.2,4200,critical
249.63,69.79,745.87,934.22,0.0589,0.042,2.0,1.38,6.16,19.49,0.91,21224,110.1,1207,congested
32.43,3.36,51.22,63.67,0.0,0.0,0.05,4.37,0.46,3.01,-0.07,348000,1.7,42940,stable
43.52,2.47,68.72,81.95,0.0,0.0,0.06,4.13,-0.21,4.06,0.21,216978,0.4,1560,stable
52.26,6.26,76.08,104.09,0.0001,0.0,0.2,3.75,0.29,3.02,0.11,244844,4.3,16598,stable
394.12,74.83,971.17,1440.84,0.0531,0.0423,3.87,0.53,6.74,44.54,1.59,69558,34.8,10811,congested
237.77,72.83,666.7,789.07,0.063,0.0371,2.83,1.06,7.63,25.89,1.78,32609,71.5,12407,congested
2000.0,112.82,7947.08,11258.13,0.2438,0.1762,6.82,0.3,18.38,80.11,1.16,2763,482.0,4143,critical
37.11,3.18,54.35,66.1,0.0001,0.0001,0.13,4.88,-0.03,2.1,-0.04,101498,2.7,6250,stable
800.37,204.86,2692.13,4262.88,0.2117,0.1621,3.23,0.72,10.84,62.68,1.88,25595,372.3,4824,critical
60.0,7.45,80.5,101.69,0.0,0.0,0.15,4.11,0.07,4.68,0.27,192007,1.5,8941,stable
98.95,11.96,159.87,212.41,0.0014,0.0011,1.07,3.09,1.42,9.41,0.67,79331,10.0,5243,degrading
56.03,6.66,81.83,107.52,0.0,0.0,0.03,4.67,-0.13,1.16,0.05,344257,0.6,46277,stable
56.16,6.41,77.03,96.96,0.0,0.0,0.08,4.04,0.47,2.94,0.19,290834,1.9,40024,stable
44.51,6.24,70.43,72.77,0.0,0.0,0.04,3.59,-0.23,1.08,0.27,221580,2.8,16585,stable
85.62,18.57,149.72,183.59,0.0022,0.0015,0.33,2.95,2.66,9.89,0.46,102654,10.7,15704,degrading
60.0,4.78,91.62,110.03,0.0001,0.0,0.27,4.02,0.06,3.48,0.29,224938,4.8,8287,stable
35.16,4.91,53.46,64.88,0.0001,0.0,0.23,3.69,0.15,4.85,-0.02,463721,3.0,29956,stable
34.32,4.77,46.62,67.46,0.0,0.0,0.24,4.85,0.29,4.39,-0.06,469625,3.1,43591,stable
1652.03,156.18,5630.84,8082.23,0.2244,0.1795,7.79,0.22,12.43,121.17,1.24,27401,527.6,2971,critical
103.6,9.92,174.88,277.07,0.0029,0.0015,0.71,2.82,0.89,14.9,0.22,81181,16.5,15856,degrading
38.47,7.93,55.64,65.22,0.0,0.0,0.15,3.75,-0.05,3.04,0.11,427960,2.6,12308,stable
71.98,17.94,125.63,169.74,0.0031,0.002,0.71,2.74,0.75,7.81,0.54,67004,5.6,13740,degrading
296.35,24.04,866.13,937.58,0.0551,0.038,2.73,0.56,3.24,34.68,1.25,79054,46.3,5590,congested
20.0,2.72,27.35,36.0,0.0,0.0,0.18,4.98,-0.33,1.19,0.21,201034,4.1,35492,stable
54.94,4.29,75.69,99.31,0.0,0.0,0.07,4.96,-0.18,3.13,-0.09,453956,3.9,10577,stable
255.72,53.27,643.15,1049.04,0.0625,0.0347,1.24,1.32,4.2,47.24,1.17,45748,56.5,7881,congested
86.13,10.0,150.66,223.63,0.0026,0.0021,0.36,2.5,2.42,7.9,0.73,68496,13.8,3727,degrading
37.75,4.62,53.36,60.83,0.0001,0.0,0.24,4.34,-0.27,1.53,0.02,442526,3.9,32611,stable
111.08,13.4,208.84,264.7,0.0012,0.0009,1.05,3.33,2.95,5.56,0.44,141358,12.0,26203,degrading
500.0,70.53,1159.7,1899.11,0.0544,0.0435,1.29,2.47,4.65,44.03,1.42,41218,93.2,845,congested
259.66,37.44,563.71,864.89,0.0619,0.0366,4.45,2.28,4.51,30.12,0.72,55372,77.2,12777,congested
32.4,7.24,47.64,56.82,0.0,0.0,0.26,4.19,0.33,2.69,0.0,493366,1.5,16862,stable
60.0,3.35,89.86,114.69,0.0,0.0,0.05,3.53,-0.34,2.51,-0.06,179071,3.8,38724,stable
33.57,5.04,52.31,65.04,0.0,0.0,0.05,4.82,0.21,4.5,-0.04,259592,1.4,1474,stable
28.07,3.53,44.28,53.62,0.0001,0.0001,0.12,3.75,-0.48,1.53,0.16,420915,4.9,17971,stable
56.95,7.15,82.52,102.51,0.0,0.0,0.06,4.81,-0.35,4.36,0.01,483850,3.5,20556,stable
49.58,5.13,78.96,81.81,0.0,0.0,0.11,3.5,-0.2,3.59,0.29,438824,0.1,45029,stable
473.76,26.36,1110.66,1900.12,0.0509,0.0357,3.51,2.36,3.88,39.18,0.68,19546,70.6,459,congested
34.44,4.44,48.73,66.06,0.0,0.0,0.28,4.87,0.45,1.98,-0.05,220910,4.5,48630,stable
49.04,3.51,65.52,89.92,0.0,0.0,0.14,4.03,-0.1,1.46,0.25,265930,1.9,33324,stable
29.83,6.02,47.17,48.75,0.0,0.0,0.15,4.37,-0.34,1.88,-0.01,272296,4.6,26567,stable
60.0,6.92,95.96,114.58,0.0,0.0,0.26,4.69,-0.2,2.17,-0.08,120342,3.3,10125,stable
39.26,6.49,61.81,69.63,0.0,0.0,0.21,3.64,-0.3,4.51,0.2,105498,1.2,11505,stable
325.44,66.54,783.5,998.35,0.0558,0.0444,3.82,2.4,5.96,42.63,1.91,13721,51.7,11129,congested
120.0,12.59,233.21,293.61,0.0033,0.0019,0.62,2.78,1.09,14.12,0.38,114807,16.8,1148,degrading
112.04,12.77,212.74,285.66,0.0044,0.0013,0.35,2.84,2.8,10.74,0.75,80941,14.5,8958,degrading
56.42,6.63,77.13,92.1,0.0001,0.0,0.27,3.75,-0.35,3.31,0.16,177847,2.0,47381,stable
32.13,2.31,46.89,58.36,0.0001,0.0,0.29,4.75,0.2,2.64,-0.03,162574,1.3,27912,stable
319.99,66.97,807.0,1407.84,0.0515,0.0373,2.98,0.99,8.05,25.41,1.63,68722,106.6,2282,congested
103.81,8.28,164.01,267.94,0.0021,0.0015,0.37,3.05,1.58,8.4,0.41,143034,9.0,13911,degrading
120.0,12.83,232.92,298.4,0.0016,0.0013,0.67,2.74,0.73,6.09,0.56,89683,18.5,14180,degrading
25.56,7.6,35.65,47.97,0.0,0.0,0.02,4.76,0.46,2.62,-0.01,107725,1.2,35296,stable
49.36,7.1,70.32,85.98,0.0,0.0,0.28,3.52,-0.23,3.81,0.25,176311,0.4,1423,stable
68.46,10.95,109.69,139.29,0.0043,0.0013,0.41,3.09,2.83,13.63,0.53,114460,19.9,15761,degrading
60.0,3.37,85.61,109.38,0.0,0.0,0.01,4.22,-0.2,4.38,0.14,281573,2.0,25365,stable
371.44,47.84,831.32,1454.1,0.0596,0.0477,2.3,1.07,5.66,19.06,1.78,63158,23.4,11442,congested
45.79,3.92,67.11,74.19,0.0,0.0,0.11,3.98,0.46,3.57,-0.09,272070,4.4,15771,stable
101.51,10.4,170.53,210.74,0.0034,0.0027,1.01,2.87,0.88,6.92,0.75,130935,9.7,28235,degrading
34.41,6.69,48.84,57.47,0.0,0.0,0.19,3.88,-0.29,4.26,0.18,408882,0.6,11977,stable
22.38,4.83,34.59,36.93,0.0,0.0,0.26,3.55,0.14,4.05,0.2,454429,3.6,46462,stable
30.57,2.25,39.95,53.47,0.0,0.0,0.14,4.91,-0.38,1.85,-0.09,273574,1.4,43625,stable
57.93,7.8,80.23,96.27,0.0001,0.0,0.02,3.89,-0.01,4.78,0.06,355897,2.1,3292,stable
39.58,6.13,56.62,67.23,0.0001,0.0,0.04,4.93,-0.05,1.74,0.12,449178,3.7,40521,stable
37.47,2.93,55.94,74.3,0.0001,0.0001,0.29,4.74,-0.38,3.03,0.26,477573,1.9,36559,stable
64.18,14.61,96.86,166.24,0.0012,0.001,1.09,3.18,2.29,11.19,0.25,55926,11.4,27949,degrading
32.01,3.22,49.0,56.5,0.0,0.0,0.18,3.87,0.29,2.99,-0.1,336536,4.0,13272,stable
40.3,7.03,56.31,80.23,0.0001,0.0,0.3,4.34,0.05,1.16,-0.04,305287,4.9,43953,stable
32.14,3.9,51.06,61.86,0.0,0.0,0.09,3.82,-0.33,3.56,0.27,303540,1.5,8798,stable
120.0,19.78,185.16,255.21,0.0035,0.0006,0.82,2.71,2.82,6.11,0.61,138589,6.3,1348,degrading
35.78,3.58,46.92,59.01,0.0001,0.0,0.08,4.91,0.41,3.27,0.04,252458,2.1,36651,stable
36.9,2.34,54.96,70.32,0.0,0.0,0.29,3.65,-0.0,2.71,0.03,358213,0.7,36116,stable
40.81,5.13,64.4,66.35,0.0,0.0,0.3,4.68,-0.23,2.06,0.03,437303,0.1,12278,stable
175.51,48.38,409.64,623.93,0.0652,0.0345,1.3,1.92,8.93,27.38,0.74,40559,68.2,14995,congested
353.61,53.65,914.84,1363.1,0.0527,0.0402,3.5,1.35,7.58,46.08,0.96,34311,87.7,14242,congested
500.0,48.65,1218.79,1692.38,0.0518,0.039,4.96,2.18,7.94,15.91,0.9,49876,91.0,10058,congested
48.67,3.93,73.86,85.15,0.0,0.0,0.06,4.35,0.15,1.53,-0.05,114169,3.8,17219,stable
87.74,11.7,133.76,219.29,0.0029,0.0016,1.14,3.1,1.71,12.66,0.35,69201,11.6,962,degrading
49.04,2.12,73.62,87.67,0.0,0.0,0.05,4.49,0.17,2.01,0.03,433919,3.8,17125,stable
34.65,2.36,47.51,61.35,0.0001,0.0,0.21,3.59,-0.46,1.67,0.19,173495,2.6,5569,stable
37.53,7.85,56.96,73.78,0.0,0.0,0.25,4.78,0.3,2.95,0.05,432550,2.5,13072,stable
33.16,7.57,50.63,65.45,0.0,0.0,0.02,3.79,0.11,4.54,0.27,323477,0.2,18781,stable
67.4,9.77,109.37,172.94,0.0014,0.0011,0.55,3.39,2.82,12.2,0.69,95785,18.8,22408,degrading
43.89,2.5,58.5,85.86,0.0,0.0,0.13,3.63,0.05,2.38,-0.09,284389,2.9,13135,stable
38.6,2.55,61.26,72.03,0.0,0.0,0.07,3.88,-0.12,1.58,0.04,373741,4.2,17296,stable
1358.5,195.21,4437.65,8129.41,0.2556,0.1611,3.14,1.11,11.82,41.71,2.01,18115,364.7,4824,critical
24.7,6.57,35.2,40.17,0.0,0.0,0.17,4.04,0.42,2.98,0.07,119267,3.0,30540,stable
80.71,9.74,137.75,182.1,0.0031,0.0025,0.57,2.76,2.49,9.68,0.43,131302,18.7,9794,degrading
57.64,7.8,90.07,105.7,0.0,0.0,0.03,3.64,-0.27,2.71,0.22,240439,0.1,24684,stable
120.0,10.5,180.82,294.72,0.002,0.0007,1.02,3.12,2.33,14.01,0.37,100306,14.0,10689,degrading
60.0,14.79,103.16,144.13,0.0021,0.0017,0.76,2.56,1.44,11.21,0.58,147304,14.1,8949,degrading
33.57,4.8,51.29,55.78,0.0,0.0,0.27,4.26,0.0,1.2,-0.09,320463,2.2,42119,stable
78.35,18.82,136.69,177.67,0.0019,0.0009,0.57,2.68,1.16,10.56,0.61,147959,8.2,6518,degrading
1588.13,283.13,6104.78,9281.53,0.2311,0.1708,5.84,0.11,9.77,84.62,1.59,15538,390.6,599,critical
51.78,4.55,70.56,102.46,0.0,0.0,0.24,4.87,-0.42,2.26,0.02,498419,2.8,44111,stable
51.46,7.61,81.12,99.17,0.0,0.0,0.06,4.78,0.01,4.93,-0.05,265001,1.7,26290,stable
120.0,15.03,200.32,253.19,0.0015,0.0012,1.15,2.91,1.79,9.51,0.47,71435,11.3,15158,degrading
103.57,13.98,190.4,211.01,0.0026,0.0015,0.67,2.98,2.77,14.47,0.47,101436,6.7,10105,degrading
2000.0,295.28,5641.47,11332.34,0.2078,0.1632,7.44,0.9,17.05,34.17,1.86,29583,489.5,1835,critical
1912.98,58.51,7378.01,8295.74,0.2041,0.1628,7.43,0.49,13.01,62.03,2.1,13555,428.0,3044,critical
78.86,16.41,123.82,217.85,0.002,0.001,0.78,3.2,2.79,9.38,0.27,142897,11.6,15175,degrading
120.0,8.01,220.34,260.39,0.0029,0.0008,0.7,3.22,2.71,14.09,0.5,85532,18.5,8212,degrading
60.0,10.68,96.12,126.32,0.0027,0.0022,0.56,2.59,1.47,10.34,0.59,91673,19.8,18962,degrading
102.73,9.69,167.4,226.19,0.0024,0.0019,1.06,2.68,1.77,9.86,0.71,64908,11.8,19277,degrading
284.92,37.38,843.38,1037.78,0.0534,0.0327,3.48,1.91,8.39,33.45,1.1,18799,60.5,8296,congested
771.53,89.75,2250.2,4278.42,0.2169,0.1615,3.2,0.66,19.8,71.18,2.86,4533,378.6,855,critical
1401.29,175.24,5098.54,6014.02,0.2011,0.1609,9.73,0.79,16.3,89.25,1.97,29533,386.4,2714,critical
1185.53,169.45,3513.47,5771.3,0.2042,0.1633,5.83,0.85,16.39,124.69,1.96,21357,479.9,3419,critical
115.1,8.99,225.54,257.4,0.0046,0.002,0.7,3.13,1.89,5.61,0.31,51356,6.6,22030,degrading
30.7,3.98,45.51,53.62,0.0,0.0,0.25,4.58,-0.27,4.9,0.17,280970,0.8,27127,stable
475.84,67.65,1059.54,2004.21,0.0612,0.0321,4.86,2.28,8.79,44.79,1.25,36230,108.4,1304,congested
32.2,2.39,51.28,60.29,0.0,0.0,0.18,3.8,0.42,4.66,0.3,449622,5.0,12989,stable
41.76,6.7,57.87,74.04,0.0,0.0,0.06,4.13,0.25,1.41,0.01,210527,2.2,49038,stable
47.38,7.84,62.23,83.04,0.0001,0.0,0.24,4.08,0.21,4.02,-0.02,444104,2.3,1801,stable
62.52,13.51,110.37,133.53,0.0018,0.0013,0.86,2.54,1.26,12.22,0.24,123625,12.6,23594,degrading
119.56,9.01,192.98,269.45,0.0036,0.0016,0.74,2.93,1.8,12.28,0.74,61846,6.2,9950,degrading
410.47,51.2,1160.01,1621.44,0.0696,0.0314,1.83,2.09,8.09,36.51,1.9,22467,36.3,13645,congested
91.57,14.97,149.14,250.79,0.0035,0.0013,1.05,3.26,1.7,9.25,0.46,76176,14.1,2242,degrading
103.32,16.24,180.25,231.57,0.0027,0.0022,0.88,2.69,1.99,9.35,0.34,129912,7.2,19095,degrading
441.4,24.67,1199.82,1489.44,0.0565,0.0335,4.79,1.99,4.75,27.68,0.81,57886,43.7,8612,congested
35.64,6.97,52.15,58.01,0.0,0.0,0.22,4.6,0.49,2.18,0.16,442191,2.9,39685,stable
50.22,5.22,69.49,83.62,0.0,0.0,0.16,3.79,0.19,4.61,-0.03,134527,3.7,14386,stable
60.0,2.41,80.76,99.54,0.0,0.0,0.22,4.7,0.04,1.6,0.21,223131,1.1,24057,stable
43.71,3.6,62.6,83.86,0.0,0.0,0.08,3.85,0.37,1.68,0.07,174869,3.9,24244,stable
41.49,5.19,54.88,77.97,0.0,0.0,0.28,4.51,-0.43,2.84,0.26,137784,4.9,47504,stable
33.03,2.99,47.93,61.47,0.0001,0.0,0.25,4.51,-0.03,4.66,0.06,194029,3.3,29091,stable
104.71,10.09,173.1,259.78,0.0032,0.0009,0.59,3.24,1.23,6.79,0.68,55558,10.0,23512,degrading
35.81,5.53,55.66,63.62,0.0001,0.0,0.19,3.54,0.33,4.15,0.0,383470,1.1,2976,stable
39.68,4.94,63.32,67.34,0.0001,0.0,0.03,4.75,-0.18,1.75,-0.08,336357,3.4,1812,stable
75.14,11.04,135.91,171.8,0.0017,0.0012,1.08,2.95,2.24,8.69,0.29,82148,15.2,23197,degrading
306.13,39.56,669.65,1241.14,0.0638,0.0321,2.47,1.62,7.32,24.14,0.85,72330,84.7,4734,congested
34.14,5.03,49.14,58.09,0.0001,0.0,0.23,4.58,-0.3,2.35,0.09,232317,3.8,17138,stable
82.82,14.49,135.51,168.1,0.0087,0.0026,1.08,3.3,1.5,13.42,0.21,129974,15.3,11700,degrading
27.7,5.48,42.11,45.03,0.0,0.0,0.24,4.04,-0.33,1.37,0.13,491239,4.1,22356,stable
112.08,14.9,196.34,294.55,0.0019,0.0012,0.69,2.55,0.93,6.53,0.57,91179,9.9,13595,degrading
297.76,78.12,810.56,1083.94,0.0568,0.0321,1.7,0.96,7.58,29.55,1.85,42473,35.4,2165,congested
23.51,4.27,32.54,43.85,0.0,0.0,0.23,4.17,0.03,4.6,0.12,202158,2.2,26299,stable
332.97,68.39,902.34,1294.52,0.0608,0.0365,3.3,1.92,4.73,44.65,1.13,59594,52.6,10566,congested
40.1,3.98,56.55,64.78,0.0,0.0,0.08,4.38,-0.36,2.04,0.12,195009,3.4,25083,stable
117.44,9.32,226.3,250.91,0.0031,0.0025,0.41,2.71,2.43,11.49,0.59,145063,15.0,13208,degrading
75.1,18.1,133.57,170.14,0.0032,0.0026,0.55,2.56,0.78,7.7,0.61,68423,12.8,15483,degrading
29.61,4.8,45.39,49.22,0.0,0.0,0.21,3.8,-0.3,4.53,-0.05,374428,2.7,21649,stable
120.0,16.95,227.19,288.93,0.0012,0.001,1.06,2.52,2.45,9.04,0.68,105239,12.9,21196,degrading
1035.1,173.61,2987.2,5741.4,0.2267,0.1616,5.97,0.12,18.18,49.97,2.78,25056,416.2,4231,critical
37.86,3.44,55.08,68.27,0.0,0.0,0.24,4.7,-0.41,4.29,-0.01,110272,1.1,24484,stable
60.0,4.01,87.35,100.74,0.0,0.0,0.28,4.25,-0.17,3.95,-0.09,289907,1.7,46106,stable
60.0,3.15,89.08,105.74,0.0,0.0,0.2,4.74,0.15,4.88,0.19,469863,2.6,6736,stable
1380.8,51.85,4790.76,6902.85,0.2062,0.165,5.47,0.43,11.93,89.18,1.91,4825,152.2,1627,critical
68.47,15.09,107.58,157.24,0.0046,0.0014,0.34,2.93,2.64,14.54,0.35,79620,13.5,7183,degrading
60.72,15.39,100.31,155.51,0.0034,0.0016,0.91,3.22,1.48,14.89,0.41,58449,9.6,3433,degrading
51.12,6.92,76.24,95.18,0.0,0.0,0.18,3.74,-0.31,3.86,-0.08,292136,0.7,22227,stable
820.15,57.88,2521.11,3814.16,0.2382,0.1665,8.96,0.39,6.63,84.72,1.17,13497,376.1,4014,critical
37.0,6.07,54.57,67.39,0.0001,0.0,0.03,4.27,-0.44,2.43,0.14,322446,2.0,22023,stable
30.51,5.07,43.22,50.77,0.0,0.0,0.02,3.51,-0.19,2.57,-0.0,125841,2.6,14392,stable
57.73,2.72,87.78,104.64,0.0,0.0,0.22,4.49,0.43,4.28,0.13,362812,4.5,20576,stable
120.0,14.84,183.26,308.07,0.0018,0.0014,1.18,2.77,2.39,9.5,0.34,141333,12.0,17195,degrading
196.89,54.13,581.3,859.45,0.0516,0.0377,4.53,0.66,9.43,28.58,1.72,20811,76.8,598,congested
56.79,4.15,75.04,98.41,0.0,0.0,0.3,3.74,0.06,3.24,0.08,469880,3.8,38461,stable
39.38,2.33,58.94,76.18,0.0001,0.0,0.23,4.32,0.13,4.74,0.02,243665,3.6,30953,stable
35.73,3.8,50.04,58.49,0.0,0.0,0.03,3.73,-0.25,1.67,0.17,268333,2.7,3319,stable
44.09,2.44,68.18,79.25,0.0,0.0,0.0,3.68,0.15,3.27,0.12,112742,2.3,46306,stable
36.95,3.36,55.13,73.59,0.0,0.0,0.19,3.61,0.18,1.97,0.19,429013,4.0,28072,stable
82.98,8.81,151.82,174.28,0.0013,0.001,0.92,2.65,1.74,13.64,0.57,104551,19.3,988,degrading
38.89,7.65,62.03,75.06,0.0,0.0,0.21,4.73,0.2,2.76,0.25,155074,1.3,24987,stable
69.64,10.82,107.41,167.84,0.0021,0.0013,0.64,3.1,2.75,8.6,0.42,58798,10.2,22511,degrading
20.57,2.84,32.39,36.68,0.0,0.0,0.1,4.66,-0.24,2.31,-0.06,474030,1.5,26510,stable
60.13,9.03,114.43,140.57,0.0062,0.0014,0.79,3.35,2.96,10.5,0.27,86126,5.5,25554,degrading
43.43,7.1,68.82,75.77,0.0001,0.0001,0.26,4.32,-0.09,1.43,0.06,393574,4.6,13332,stable
74.7,8.82,139.35,171.85,0.0065,0.0025,0.38,2.77,0.78,11.46,0.27,111710,7.0,28328,degrading
60.0,8.18,94.68,148.82,0.0027,0.0022,0.77,3.27,2.05,8.99,0.37,147295,9.3,4319,degrading
69.12,13.62,107.96,139.21,0.0013,0.0011,0.41,3.11,2.55,11.89,0.31,79001,13.2,18937,degrading
40.34,4.02,56.58,72.24,0.0,0.0,0.24,3.69,0.42,3.35,-0.09,485189,1.5,23048,stable
24.31,2.92,35.03,45.61,0.0,0.0,0.07,4.69,-0.42,3.1,-0.02,126826,2.5,25478,stable
22.18,7.92,34.61,42.81,0.0,0.0,0.28,3.74,-0.03,3.96,0.01,468305,4.4,6083,stable
1163.01,263.19,4014.62,5800.66,0.2107,0.1686,5.99,0.27,11.96,52.2,0.95,1289,264.4,4489,critical
45.6,3.51,60.25,81.94,0.0,0.0,0.19,4.56,0.33,4.51,0.16,456002,2.7,14587,stable
118.71,9.96,230.45,240.12,0.0016,0.0009,1.12,3.04,0.7,5.21,0.66,135635,8.6,7603,degrading
120.0,11.35,187.26,244.04,0.0037,0.0029,0.42,2.62,2.81,5.79,0.33,93834,17.3,18277,degrading
391.37,45.52,806.67,1198.95,0.0763,0.0353,2.91,1.03,4.61,15.6,1.74,71463,56.6,10548,congested
81.15,17.54,126.78,167.52,0.0056,0.0029,0.76,2.52,1.2,6.58,0.23,127607,7.0,11043,degrading
1400.36,239.97,3728.75,5754.61,0.2084,0.1648,9.45,0.56,6.06,95.21,2.39,10783,388.6,617,critical
41.55,2.55,62.5,77.75,0.0,0.0,0.01,4.35,-0.19,4.55,0.11,335157,4.7,38444,stable
35.44,3.25,51.82,69.82,0.0001,0.0,0.13,3.62,-0.21,2.12,0.19,468262,1.2,4656,stable
388.12,48.81,1043.02,1725.46,0.064,0.0392,4.22,0.76,4.33,21.0,1.06,58628,84.4,10897,congested
32.48,7.94,48.61,64.72,0.0,0.0,0.11,4.1,-0.48,3.36,-0.05,185521,3.6,16348,stable
1022.33,249.84,3819.12,4667.2,0.2079,0.1663,3.23,0.8,19.22,127.86,2.58,23447,252.7,960,critical
116.89,18.27,194.73,292.45,0.002,0.0011,0.45,2.98,1.13,8.66,0.4,76896,10.7,15406,degrading
90.88,8.19,158.69,217.06,0.0014,0.0011,0.72,3.17,0.85,8.12,0.54,82722,6.6,7355,degrading
52.17,6.15,78.73,97.0,0.0,0.0,0.25,3.75,-0.48,4.12,0.14,379855,4.2,40337,stable
68.04,19.98,103.71,143.51,0.0035,0.0026,0.59,2.63,1.6,8.62,0.65,72943,7.1,13485,degrading
28.55,4.42,43.06,46.67,0.0001,0.0,0.05,4.29,0.05,3.84,0.25,287271,1.2,17345,stable
1641.61,273.27,6382.47,7150.02,0.2094,0.1591,4.75,0.3,15.3,36.77,0.94,6048,354.7,1270,critical
60.0,12.17,92.69,156.7,0.0044,0.002,1.08,2.71,1.72,10.06,0.24,62566,11.3,19457,degrading
62.09,13.27,113.52,147.51,0.0012,0.0007,0.53,2.59,0.84,9.86,0.71,60063,15.2,23866,degrading
672.32,95.45,1902.53,2710.87,0.23,0.1629,4.53,0.79,7.32,93.98,1.76,19227,88.1,4901,critical
60.0,15.11,107.02,162.32,0.0012,0.0009,0.41,3.49,2.9,11.91,0.65,64049,13.9,5055,degrading
38.39,5.69,51.32,67.25,0.0,0.0,0.07,4.26,0.15,3.26,0.05,356879,0.1,19125,stable
120.0,17.41,236.68,258.31,0.0032,0.001,0.97,3.01,1.08,14.06,0.56,143125,17.7,26359,degrading
60.42,10.34,102.25,141.04,0.0039,0.0029,0.72,3.03,1.33,14.84,0.64,74842,8.5,23338,degrading
39.64,2.61,52.19,68.8,0.0,0.0,0.19,4.09,0.44,3.56,0.23,348156,1.6,37094,stable
27.95,6.84,42.52,45.12,0.0001,0.0,0.01,3.74,-0.05,3.09,0.24,386480,5.0,4857,stable
92.55,10.23,149.1,228.79,0.0037,0.0017,0.39,2.54,0.66,9.39,0.34,96192,12.3,14013,degrading
69.65,14.25,133.07,176.45,0.0035,0.0019,0.87,2.53,2.85,7.8,0.36,136356,16.5,20315,degrading
386.1,62.75,943.2,1521.59,0.0599,0.0341,2.91,0.97,5.09,40.84,0.61,68857,78.2,10931,congested
120.0,9.53,211.52,251.17,0.0029,0.0019,0.91,2.73,2.97,14.75,0.37,121297,5.5,20139,degrading
74.68,19.45,136.53,159.38,0.0039,0.0023,0.84,3.06,1.12,12.08,0.54,90368,5.8,10272,degrading
40.18,7.57,57.14,80.33,0.0,0.0,0.09,3.79,0.47,2.45,0.14,343992,2.8,45820,stable
60.0,13.16,117.04,135.76,0.003,0.0015,0.67,3.27,0.89,9.1,0.29,144967,7.7,12862,degrading
253.15,70.23,654.87,764.96,0.0537,0.0429,4.64,1.28,5.02,39.62,1.8,27096,100.8,4641,congested
45.88,7.66,65.1,86.15,0.0001,0.0,0.01,4.24,0.04,1.67,0.2,493971,4.7,10658,stable
92.44,14.68,161.98,200.79,0.0045,0.0011,0.41,3.09,1.03,9.44,0.34,135758,10.1,26680,degrading
44.82,3.29,67.25,84.95,0.0,0.0,0.28,3.77,-0.09,1.86,0.24,399760,1.8,34412,stable
48.07,4.34,68.48,85.93,0.0,0.0,0.06,3.53,0.4,1.84,-0.01,211840,0.6,32323,stable
45.98,5.6,68.54,86.69,0.0,0.0,0.05,4.25,0.08,2.32,0.24,404967,3.6,49860,stable
56.87,5.18,85.61,105.16,0.0,0.0,0.09,4.62,0.06,4.53,0.02,376797,3.8,8422,stable
120.0,12.32,205.46,296.28,0.0039,0.0024,1.02,3.28,1.14,5.73,0.3,125252,17.7,11800,degrading
33.38,4.09,45.19,62.06,0.0,0.0,0.28,4.07,-0.04,1.35,0.14,215284,0.8,27682,stable
1212.97,134.49,3999.96,6891.58,0.2016,0.1564,9.91,0.47,12.38,59.12,0.92,4638,188.4,4939,critical
95.08,19.29,170.34,195.03,0.0039,0.0025,0.93,2.85,2.37,14.26,0.57,120350,18.0,25387,degrading
1170.11,288.65,3512.11,4979.6,0.2077,0.1593,9.76,0.43,5.87,90.56,1.34,21485,264.1,4667,critical
79.59,9.48,148.13,218.03,0.0032,0.0026,0.51,3.17,2.42,10.82,0.24,53800,8.3,8950,degrading
68.76,14.29,118.68,168.8,0.0023,0.0011,1.07,2.86,1.84,10.91,0.63,116606,8.0,25369,degrading
60.0,3.86,90.94,100.69,0.0001,0.0,0.13,4.33,-0.36,2.44,0.17,323412,2.7,26030,stable
97.08,15.55,162.99,259.51,0.0047,0.0035,1.06,2.81,2.65,9.39,0.2,123194,18.2,14788,degrading
214.01,34.04,555.89,647.47,0.0511,0.0409,2.0,1.66,5.72,26.11,1.28,48949,43.4,5736,congested
49.49,2.33,78.52,81.74,0.0,0.0,0.11,3.88,0.01,4.87,0.13,455972,3.3,24287,stable
622.64,116.87,1916.84,2617.31,0.2226,0.1589,9.01,0.36,15.48,112.16,1.22,17115,514.4,510,critical
28.68,2.1,42.37,46.03,0.0001,0.0,0.17,4.49,0.22,2.02,-0.06,131473,2.1,47346,stable
91.94,19.15,138.16,214.56,0.0011,0.0009,0.59,3.02,1.54,13.94,0.8,56838,16.0,11355,degrading
34.51,3.94,50.64,60.59,0.0,0.0,0.22,3.53,-0.44,4.69,0.26,302434,2.5,40808,stable
48.51,3.02,64.14,79.94,0.0,0.0,0.11,4.5,0.47,3.43,0.19,135202,3.1,23238,stable
60.0,15.48,106.63,150.61,0.0014,0.0011,0.44,2.69,0.87,5.73,0.37,102413,7.6,29140,degrading
48.53,4.49,67.84,89.42,0.0,0.0,0.22,4.03,0.11,3.34,0.12,356193,1.3,5147,stable
82.4,17.93,151.74,171.03,0.0027,0.0021,0.89,3.3,0.91,12.93,0.26,109140,17.0,4805,degrading
100.54,11.58,168.39,206.65,0.0044,0.0018,0.6,2.61,1.24,8.15,0.63,66954,9.8,2759,degrading
60.0,2.51,81.22,105.71,0.0,0.0,0.04,4.74,0.15,2.46,0.1,462056,3.2,20509,stable
322.71,61.35,833.7,1441.73,0.0678,0.0364,3.45,1.44,7.96,17.55,1.63,29359,87.1,4435,congested
34.26,2.88,49.77,67.46,0.0001,0.0,0.16,3.69,-0.14,1.25,0.29,147411,1.3,44673,stable
491.64,42.02,1319.76,1751.55,0.0508,0.0406,3.67,1.41,9.22,35.03,1.76,61333,73.3,4963,congested
46.01,5.65,64.63,75.71,0.0,0.0,0.22,3.6,0.21,3.17,-0.07,283320,2.4,9122,stable
59.59,7.94,91.0,105.89,0.0,0.0,0.02,4.18,0.17,3.71,0.05,476676,0.8,25517,stable
245.39,47.78,606.57,804.7,0.0541,0.0394,4.51,2.43,9.99,41.57,1.23,30722,75.8,11685,congested
39.97,5.75,53.62,64.65,0.0,0.0,0.04,3.98,-0.11,4.76,0.06,298511,1.2,1006,stable
478.52,67.08,1372.09,1852.39,0.054,0.0432,1.91,2.46,6.99,19.47,0.57,27037,73.9,11304,congested
1646.93,136.38,4918.32,9632.85,0.245,0.167,7.74,1.1,13.38,69.92,1.72,17491,431.9,924,critical
120.0,16.61,229.33,278.16,0.0018,0.0014,0.63,2.65,1.76,5.35,0.46,145800,10.4,4560,degrading
99.21,12.01,190.28,218.34,0.0023,0.0018,0.37,2.94,1.85,7.33,0.28,99070,10.1,4637,degrading
30.42,6.31,44.11,51.99,0.0,0.0,0.09,4.53,-0.42,2.64,0.09,406253,4.5,17526,stable
45.33,5.98,64.56,73.33,0.0,0.0,0.15,3.7,-0.28,3.62,0.05,434589,4.7,40476,stable
454.73,51.81,978.89,1625.81,0.0542,0.0319,2.11,1.04,6.92,41.34,1.94,31038,111.1,2808,congested
1603.82,100.09,6225.91,8471.24,0.209,0.1667,6.46,1.0,19.09,56.75,0.93,23418,319.6,299,critical
52.1,6.2,81.51,99.44,0.0,0.0,0.25,4.55,0.48,2.85,0.19,307153,0.3,3291,stable
85.75,11.32,140.78,192.41,0.0026,0.0021,0.68,3.36,0.96,9.51,0.21,78414,11.9,27324,degrading
29.9,6.9,46.38,51.26,0.0001,0.0,0.02,3.88,-0.23,2.99,0.08,289485,3.1,12317,stable
106.5,9.41,209.52,226.03,0.0019,0.0005,0.43,3.3,2.9,13.08,0.46,50237,5.5,15103,degrading
36.91,4.01,55.9,67.0,0.0,0.0,0.12,4.27,-0.43,3.04,0.28,491565,2.7,26239,stable
36.75,4.54,48.72,67.59,0.0,0.0,0.21,4.57,-0.06,2.37,0.24,413834,4.9,19224,stable
105.89,8.07,180.27,237.24,0.0027,0.0019,0.54,3.34,0.71,8.44,0.2,113024,19.1,11838,degrading
30.97,4.88,41.58,55.3,0.0,0.0,0.14,4.47,-0.46,1.32,0.03,266729,2.1,34167,stable
358.96,41.32,882.3,1532.2,0.0548,0.0349,1.37,2.16,7.13,31.43,1.04,39235,98.8,2782,congested
47.12,3.0,66.7,89.79,0.0001,0.0,0.22,3.57,0.05,2.37,0.23,237520,3.2,9121,stable
34.23,3.26,54.02,64.27,0.0001,0.0,0.19,4.94,0.15,4.53,0.12,350771,0.3,7529,stable
292.58,61.65,834.04,1099.89,0.0604,0.0337,2.44,0.7,8.95,18.39,1.22,23605,112.7,1696,congested
87.78,10.98,152.53,212.15,0.0014,0.0011,0.49,3.39,2.34,6.28,0.63,78935,12.4,9356,degrading
33.65,7.37,48.92,61.01,0.0,0.0,0.06,3.99,-0.38,4.56,0.14,371640,3.9,25423,stable
26.02,5.38,35.06,50.55,0.0001,0.0,0.19,4.34,-0.45,4.73,0.15,497624,2.7,35795,stable
475.51,22.43,1178.96,1831.89,0.059,0.0344,1.91,0.85,3.0,40.1,1.26,37730,30.4,5075,congested
352.51,42.76,867.81,1581.06,0.063,0.0327,4.91,1.46,5.98,27.21,1.71,27877,71.3,5241,congested
1552.54,268.36,4927.48,7680.82,0.2092,0.1674,8.2,0.44,5.6,41.0,1.75,10218,313.2,2620,critical
59.3,2.36,81.13,101.03,0.0001,0.0,0.04,3.71,0.26,3.89,0.05,130968,0.1,15119,stable
35.48,5.58,55.36,66.5,0.0,0.0,0.25,3.63,0.03,1.86,0.04,357771,0.1,30097,stable
40.59,6.78,52.86,78.62,0.0,0.0,0.2,4.43,0.2,1.33,0.04,273600,1.3,9458,stable
233.02,59.72,676.2,711.2,0.0613,0.0427,4.73,2.08,8.47,39.39,0.53,45323,95.1,3329,congested
37.07,4.45,56.2,62.17,0.0,0.0,0.18,4.0,0.23,3.32,-0.04,224107,1.1,20125,stable
73.68,15.76,135.43,161.3,0.0014,0.0011,0.89,2.72,1.75,6.77,0.35,148691,15.9,23594,degrading
264.79,70.42,788.87,917.75,0.053,0.0337,1.54,1.19,4.42,32.77,0.75,50651,66.7,6118,congested
60.0,4.76,79.02,119.17,0.0,0.0,0.18,4.59,-0.27,2.63,-0.03,379562,4.3,43999,stable
244.1,27.85,523.9,872.67,0.0709,0.0322,4.03,0.66,3.71,17.58,1.32,49903,21.1,9884,congested
459.99,52.32,1341.77,1657.54,0.0555,0.0381,3.03,2.36,8.72,22.38,1.14,30153,94.6,5232,congested
52.53,5.2,79.04,90.21,0.0,0.0,0.02,4.55,0.02,1.53,0.2,134418,0.9,8312,stable
2000.0,166.72,5149.67,10706.72,0.253,0.1579,8.59,0.74,14.06,101.76,2.38,7623,279.6,1115,critical
43.42,2.21,62.92,72.15,0.0,0.0,0.19,4.34,0.24,2.34,0.21,273106,2.4,32757,stable
41.64,5.41,54.58,75.18,0.0,0.0,0.3,4.87,-0.47,4.08,-0.06,110994,1.4,14197,stable
314.82,30.11,919.25,1002.27,0.0557,0.0385,1.53,1.12,9.76,30.21,1.34,63361,75.9,9887,congested
40.0,5.28,57.03,78.54,0.0,0.0,0.07,4.06,-0.37,3.43,0.19,292830,1.2,31423,stable
120.0,12.28,189.75,267.47,0.0038,0.0015,1.06,3.38,1.68,13.89,0.47,114196,7.4,2051,degrading
500.0,57.4,1229.13,2022.56,0.0615,0.0423,1.52,1.5,9.26,29.42,1.77,65592,110.6,4019,congested
79.71,8.48,129.17,191.66,0.0036,0.0012,0.95,2.61,2.07,14.48,0.47,95423,12.4,12763,degrading
120.0,14.36,219.41,306.38,0.0012,0.0009,0.66,3.23,1.74,11.27,0.71,54033,18.9,10261,degrading
120.0,16.38,182.92,251.27,0.002,0.0008,0.39,2.85,1.82,5.78,0.24,99155,13.4,8100,degrading
1887.94,209.07,7551.71,10549.99,0.2165,0.1732,4.66,0.97,13.21,94.38,2.07,15276,526.2,2542,critical
33.36,5.96,45.8,65.9,0.0,0.0,0.0,4.96,0.12,1.61,-0.08,315242,1.2,15757,stable
35.32,2.98,55.2,69.69,0.0,0.0,0.2,4.85,-0.12,2.25,0.27,119013,2.4,23472,stable
39.51,6.8,53.15,73.67,0.0,0.0,0.3,4.85,-0.25,4.08,0.27,462545,4.4,39536,stable
60.83,14.71,117.55,161.31,0.0019,0.0011,0.39,2.83,2.92,5.2,0.7,149362,11.5,28320,degrading
27.67,5.39,41.29,52.92,0.0001,0.0,0.09,4.18,-0.29,4.04,0.1,318862,0.2,31497,stable
59.35,4.5,94.46,112.42,0.0,0.0,0.1,3.86,0.11,4.6,0.02,174677,4.2,37347,stable
108.84,10.87,208.03,231.85,0.0032,0.0019,0.34,2.95,1.87,9.67,0.51,148757,18.2,9599,degrading
91.19,8.97,149.29,216.1,0.0026,0.0016,0.91,2.97,0.86,7.72,0.24,94026,14.7,7689,degrading
120.0,8.79,217.9,334.9,0.0025,0.002,0.63,3.04,2.67,10.43,0.6,117988,18.2,23414,degrading
40.25,2.56,58.04,74.9,0.0,0.0,0.13,4.98,-0.48,2.52,-0.03,322243,1.2,37136,stable
100.29,12.09,180.09,205.26,0.0021,0.0009,1.16,2.97,1.0,13.42,0.5,142322,15.8,13202,degrading
83.87,8.68,135.76,207.07,0.0028,0.0015,0.61,2.96,2.62,6.05,0.51,69643,8.2,8073,degrading
339.16,56.62,872.48,1065.22,0.0525,0.034,4.2,1.82,5.39,30.81,1.69,34095,67.3,394,congested
120.0,11.05,238.54,276.4,0.0015,0.0006,1.11,2.74,1.74,10.78,0.43,142153,11.9,29492,degrading
71.23,11.85,120.14,157.02,0.0022,0.0016,0.42,3.21,0.89,5.6,0.35,66809,14.1,14794,degrading
42.92,2.95,61.63,75.55,0.0,0.0,0.28,4.91,-0.26,1.51,0.18,325285,1.6,34538,stable
1194.99,264.03,3837.86,6527.83,0.243,0.1881,6.38,0.26,6.17,83.18,2.85,6214,212.9,4396,critical
414.24,59.58,985.32,1277.2,0.0559,0.0357,4.6,1.95,8.27,17.94,0.51,76893,45.2,2559,congested
62.53,12.92,120.27,146.3,0.0026,0.0017,0.95,2.5,1.88,14.63,0.65,84042,10.5,9456,degrading
1510.58,218.75,4710.59,8388.03,0.2227,0.1782,5.32,0.3,13.33,61.18,0.96,28639,516.4,236,critical
402.89,24.12,1159.21,1247.64,0.0599,0.034,3.62,1.5,3.95,33.25,1.01,51015,73.8,14843,congested
69.78,14.03,139.52,191.97,0.0029,0.0024,1.11,3.21,1.84,12.77,0.51,82123,8.9,16449,degrading
60.0,5.7,85.85,109.55,0.0001,0.0,0.13,4.03,-0.01,4.6,0.29,488494,1.1,25347,stable
91.04,13.7,179.24,234.67,0.0052,0.0012,0.38,2.51,2.27,9.54,0.31,148202,16.9,17566,degrading
893.33,253.66,2237.21,3628.83,0.222,0.1637,9.35,0.98,18.44,81.57,1.28,18459,174.0,1632,critical
60.0,2.01,88.71,118.87,0.0,0.0,0.24,4.88,-0.14,1.17,0.04,368645,1.1,40688,stable
180.37,45.82,439.45,696.29,0.0586,0.0321,1.91,1.4,3.17,28.35,1.76,33701,79.2,3990,congested
281.08,29.88,670.48,1202.34,0.0596,0.0426,2.68,2.0,7.58,27.31,0.51,28877,97.6,5173,congested
378.82,45.29,948.81,1262.72,0.0587,0.0469,4.52,2.22,8.0,18.55,0.74,51412,44.5,8312,congested
108.3,18.1,168.76,269.34,0.0033,0.0013,0.5,3.21,0.9,5.24,0.42,80509,11.0,22737,degrading
78.68,11.94,124.74,212.65,0.0031,0.0025,1.2,3.23,2.49,11.3,0.42,115464,6.9,14920,degrading
82.43,12.89,145.37,213.69,0.0013,0.001,0.41,3.46,2.8,10.99,0.24,95420,7.7,19038,degrading
30.02,6.64,47.73,58.71,0.0,0.0,0.13,3.54,-0.17,2.68,0.09,471729,0.5,26424,stable
1470.61,247.15,5430.06,8041.12,0.2089,0.1671,6.31,1.1,18.14,40.36,1.77,15776,433.2,3835,critical
54.04,4.44,80.38,88.55,0.0,0.0,0.21,3.71,0.18,1.29,0.19,229521,2.3,9146,stable
60.0,6.63,80.3,119.28,0.0,0.0,0.03,4.09,-0.16,2.86,0.24,177114,3.0,2844,stable
1427.32,61.94,4251.16,6960.1,0.2236,0.1601,4.97,0.53,12.62,98.04,1.46,16488,477.6,3433,critical
80.15,9.3,150.75,210.76,0.0021,0.0017,0.92,3.3,2.62,10.44,0.52,118420,16.7,5532,degrading
118.1,12.05,181.97,287.24,0.0021,0.0017,1.0,3.38,2.69,8.69,0.78,120913,10.6,13540,degrading
36.16,6.32,48.38,58.56,0.0001,0.0,0.04,3.7,-0.39,1.96,0.02,484631,2.9,49392,stable
109.13,9.07,215.98,294.8,0.0017,0.0014,0.73,2.97,1.0,12.39,0.76,128780,10.5,29533,degrading
43.31,7.86,59.09,85.49,0.0,0.0,0.23,3.99,0.42,4.75,-0.08,105963,2.1,29941,stable
1173.25,289.13,4500.17,6094.83,0.2205,0.1676,5.85,0.54,17.47,136.43,1.64,28413,561.2,2058,critical
372.85,43.25,777.11,1455.45,0.0724,0.031,4.67,1.17,4.41,30.01,1.08,75666,111.8,6479,congested
120.0,13.46,228.33,324.94,0.0025,0.0006,0.47,2.57,2.02,8.79,0.73,72295,9.7,29129,degrading
23.58,3.08,35.03,43.94,0.0,0.0,0.24,4.99,0.22,3.91,0.26,235257,0.1,49361,stable
249.39,20.57,714.46,987.89,0.0529,0.0423,1.46,1.23,5.11,36.9,0.91,26265,104.9,12443,congested
166.84,55.1,348.97,747.69,0.0533,0.0391,4.25,2.23,4.19,31.75,1.84,77150,101.1,14119,congested
39.16,6.24,57.73,70.4,0.0,0.0,0.15,4.94,-0.48,1.8,0.08,355375,1.1,46638,stable
44.66,2.84,65.19,78.8,0.0001,0.0,0.13,3.89,0.23,4.93,0.0,361669,1.0,28701,stable
40.78,4.64,54.31,75.7,0.0,0.0,0.3,3.59,0.2,4.93,-0.0,156899,0.6,15860,stable
244.38,53.32,579.79,994.65,0.0538,0.0352,3.86,1.65,8.26,49.98,1.45,25475,77.2,3751,congested
67.08,18.34,127.96,182.44,0.0036,0.0024,0.97,2.52,1.83,13.39,0.7,134131,14.0,5922,degrading
31.47,5.38,49.88,51.72,0.0,0.0,0.15,4.19,0.14,2.82,0.08,106522,0.9,24937,stable
100.95,12.37,163.26,280.08,0.0033,0.0012,0.69,3.44,1.41,13.34,0.53,120534,7.5,22595,degrading
73.75,9.07,142.3,170.94,0.0042,0.0019,0.49,3.4,0.72,8.73,0.26,141194,5.5,13060,degrading
89.8,12.97,168.95,181.98,0.0039,0.0006,0.72,2.94,1.13,11.44,0.73,115596,16.6,25204,degrading
53.21,3.96,75.79,94.63,0.0,0.0,0.13,4.87,-0.01,3.05,0.07,415705,2.1,14197,stable
107.47,15.64,205.73,226.37,0.0036,0.0027,0.3,2.56,2.65,9.92,0.52,129942,17.2,14583,degrading
111.36,16.18,191.31,264.57,0.0051,0.0039,1.13,2.54,0.96,13.09,0.42,68589,17.2,16973,degrading
92.87,19.61,151.76,228.12,0.0017,0.0013,0.64,2.74,1.62,5.46,0.35,128484,17.6,21601,degrading
46.08,7.52,67.99,83.66,0.0,0.0,0.21,4.14,-0.06,3.6,0.27,125602,4.1,15326,stable
1171.76,293.27,2930.74,5539.3,0.2118,0.1695,7.03,0.64,11.03,39.23,2.23,19320,361.9,666,critical
97.09,16.35,168.93,240.28,0.0031,0.0007,0.76,3.27,0.73,8.03,0.22,124595,18.7,17827,degrading
120.0,10.18,210.74,292.01,0.0012,0.001,0.95,2.53,2.46,12.21,0.61,61999,18.8,27017,degrading
20.0,6.57,30.25,34.63,0.0,0.0,0.28,4.68,0.23,2.66,0.03,438510,4.5,23142,stable
56.24,7.66,78.78,102.6,0.0,0.0,0.21,4.07,0.37,3.27,0.08,126896,2.3,41216,stable
60.0,2.47,88.89,96.63,0.0001,0.0,0.28,4.96,0.45,4.52,0.3,250378,4.7,38289,stable
67.43,14.66,111.38,171.24,0.0054,0.0013,0.51,3.42,1.17,6.83,0.58,86410,19.0,14077,degrading
30.52,4.06,41.5,55.03,0.0,0.0,0.23,4.86,0.01,3.88,0.27,357049,3.4,36348,stable
57.81,2.38,77.9,110.34,0.0,0.0,0.23,3.88,0.03,2.26,-0.01,487835,4.6,22837,stable
40.35,7.98,63.1,69.57,0.0,0.0,0.24,4.38,-0.01,3.69,0.1,359368,4.3,31062,stable
1213.59,297.2,3366.54,6658.91,0.2074,0.1639,6.8,0.95,16.05,59.64,1.82,20821,129.6,4421,critical
89.77,9.24,151.99,243.23,0.0045,0.0029,0.47,3.14,0.99,10.7,0.26,131113,17.1,16467,degrading
48.44,7.23,73.11,80.81,0.0,0.0,0.3,4.0,-0.34,1.03,0.01,455646,2.7,31989,stable
53.02,4.72,82.08,94.12,0.0,0.0,0.11,3.94,-0.11,3.0,-0.03,257406,1.9,15014,stable
44.51,7.81,68.56,78.01,0.0,0.0,0.28,4.65,0.04,4.71,0.14,439873,4.2,46040,stable
765.0,267.42,2929.05,3162.1,0.2265,0.1534,7.7,0.57,17.9,30.11,1.4,13641,380.0,4978,critical
404.14,58.12,1059.6,1349.98,0.0545,0.0349,4.28,1.42,9.63,35.37,1.16,10926,115.3,2012,congested
1051.72,205.61,3255.23,4494.49,0.2201,0.1569,9.87,0.1,14.63,46.66,2.61,17871,315.1,2307,critical
459.15,62.76,1180.46,1700.58,0.0637,0.0342,4.57,1.1,7.49,28.28,1.81,61397,32.3,3873,congested
44.91,5.54,66.66,73.75,0.0,0.0,0.23,4.15,-0.32,4.93,0.1,143699,3.4,37218,stable
29.79,3.09,44.81,49.82,0.0,0.0,0.17,3.57,0.13,4.81,0.14,427675,4.4,12175,stable
42.92,5.94,57.91,69.63,0.0001,0.0,0.01,4.32,-0.03,4.71,0.0,207933,2.1,12925,stable
84.17,11.26,158.72,202.78,0.0025,0.0011,1.14,2.68,2.02,12.52,0.73,102530,8.2,24621,degrading
54.07,5.21,72.41,103.77,0.0,0.0,0.2,4.3,0.1,2.66,0.02,119413,3.7,37558,stable
112.34,14.92,189.09,298.82,0.0042,0.001,0.39,2.52,0.92,12.61,0.43,130487,12.5,1466,degrading
60.0,5.03,84.6,113.97,0.0,0.0,0.22,3.99,0.13,3.64,0.19,458852,2.2,9155,stable
114.05,14.91,188.51,270.73,0.0024,0.0019,1.01,2.86,1.51,8.64,0.3,84089,17.0,14986,degrading
33.18,3.53,46.74,59.37,0.0,0.0,0.08,3.81,0.02,1.02,-0.1,187627,0.2,6293,stable
367.88,56.67,935.0,1295.6,0.0594,0.0475,1.76,2.11,9.68,40.25,0.71,69516,99.2,12954,congested
484.33,58.53,1052.23,1468.06,0.0527,0.0418,2.42,0.95,4.11,39.75,1.53,44487,98.1,12058,congested
35.35,6.29,48.9,57.89,0.0,0.0,0.27,4.01,-0.47,1.71,0.19,336343,4.8,35027,stable
42.91,4.29,67.81,76.07,0.0001,0.0,0.04,3.51,-0.25,3.82,-0.06,463554,1.1,11025,stable
40.53,4.73,53.06,79.1,0.0001,0.0,0.07,4.14,0.15,3.91,-0.1,474741,0.8,12445,stable
452.73,63.74,1215.87,1935.36,0.0522,0.0354,4.71,1.97,5.58,16.67,0.59,65520,39.1,4765,congested
54.34,2.39,83.09,103.79,0.0001,0.0,0.07,3.61,0.42,3.12,0.06,314011,3.1,46172,stable
44.84,5.49,64.96,72.37,0.0,0.0,0.28,3.76,0.25,2.23,-0.01,323147,3.8,36610,stable
25.96,4.19,39.67,43.14,0.0,0.0,0.03,3.76,0.35,3.82,-0.02,386448,3.5,49888,stable
500.0,35.15,1404.26,2112.35,0.0528,0.0389,2.1,1.54,9.02,38.63,0.54,18833,108.3,9824,congested
341.29,60.42,871.37,1394.91,0.054,0.0376,3.16,2.1,5.38,30.09,1.0,30117,67.2,11213,congested
60.0,5.09,90.25,96.58,0.0,0.0,0.19,4.43,-0.01,1.03,0.0,143630,3.3,13182,stable
341.96,42.8,874.72,1461.72,0.0673,0.0333,4.35,1.43,3.7,48.67,0.81,32183,117.3,2795,congested
39.55,7.41,56.51,76.16,0.0001,0.0,0.01,3.82,0.04,2.93,0.1,199074,3.4,35508,stable
31.01,7.11,47.5,56.93,0.0,0.0,0.29,3.53,0.27,4.86,0.04,359244,2.8,38313,stable
60.0,6.1,95.34,101.16,0.0,0.0,0.1,3.57,0.45,3.32,0.23,269247,4.5,24682,stable
92.0,9.22,178.01,246.58,0.0015,0.0012,0.84,3.37,1.98,14.74,0.59,81460,17.8,9671,degrading
111.98,15.31,168.34,297.66,0.0041,0.0013,1.12,2.55,0.52,14.48,0.63,128331,18.7,29543,degrading
60.0,12.18,94.92,120.34,0.0031,0.0015,0.86,2.94,1.83,14.88,0.4,71645,11.7,15967,degrading
1863.85,52.51,5386.48,10200.1,0.2568,0.1827,9.43,0.93,17.23,109.24,1.81,16975,349.1,4122,critical
88.25,13.73,152.26,180.83,0.0018,0.0009,0.77,2.65,1.08,12.28,0.79,120465,5.8,4715,degrading
38.15,4.53,58.57,64.02,0.0,0.0,0.18,4.99,-0.06,4.68,0.04,121893,1.0,21516,stable
93.15,18.43,143.56,256.89,0.0025,0.0009,0.4,3.44,1.38,13.61,0.6,146027,18.0,26692,degrading
51.27,3.06,81.11,101.59,0.0,0.0,0.09,4.08,0.35,2.27,-0.03,322720,4.7,35105,stable
28.44,7.4,40.03,50.96,0.0,0.0,0.19,4.41,-0.02,4.78,-0.09,384852,2.0,35975,stable
120.0,14.14,218.11,303.54,0.0013,0.001,0.9,2.57,2.02,5.12,0.6,123121,12.5,612,degrading
1350.0,215.97,3604.66,5557.06,0.2132,0.1702,3.1,0.62,19.94,44.61,1.07,3524,334.2,1748,critical
60.0,11.7,100.22,135.54,0.0036,0.0013,1.19,3.1,2.31,9.39,0.6,115178,17.4,21484,degrading
120.0,11.42,228.4,300.96,0.0024,0.0008,1.03,3.22,0.53,7.85,0.42,119085,16.3,19021,degrading
219.27,37.36,646.79,888.7,0.0636,0.0318,3.25,2.23,4.65,40.8,0.87,65938,63.8,14842,congested
324.4,62.2,918.34,1313.39,0.0563,0.0329,2.25,1.16,6.85,24.17,1.41,29743,32.1,2407,congested
120.0,10.55,188.42,247.62,0.0028,0.0016,0.59,2.88,2.01,6.27,0.65,84602,15.4,28020,degrading
217.15,59.39,506.68,847.4,0.0556,0.031,4.22,2.17,8.98,29.4,1.71,34215,25.3,10371,congested
427.8,23.88,883.18,1772.54,0.0641,0.037,1.66,2.35,7.12,18.21,1.08,63549,81.8,3430,congested
313.23,30.37,859.55,1005.56,0.0569,0.0344,4.24,1.62,6.69,37.79,1.58,67456,77.4,11219,congested
116.15,11.91,204.61,280.79,0.0022,0.0008,0.61,2.83,2.92,6.95,0.63,68368,18.6,22387,degrading
256.31,32.23,534.64,856.63,0.0615,0.0358,2.67,1.54,8.3,24.86,1.17,55003,47.5,3378,congested
60.0,14.8,90.69,129.09,0.0016,0.0013,0.62,2.78,1.08,10.74,0.71,90606,8.8,12915,degrading
805.06,154.49,2482.12,4210.29,0.2591,0.1693,8.21,1.08,7.29,62.67,2.68,9852,298.3,3704,critical
42.09,7.1,58.27,83.39,0.0,0.0,0.27,4.25,-0.09,4.69,0.29,124894,4.6,5055,stable
423.89,65.55,858.55,1787.34,0.0592,0.0415,2.39,2.14,3.72,33.65,1.19,48591,25.1,10139,congested
41.93,4.1,62.64,69.03,0.0,0.0,0.21,3.59,0.17,1.96,0.03,178349,3.9,32781,stable
60.0,13.37,108.66,145.72,0.0038,0.0015,0.4,2.78,0.91,12.12,0.6,63507,11.7,9227,degrading
28.2,5.12,41.15,53.1,0.0,0.0,0.3,4.15,-0.27,3.24,0.25,286292,2.5,7587,stable
41.74,2.58,61.42,80.38,0.0,0.0,0.23,4.6,-0.21,3.74,0.12,338949,0.0,13654,stable
374.93,60.88,1058.3,1273.68,0.0584,0.0467,2.26,2.4,3.19,31.99,1.29,57300,39.4,8614,congested
788.96,158.6,2924.38,3229.51,0.2543,0.1732,3.3,0.33,16.56,57.65,1.64,22660,292.4,3859,critical
26.9,2.72,38.78,50.24,0.0,0.0,0.26,3.82,-0.21,3.83,0.17,420160,0.9,18261,stable
328.76,55.17,700.61,1472.17,0.0587,0.0333,3.73,1.85,9.87,40.3,1.17,22619,98.8,5371,congested
60.0,7.37,81.42,104.24,0.0,0.0,0.29,3.69,-0.34,3.71,0.12,107386,0.3,44515,stable
27.93,7.43,38.8,45.51,0.0,0.0,0.1,4.5,0.27,3.37,-0.0,100098,4.0,41309,stable
704.06,246.75,2396.87,4160.86,0.2251,0.1751,7.29,0.12,19.7,30.98,2.85,19681,504.3,1797,critical
110.23,12.73,196.59,252.21,0.0024,0.0019,0.37,3.43,1.02,13.41,0.25,148870,17.1,2357,degrading
33.73,4.66,53.81,54.78,0.0,0.0,0.17,3.83,-0.07,4.1,0.23,197842,3.3,5655,stable
89.68,15.76,151.3,182.12,0.0035,0.0028,1.11,3.11,0.54,11.18,0.57,56963,11.4,19707,degrading
97.22,11.59,169.64,253.74,0.004,0.0012,0.33,2.58,1.93,7.1,0.66,127236,15.6,27156,degrading
30.76,3.97,40.11,54.04,0.0,0.0,0.01,4.17,-0.24,4.58,-0.06,264577,2.0,44531,stable
345.57,52.87,716.41,1316.01,0.0509,0.0386,1.85,2.14,3.3,21.34,1.1,23623,78.3,10890,congested
72.73,11.36,121.41,161.63,0.0031,0.0024,0.7,2.68,1.1,13.48,0.27,142520,10.6,7907,degrading
33.19,7.04,47.08,65.04,0.0,0.0,0.29,4.41,0.28,2.8,0.11,271581,3.5,42722,stable
41.78,7.29,59.93,67.86,0.0,0.0,0.04,4.5,0.39,2.7,0.07,277143,0.4,44709,stable
78.03,10.39,127.68,212.36,0.0047,0.003,1.14,2.9,1.54,11.85,0.44,137519,19.4,10309,degrading
32.87,6.48,50.22,63.94,0.0,0.0,0.11,4.98,-0.27,1.89,0.19,171862,2.0,15326,stable
108.03,19.1,181.68,252.55,0.0039,0.0009,0.41,2.74,2.06,12.25,0.51,86903,9.6,20146,degrading
60.0,12.56,113.9,132.42,0.0027,0.0013,0.54,3.2,1.24,10.59,0.28,117507,7.8,5527,degrading
266.92,32.2,699.03,1085.65,0.0628,0.0364,1.57,1.15,4.91,43.37,1.23,14482,101.6,4103,congested
76.43,18.34,124.25,159.27,0.0025,0.0009,0.81,2.77,2.79,13.44,0.25,143637,10.5,10001,degrading
498.86,51.32,1214.52,2083.79,0.0664,0.0531,1.4,2.48,8.16,47.58,1.75,39965,106.1,11821,congested
120.0,9.62,212.69,285.28,0.0024,0.0019,0.33,2.65,0.93,11.33,0.54,129803,12.0,14508,degrading
32.42,6.88,51.08,56.52,0.0,0.0,0.15,4.75,0.23,2.32,0.13,366726,0.1,20401,stable
37.46,6.76,55.66,67.92,0.0,0.0,0.23,4.82,-0.16,4.29,-0.06,438580,0.6,20467,stable
52.77,5.95,84.26,90.03,0.0,0.0,0.23,4.31,-0.42,1.07,-0.06,264199,4.7,32232,stable
55.77,6.59,77.14,96.59,0.0,0.0,0.07,4.73,-0.2,2.71,0.01,278404,0.0,15868,stable
1294.94,174.41,4125.0,6584.51,0.2061,0.1649,5.47,0.42,10.59,99.08,1.05,21249,300.4,807,critical
37.31,6.75,53.48,62.73,0.0,0.0,0.01,4.22,0.04,2.1,0.12,306443,1.7,32936,stable
60.0,3.97,95.74,117.02,0.0001,0.0,0.25,4.69,-0.37,2.34,0.25,307381,2.0,45369,stable
102.73,18.89,167.46,234.05,0.0017,0.0014,0.97,2.72,0.75,7.85,0.21,121547,7.2,21847,degrading
741.71,180.67,1894.47,4026.83,0.2052,0.1642,9.46,0.84,5.16,89.44,2.73,16496,164.9,4770,critical
47.07,4.2,67.63,90.1,0.0,0.0,0.29,4.71,-0.2,1.39,0.17,276060,0.6,25263,stable
1578.41,218.26,3970.31,9459.97,0.2502,0.1616,4.48,0.98,13.76,130.52,1.72,10317,436.7,1821,critical
40.79,6.93,55.82,66.69,0.0,0.0,0.26,3.52,0.44,4.45,0.2,493020,0.3,32438,stable
113.02,9.33,192.61,230.75,0.0023,0.0016,0.68,2.71,2.37,10.08,0.65,75438,5.0,29003,degrading
60.0,5.72,78.44,97.93,0.0,0.0,0.17,4.15,-0.03,4.12,-0.01,258611,4.8,10309,stable
64.85,16.92,116.8,170.66,0.004,0.0025,0.94,2.81,2.17,5.4,0.48,73725,5.7,7872,degrading
33.58,2.6,45.15,63.16,0.0001,0.0,0.1,3.94,-0.29,2.06,-0.06,238742,0.2,10134,stable
27.47,3.96,38.2,45.13,0.0,0.0,0.21,4.59,0.15,1.38,0.18,389913,5.0,34974,stable
419.73,279.48,1368.72,2388.5,0.2085,0.1668,4.15,0.42,8.6,123.91,1.27,27063,562.5,568,critical
37.78,5.72,58.75,63.95,0.0,0.0,0.07,4.27,-0.24,1.81,0.01,101103,2.9,19986,stable
45.85,6.71,61.39,80.64,0.0,0.0,0.29,4.55,0.3,2.69,-0.06,167552,4.9,25166,stable
102.64,8.87,195.87,221.35,0.003,0.0008,0.37,2.54,2.43,8.95,0.38,148558,6.3,8437,degrading
41.3,6.42,57.82,77.65,0.0,0.0,0.11,4.15,0.24,3.01,0.23,398087,0.1,31881,stable
39.01,5.18,58.4,71.37,0.0,0.0,0.02,4.22,0.32,2.14,0.24,381825,0.6,32583,stable
26.6,3.7,41.92,47.1,0.0001,0.0,0.26,4.88,-0.34,2.22,0.24,179416,0.0,43670,stable
40.86,4.04,64.67,73.59,0.0,0.0,0.25,3.7,-0.46,2.58,0.29,144136,0.5,37807,stable
246.33,28.77,555.08,824.27,0.0563,0.0316,4.02,1.53,9.17,15.36,1.68,50054,66.9,2271,congested
102.22,15.41,162.02,236.11,0.0044,0.0022,0.53,3.15,1.5,6.99,0.47,118545,16.8,4154,degrading
58.85,7.39,86.14,101.08,0.0,0.0,0.09,4.25,-0.48,3.43,0.11,402112,3.6,31753,stable
90.27,19.47,157.54,223.91,0.0022,0.0015,0.88,3.33,2.19,10.18,0.71,76484,15.2,21194,degrading
42.41,2.79,59.07,71.28,0.0,0.0,0.18,3.56,-0.17,2.87,-0.04,493861,1.0,7387,stable
36.78,2.02,48.93,70.51,0.0,0.0,0.23,3.54,-0.12,1.44,0.04,169414,1.9,21458,stable
242.01,46.65,638.91,795.29,0.0677,0.0322,2.37,1.64,7.43,19.84,0.98,17125,103.4,14756,congested
59.4,6.51,88.25,95.48,0.0,0.0,0.24,4.35,0.03,2.31,0.0,304943,2.9,12981,stable
22.99,3.64,30.17,39.55,0.0,0.0,0.01,3.75,-0.32,2.79,-0.08,291008,4.6,1566,stable
470.69,58.11,1093.36,2023.91,0.0556,0.0434,4.61,1.74,4.61,24.67,1.7,54946,93.3,8700,congested
84.06,11.91,156.03,192.61,0.0011,0.0009,0.7,3.16,2.6,6.04,0.66,124557,17.3,28703,degrading
104.78,15.66,208.66,223.52,0.002,0.0016,0.46,2.81,1.04,7.01,0.3,137604,6.3,12693,degrading
28.66,2.02,37.95,51.87,0.0,0.0,0.08,4.26,-0.35,3.69,-0.09,194251,1.0,46956,stable
59.38,7.49,90.07,105.21,0.0,0.0,0.24,4.82,0.42,3.04,0.16,103821,2.9,24186,stable
81.73,12.24,163.12,189.95,0.0034,0.0009,0.48,2.76,0.66,10.64,0.28,101107,7.8,28103,degrading
2000.0,83.53,5068.16,8865.11,0.2208,0.1767,8.37,0.59,19.99,101.11,2.66,9348,290.5,1210,critical
54.02,5.33,82.38,99.14,0.0,0.0,0.14,4.46,0.28,1.33,0.18,397091,2.8,11501,stable
22.76,3.34,34.35,43.49,0.0,0.0,0.1,3.67,-0.04,1.94,0.28,244544,2.9,47469,stable
80.38,18.17,157.95,221.07,0.0056,0.0032,0.43,3.07,1.8,7.64,0.22,64853,19.5,28268,degrading
32.3,2.81,42.91,62.43,0.0,0.0,0.21,4.03,-0.25,1.05,0.12,440460,4.8,28721,stable
67.18,12.36,133.55,163.79,0.0031,0.0022,0.85,2.87,0.89,14.19,0.34,121116,11.4,24923,degrading
61.04,11.41,112.73,153.84,0.0018,0.0014,0.85,2.71,0.92,8.87,0.67,67653,6.8,1433,degrading
56.24,4.01,81.82,96.59,0.0,0.0,0.21,4.03,0.15,1.93,0.01,225653,4.0,11323,stable
1135.11,264.37,4286.23,6555.14,0.2276,0.1597,7.25,0.2,19.57,115.73,1.43,26795,304.5,938,critical
31.82,3.38,41.43,59.21,0.0,0.0,0.22,4.39,-0.18,1.1,0.2,185901,4.2,21594,stable
41.02,2.84,61.58,75.81,0.0001,0.0,0.2,4.83,0.08,3.53,-0.04,289568,3.6,14276,stable
375.63,39.43,1067.77,1559.46,0.0679,0.0347,2.11,0.62,4.24,15.45,1.51,51176,118.8,11465,congested
33.53,5.62,45.24,63.52,0.0,0.0,0.21,3.69,-0.07,1.99,0.2,204814,4.4,44699,stable
27.37,3.18,40.62,44.75,0.0001,0.0,0.15,4.56,-0.25,2.3,0.03,110296,1.7,40361,stable
96.04,15.47,179.34,237.71,0.0041,0.002,0.85,3.35,0.58,6.64,0.75,146727,5.8,10287,degrading
39.12,7.76,62.26,65.54,0.0,0.0,0.1,4.95,-0.45,1.25,0.18,455015,4.0,25001,stable
35.96,4.96,47.43,71.15,0.0,0.0,0.0,4.54,-0.4,1.46,0.2,208213,3.1,45952,stable
39.28,7.1,60.84,70.28,0.0,0.0,0.16,4.66,-0.16,4.0,0.08,250872,1.7,48282,stable
371.39,33.35,900.26,1234.13,0.0652,0.0467,2.63,2.3,7.13,47.78,1.11,37616,116.5,10962,congested
1275.99,270.55,4255.12,5162.88,0.2402,0.1548,9.63,0.97,17.83,33.97,1.3,3878,527.3,3752,critical
39.65,3.33,59.46,70.62,0.0,0.0,0.3,4.85,0.28,3.99,0.16,441446,2.5,9904,stable
110.3,18.71,170.07,246.06,0.0029,0.0014,0.69,2.94,2.12,14.51,0.72,113952,11.9,13007,degrading
69.48,8.9,121.94,185.67,0.0035,0.0028,0.92,3.15,0.78,14.86,0.54,98356,19.5,4639,degrading
104.13,12.27,187.09,279.52,0.0021,0.0011,1.06,3.48,0.88,12.7,0.64,78773,10.9,5714,degrading
265.11,20.91,559.07,992.61,0.0569,0.0367,2.99,2.17,5.02,49.88,1.23,73979,72.8,6024,congested
114.35,18.38,202.2,293.32,0.0019,0.0013,1.1,3.33,2.55,12.28,0.57,86682,11.3,19590,degrading
42.52,7.1,59.78,77.45,0.0,0.0,0.14,4.46,-0.4,4.62,0.13,412135,4.0,13567,stable
30.16,5.74,41.3,59.36,0.0,0.0,0.19,4.61,-0.15,4.78,0.18,268719,2.1,46015,stable
104.61,11.01,184.72,261.9,0.0012,0.001,1.11,2.74,1.32,8.09,0.6,106245,12.1,20205,degrading
29.1,7.21,44.24,46.81,0.0001,0.0,0.12,4.25,0.2,1.12,0.26,407926,1.2,49077,stable
500.0,55.97,1101.24,1875.23,0.0558,0.0446,3.95,1.66,6.81,37.71,1.45,65940,118.6,10921,congested
1327.89,53.49,5148.69,6343.16,0.2163,0.167,6.18,0.08,9.75,115.81,2.39,13405,67.0,663,critical
1106.33,119.41,3632.54,5954.05,0.2154,0.1721,4.82,0.15,8.2,142.09,1.91,29494,181.6,1467,critical
1648.63,190.32,4597.34,9235.98,0.2235,0.1753,4.31,0.94,14.03,72.21,1.97,12714,532.5,2736,critical
239.38,70.97,587.91,828.65,0.0645,0.0486,4.6,0.64,9.49,32.41,0.58,18809,73.3,335,congested
45.16,2.64,69.21,86.84,0.0001,0.0,0.01,4.46,-0.42,2.74,0.02,318171,0.7,34890,stable
352.82,48.88,737.63,1273.36,0.0557,0.032,2.9,1.22,3.86,24.96,1.33,16167,24.8,8165,congested
33.89,4.15,44.15,65.61,0.0,0.0,0.14,4.32,0.39,1.42,0.23,184018,2.0,16513,stable
756.96,185.12,2495.45,4021.37,0.2251,0.179,5.18,0.87,9.03,120.09,0.93,10238,552.9,1933,critical
37.71,2.05,55.03,74.7,0.0,0.0,0.28,4.24,-0.15,2.66,0.03,184967,3.1,28567,stable
218.01,51.2,550.21,872.27,0.0523,0.0317,4.66,1.87,4.93,38.92,0.94,28180,64.7,9040,congested
64.57,11.41,106.32,146.03,0.0021,0.0017,0.82,3.38,1.62,11.96,0.48,135702,19.9,7677,degrading
102.17,9.74,200.6,242.66,0.004,0.0011,1.16,3.08,1.81,5.62,0.37,50305,18.1,19523,degrading
452.5,32.63,1099.36,1709.63,0.0591,0.0326,4.05,1.91,8.22,25.75,0.63,60003,112.2,6837,congested
43.59,6.9,62.9,83.41,0.0001,0.0,0.11,4.25,-0.29,1.69,0.1,334361,1.2,29782,stable
60.0,9.8,106.15,145.03,0.0014,0.0008,1.14,3.31,0.73,8.14,0.23,101675,9.2,2665,degrading
450.45,22.06,1220.21,1718.7,0.0571,0.039,3.3,2.43,5.83,16.69,1.21,67692,25.2,639,congested
60.0,2.04,87.33,96.9,0.0001,0.0001,0.14,4.18,0.08,2.43,-0.03,301487,4.2,33536,stable
293.35,56.43,710.02,1026.37,0.0577,0.0462,2.1,0.67,9.95,35.33,1.23,33690,64.9,11660,congested
1529.44,285.67,6065.01,9005.42,0.2355,0.184,5.99,0.64,8.79,85.61,2.91,24680,255.8,3168,critical
34.63,5.82,53.64,62.88,0.0,0.0,0.12,3.67,-0.39,4.31,-0.08,375586,4.1,7405,stable
105.12,12.03,205.56,279.57,0.0022,0.0018,0.83,2.65,1.79,9.83,0.7,80240,11.7,11964,degrading
47.3,7.55,73.21,82.0,0.0,0.0,0.25,4.52,0.45,3.04,0.27,487124,4.2,16178,stable
43.59,3.42,56.86,70.12,0.0001,0.0,0.03,4.77,0.05,4.69,0.27,468203,0.4,6926,stable
31.14,6.18,47.5,62.07,0.0,0.0,0.16,4.15,-0.05,2.6,0.27,243668,4.3,45240,stable
77.55,14.15,143.06,159.25,0.0018,0.001,1.12,2.73,2.48,6.09,0.46,143871,19.2,9252,degrading
35.97,6.24,48.95,70.46,0.0,0.0,0.2,4.82,-0.38,3.09,0.19,354447,2.2,1838,stable
54.16,5.1,74.18,86.97,0.0,0.0,0.14,4.81,-0.46,4.91,0.3,339128,1.7,11929,stable
44.56,6.92,71.29,75.07,0.0001,0.0,0.29,3.75,-0.2,1.4,0.01,426382,1.9,5331,stable
385.08,78.33,914.37,1318.2,0.0669,0.0327,4.43,1.37,3.61,28.65,1.64,56304,106.5,11292,congested
235.05,75.13,499.67,936.4,0.0526,0.0394,4.82,0.63,4.52,40.52,0.9,24508,64.2,10883,congested
95.06,13.14,169.66,228.0,0.0014,0.0011,0.9,2.94,2.68,11.75,0.7,91775,17.0,11324,degrading
35.32,2.87,54.51,59.66,0.0,0.0,0.3,4.91,0.36,4.56,0.09,362977,4.5,20254,stable
91.41,9.47,166.53,253.49,0.005,0.0039,0.64,2.93,1.52,5.04,0.36,99856,16.4,17299,degrading
98.1,17.82,152.5,261.67,0.0029,0.0022,0.31,3.42,2.63,6.24,0.64,87411,12.2,2523,degrading
314.44,52.69,637.79,1336.2,0.0598,0.0385,1.4,1.14,5.39,18.67,1.61,64426,78.3,6326,congested
500.0,79.07,1285.61,1724.51,0.0558,0.0375,2.74,1.69,9.99,39.02,1.27,32672,117.6,4478,congested
56.67,7.54,88.0,98.58,0.0,0.0,0.19,4.78,0.02,1.72,0.17,468258,0.1,13320,stable
60.0,2.42,91.41,104.11,0.0,0.0,0.02,4.39,-0.02,4.91,0.24,281931,3.9,10458,stable
28.87,3.63,38.98,47.63,0.0,0.0,0.05,4.43,0.35,1.48,0.26,131778,1.7,30914,stable
44.29,7.99,59.69,87.65,0.0,0.0,0.04,4.13,-0.41,2.05,0.05,440745,4.0,22694,stable
419.55,29.09,1134.57,1381.66,0.0645,0.0322,1.52,1.55,9.81,37.71,1.0,49445,93.8,2428,congested
37.31,5.51,55.2,62.52,0.0,0.0,0.04,4.6,0.42,2.69,0.01,371094,1.2,19830,stable
40.33,3.49,53.58,71.36,0.0,0.0,0.05,4.53,0.49,2.87,0.19,298036,2.2,21104,stable
511.65,211.76,1531.38,2337.74,0.2038,0.163,4.93,0.41,11.2,58.14,1.63,21210,329.2,4833,critical
39.97,7.47,53.48,66.66,0.0,0.0,0.14,4.07,-0.21,4.98,0.19,255498,4.1,24993,stable
120.0,10.58,232.99,266.47,0.0019,0.0015,0.57,3.32,1.84,7.08,0.74,60945,16.0,20514,degrading
50.51,7.59,73.43,87.0,0.0,0.0,0.17,4.52,-0.16,3.29,0.08,363651,0.3,25171,stable
45.29,7.56,62.55,84.24,0.0,0.0,0.21,3.75,0.24,1.57,0.23,372406,1.9,18582,stable
54.02,4.68,84.77,88.4,0.0,0.0,0.28,3.68,0.17,4.58,-0.03,185891,2.9,25913,stable
62.51,13.33,120.98,144.69,0.0064,0.0021,0.34,2.82,2.63,7.5,0.79,98930,19.1,13150,degrading
29.19,2.24,41.47,57.62,0.0001,0.0,0.28,4.73,-0.46,2.88,0.06,224058,2.3,19825,stable
40.84,5.48,56.93,68.02,0.0001,0.0,0.12,3.79,0.11,4.97,0.05,320951,1.6,43970,stable
44.11,4.53,69.16,85.0,0.0,0.0,0.13,3.94,0.45,4.05,-0.04,447387,2.4,44833,stable
307.1,75.67,847.25,930.79,0.068,0.0386,3.64,1.82,4.03,44.89,1.81,39161,80.8,7709,congested
120.0,13.36,201.05,254.55,0.0043,0.001,1.15,2.95,2.43,14.34,0.37,99316,19.9,10927,degrading
251.95,78.53,547.77,1117.85,0.0541,0.0342,2.68,0.54,6.51,28.43,0.6,71237,81.9,2397,congested
32.49,6.31,48.76,61.71,0.0001,0.0,0.0,4.55,-0.22,2.34,0.12,140965,3.2,16932,stable
1566.71,190.65,4693.16,7253.41,0.2111,0.1689,8.61,0.65,7.25,32.75,2.98,19773,311.5,1676,critical
355.12,37.77,969.29,1068.22,0.0526,0.0421,3.02,0.94,3.59,45.13,1.54,18604,46.4,12962,congested
27.49,2.44,41.97,46.79,0.0,0.0,0.1,4.28,0.02,1.83,0.21,219544,2.9,14304,stable
50.02,4.09,79.23,85.74,0.0001,0.0,0.28,4.98,-0.4,4.34,0.05,337931,1.9,20654,stable
99.59,13.44,167.65,214.35,0.0021,0.0017,0.96,2.65,1.19,6.32,0.27,106773,18.6,20687,degrading
282.12,50.98,717.55,1033.99,0.0524,0.034,3.44,1.74,5.48,48.63,1.4,79337,63.2,581,congested
1023.34,291.46,2876.16,5901.88,0.2228,0.1771,8.93,0.13,11.73,51.03,2.79,17724,313.0,2226,critical
28.05,5.97,43.75,51.91,0.0001,0.0,0.29,3.58,0.45,1.64,0.05,266894,3.7,11564,stable
88.54,16.15,140.66,223.09,0.0015,0.0011,0.99,2.75,0.68,11.17,0.2,129258,8.6,9326,degrading
56.72,4.1,89.34,93.79,0.0,0.0,0.24,4.53,0.22,3.79,0.02,139865,1.4,41757,stable
39.31,7.28,60.71,78.07,0.0,0.0,0.15,4.16,0.41,2.87,0.01,437026,5.0,32760,stable
220.86,61.9,641.3,795.57,0.0564,0.0328,4.25,1.41,7.58,48.93,1.19,16722,102.8,4044,congested
38.79,3.26,60.49,68.54,0.0,0.0,0.01,4.79,-0.14,3.56,0.27,160682,2.8,38457,stable
57.84,7.9,92.01,113.69,0.0,0.0,0.25,4.51,0.44,2.78,0.01,149073,3.4,42245,stable
40.57,6.38,61.82,72.58,0.0,0.0,0.07,3.95,-0.4,2.79,0.14,472089,3.7,36430,stable
120.0,13.92,189.26,312.77,0.0014,0.0011,0.49,3.09,0.76,13.08,0.58,146394,15.4,1949,degrading
55.17,5.05,79.92,108.8,0.0,0.0,0.27,4.12,-0.48,4.45,-0.03,348752,0.1,20575,stable
38.17,7.79,51.45,69.33,0.0001,0.0,0.09,4.48,-0.36,3.71,-0.08,233972,4.2,38940,stable
755.62,65.17,2681.05,3212.78,0.2195,0.1605,4.13,0.13,16.97,96.89,0.97,26894,272.0,2136,critical
60.96,8.77,113.23,160.18,0.0029,0.0023,0.38,2.56,2.9,13.44,0.46,74799,6.1,13220,degrading
51.64,5.86,78.18,88.35,0.0,0.0,0.04,4.14,-0.4,2.56,-0.09,459309,2.6,42640,stable
80.68,14.56,125.06,207.58,0.0051,0.0011,0.8,3.35,0.57,11.14,0.71,99393,9.7,29899,degrading
94.67,12.25,143.77,190.19,0.0012,0.001,1.19,2.81,1.79,10.2,0.46,62141,10.3,6848,degrading
35.52,4.15,55.21,62.28,0.0,0.0,0.24,4.63,0.27,3.0,0.04,473374,0.3,8478,stable
120.0,18.42,211.51,305.55,0.0014,0.0011,0.39,2.52,2.91,11.83,0.27,84001,16.2,22636,degrading
50.82,7.63,81.18,92.01,0.0001,0.0,0.22,3.69,-0.22,1.89,0.05,405377,3.6,33463,stable
51.91,5.34,72.63,98.57,0.0,0.0,0.29,3.97,0.14,1.97,0.05,416933,2.5,42629,stable
36.05,5.19,53.44,63.35,0.0,0.0,0.0,3.5,-0.03,1.12,0.29,188826,2.4,3995,stable
500.0,22.95,1463.9,1540.94,0.0678,0.0364,3.7,1.0,4.38,15.5,1.76,36515,106.4,4923,congested
120.0,11.67,227.3,270.41,0.0017,0.0013,1.19,2.84,0.75,12.33,0.65,55896,17.3,23390,degrading
106.45,15.16,197.79,284.61,0.0022,0.0018,0.89,3.49,0.61,14.53,0.24,96076,12.2,8427,degrading
1387.39,285.97,4810.78,5590.13,0.2162,0.173,7.44,0.47,5.04,128.01,2.67,22694,182.8,688,critical
326.12,74.45,879.21,1322.73,0.0616,0.0336,2.09,1.51,5.8,37.56,0.86,48718,94.0,10425,congested
120.0,12.85,208.66,328.61,0.0047,0.0016,1.06,2.77,1.57,11.05,0.51,145503,19.4,2906,degrading
216.59,58.87,500.37,931.67,0.0527,0.0377,2.22,1.04,6.12,44.88,1.64,71860,119.0,265,congested
98.67,18.17,186.6,259.68,0.002,0.0007,0.38,2.54,2.44,10.28,0.52,148071,11.6,6287,degrading
35.13,7.45,49.5,60.25,0.0001,0.0,0.2,4.21,0.49,3.92,0.28,433987,4.5,40906,stable
44.53,7.97,63.82,81.07,0.0,0.0,0.17,3.61,0.23,3.74,0.16,207163,4.7,16761,stable
52.06,5.12,78.33,92.66,0.0001,0.0,0.21,4.21,0.38,2.78,0.01,458406,4.3,9037,stable
69.21,9.46,118.67,148.69,0.0019,0.0014,0.89,3.16,1.19,14.41,0.33,87415,9.3,27968,degrading
1635.25,180.1,4582.89,7904.59,0.2451,0.1703,5.51,1.1,18.35,110.58,1.61,9953,567.3,2222,critical
43.36,5.86,65.18,78.95,0.0,0.0,0.11,4.24,-0.47,3.37,0.04,324670,0.0,16750,stable
946.96,162.44,3686.9,5211.09,0.2125,0.1691,4.92,0.49,7.34,119.49,1.64,4338,255.2,4917,critical
1572.65,257.32,3946.25,7627.9,0.2262,0.1687,7.79,0.87,6.29,71.88,0.91,5364,206.6,2932,critical
732.46,67.21,1980.0,2993.03,0.234,0.1872,6.33,1.05,11.69,50.54,2.56,12274,467.7,715,critical
25.16,2.23,38.8,50.08,0.0,0.0,0.29,3.94,-0.01,2.54,0.15,177537,1.3,43079,stable
25.01,3.67,35.55,50.0,0.0,0.0,0.03,3.95,0.47,4.78,0.03,328341,4.5,1303,stable
50.21,4.14,75.75,93.37,0.0,0.0,0.11,4.67,0.25,4.62,0.06,325671,4.5,49698,stable
84.8,16.0,161.95,209.34,0.002,0.0016,0.46,2.8,2.98,9.33,0.24,139900,7.6,12403,degrading
288.85,21.65,772.71,977.1,0.0573,0.0369,1.45,2.46,5.12,39.99,1.45,12315,106.2,4636,congested
38.41,2.69,59.59,62.55,0.0001,0.0,0.21,4.24,0.13,1.18,-0.04,335748,2.3,12116,stable
51.63,6.16,70.43,94.76,0.0,0.0,0.15,3.73,0.07,3.91,0.11,461479,0.8,25203,stable
391.59,42.59,1075.72,1506.64,0.068,0.0407,4.58,0.72,9.07,31.64,0.78,61603,48.4,10200,congested
38.07,5.14,51.86,70.15,0.0001,0.0,0.04,4.36,-0.16,3.71,0.2,333877,1.4,25921,stable
609.7,123.75,2221.68,2540.06,0.2216,0.1592,4.08,1.04,11.36,143.96,2.26,25172,156.8,4276,critical
120.0,19.1,191.18,243.21,0.0025,0.002,0.61,3.47,1.37,11.2,0.43,51183,6.4,7353,degrading
82.39,19.57,129.2,201.47,0.0018,0.0015,0.78,3.35,2.93,12.53,0.66,102893,6.5,20178,degrading
388.02,42.85,1023.35,1522.49,0.0558,0.0316,2.82,0.74,8.54,38.43,1.7,32112,110.9,4014,congested
315.93,66.3,759.7,1021.24,0.0624,0.0416,4.33,1.73,7.68,20.39,0.88,38787,31.0,4258,congested
52.67,2.44,78.9,103.87,0.0001,0.0,0.23,4.94,0.1,4.72,0.18,463553,0.8,40962,stable
50.54,6.34,79.41,84.57,0.0,0.0,0.16,4.17,0.42,1.04,0.3,291893,3.1,18642,stable
1089.5,262.57,2729.98,5725.33,0.2171,0.1737,4.3,0.73,6.05,102.58,2.06,11369,108.7,2755,critical
208.59,46.08,500.7,767.97,0.0635,0.0433,1.27,2.23,9.2,44.45,1.6,65126,38.1,809,congested
104.14,12.83,173.13,262.88,0.0016,0.0013,0.91,2.62,1.66,7.31,0.4,97062,18.4,20572,degrading
94.87,8.63,187.14,217.21,0.0014,0.0011,0.7,3.46,0.78,8.23,0.34,149619,9.4,11943,degrading
32.28,5.55,49.07,58.3,0.0001,0.0001,0.22,3.71,0.38,1.72,0.22,282792,1.6,8753,stable
112.3,16.97,214.99,299.54,0.0039,0.0014,1.04,2.68,1.84,5.04,0.67,69460,10.8,16142,degrading
49.52,5.43,70.67,79.36,0.0,0.0,0.14,4.01,0.41,2.8,0.11,362591,0.3,39283,stable
38.12,2.24,60.81,66.84,0.0002,0.0,0.13,4.31,0.16,4.14,0.06,358418,0.8,46699,stable
60.0,14.4,95.54,145.63,0.0018,0.0007,0.86,3.1,1.48,7.87,0.3,71738,14.8,26633,degrading
38.12,2.8,52.55,67.38,0.0,0.0,0.18,4.91,-0.33,2.89,-0.06,350272,2.8,20960,stable
36.27,6.98,49.89,61.58,0.0,0.0,0.28,3.98,0.21,4.82,0.1,303014,0.6,20123,stable
38.44,7.55,60.43,74.91,0.0001,0.0,0.25,3.74,0.38,3.71,0.16,333033,3.8,21364,stable
1142.3,159.29,4233.07,5699.24,0.2429,0.1529,4.86,0.71,18.72,121.83,1.07,16828,442.1,1018,critical
81.28,15.79,133.06,219.8,0.0019,0.0015,0.93,2.53,2.42,9.94,0.53,79799,11.3,21456,degrading
1086.31,193.38,2873.65,5040.94,0.2364,0.1651,8.85,1.08,8.15,70.92,1.05,19571,482.0,3093,critical
1362.98,198.13,4561.04,7206.63,0.237,0.1698,9.82,0.24,12.32,62.65,1.09,15870,165.8,1810,critical
39.34,2.91,52.78,73.03,0.0,0.0,0.05,3.92,-0.32,1.35,-0.05,284311,1.0,18849,stable
359.87,37.07,966.47,1397.02,0.068,0.0476,4.37,0.66,8.24,34.74,0.84,62260,23.0,10999,congested
1737.57,207.72,5821.18,7025.3,0.2182,0.1664,6.42,0.44,18.82,128.55,0.89,21260,153.0,93,critical
53.65,6.63,77.36,99.09,0.0001,0.0,0.25,3.84,0.02,4.22,0.04,356883,1.2,6354,stable
1900.38,211.28,7213.5,8467.41,0.2095,0.1552,4.35,0.18,19.24,85.95,1.85,9743,313.6,1183,critical
405.33,36.98,1004.04,1279.43,0.0634,0.0366,5.0,0.94,8.73,20.11,1.95,31469,34.6,5788,congested
1229.69,188.57,3681.33,5938.52,0.27,0.1603,7.15,0.61,12.72,102.42,2.57,2336,140.4,57,critical
204.05,76.09,520.74,787.19,0.0614,0.039,2.38,2.39,8.27,19.84,1.5,12135,118.4,8022,congested
41.58,4.4,55.93,74.9,0.0,0.0,0.17,3.83,-0.23,4.21,-0.08,496836,0.7,40007,stable
31.68,6.03,41.37,52.0,0.0,0.0,0.25,4.1,0.17,1.82,0.02,458534,0.1,5189,stable
120.0,15.5,226.05,298.05,0.0018,0.0015,0.63,2.68,1.51,12.85,0.27,101610,16.1,22671,degrading
43.63,4.26,57.85,78.0,0.0001,0.0,0.03,4.42,-0.38,4.37,0.3,246539,2.3,35871,stable
50.91,3.8,78.15,87.82,0.0,0.0,0.21,4.83,-0.46,2.67,0.14,334574,0.1,11317,stable
120.0,11.59,226.8,281.46,0.0036,0.001,0.56,3.41,2.99,12.98,0.43,110854,10.5,29880,degrading
45.33,3.53,61.21,79.44,0.0,0.0,0.08,4.62,0.43,1.63,0.09,226104,1.8,20882,stable
36.76,4.04,53.78,66.94,0.0001,0.0,0.07,4.37,-0.41,2.69,0.03,426083,0.6,34457,stable
754.19,198.89,2921.22,3774.94,0.2685,0.162,6.24,0.16,9.01,147.54,2.79,19018,444.9,1195,critical
1301.7,284.71,3796.84,6430.15,0.2258,0.1716,6.68,0.38,12.98,86.01,1.74,12631,498.1,3708,critical
23.25,6.3,36.41,37.21,0.0,0.0,0.24,4.66,-0.15,3.76,-0.1,472719,2.8,31396,stable
38.83,6.47,55.92,65.67,0.0,0.0,0.25,4.98,-0.09,1.04,-0.03,361010,3.1,39605,stable
31.02,2.54,47.64,53.65,0.0,0.0,0.02,4.41,-0.31,1.24,0.26,313725,0.7,3617,stable
52.86,5.6,82.35,86.29,0.0,0.0,0.26,4.42,-0.27,3.1,0.17,187419,3.3,3065,stable
54.45,4.64,83.73,101.61,0.0,0.0,0.07,4.66,-0.44,3.82,0.05,116638,4.3,24898,stable
104.21,15.19,207.79,272.25,0.0019,0.0015,0.61,3.0,1.62,9.61,0.73,100529,19.1,4858,degrading
40.21,4.89,61.34,68.88,0.0,0.0,0.23,4.4,-0.49,4.52,0.08,472631,2.5,35016,stable
35.73,7.48,47.23,67.16,0.0,0.0,0.05,3.97,-0.0,4.1,0.2,184286,0.7,15894,stable
1449.96,263.99,3897.71,8440.95,0.2204,0.1632,4.71,0.29,19.67,55.17,1.62,9643,592.4,3083,critical
1890.72,200.63,7182.41,10421.25,0.2146,0.1717,4.01,1.18,14.94,67.75,1.45,9858,531.1,2570,critical
120.0,13.1,210.72,313.02,0.0058,0.0014,0.92,3.4,1.84,13.22,0.35,57297,15.3,9397,degrading
20.0,4.05,28.14,39.33,0.0,0.0,0.17,3.87,-0.21,4.92,0.15,268273,2.5,5828,stable
38.21,2.07,60.63,68.75,0.0,0.0,0.27,4.26,-0.05,4.27,-0.08,134582,0.1,34711,stable
82.3,16.75,151.66,194.94,0.0025,0.0008,0.79,2.82,1.49,13.87,0.55,102445,5.8,20291,degrading
39.15,3.97,55.88,71.14,0.0001,0.0001,0.3,3.95,-0.47,1.66,0.06,226533,0.5,22200,stable
234.65,66.11,692.06,766.41,0.0616,0.0493,3.51,1.63,3.45,20.43,1.07,55465,27.6,8211,congested
50.16,2.23,76.81,82.5,0.0,0.0,0.2,3.84,-0.14,4.91,-0.01,324611,2.0,38647,stable
303.15,31.8,794.38,1325.8,0.0587,0.0326,1.66,0.77,9.54,35.61,1.67,15638,25.2,6003,congested
82.54,8.13,143.03,171.82,0.0042,0.0015,0.54,2.99,1.46,13.19,0.69,83599,11.8,29309,degrading
39.07,4.34,53.68,74.3,0.0001,0.0,0.07,4.06,0.47,1.38,0.11,302697,3.0,17208,stable
108.23,10.9,207.49,276.87,0.0017,0.0014,0.37,3.28,0.6,5.59,0.38,107293,19.9,3173,degrading
304.07,45.18,755.98,1231.73,0.0592,0.0359,4.31,0.66,3.28,38.85,1.87,26156,25.5,13439,congested
77.59,14.05,136.82,157.59,0.0025,0.0008,0.94,2.52,2.59,9.79,0.51,91102,19.8,24146,degrading
313.96,23.82,750.54,1074.41,0.0506,0.0405,4.21,0.63,4.66,39.14,0.94,37553,115.4,1385,congested
469.83,20.94,1027.96,2095.34,0.0544,0.0392,3.68,1.16,5.39,37.61,0.66,13916,100.3,11868,congested
258.15,49.86,632.78,1111.26,0.0567,0.0408,2.23,2.13,7.29,38.9,0.6,50728,76.1,9958,congested
79.66,12.18,127.53,219.74,0.0026,0.0014,0.89,2.5,2.63,11.61,0.32,50323,19.6,22763,degrading
500.0,40.27,1019.95,1903.11,0.0737,0.0343,2.37,0.8,6.08,17.31,0.83,77477,35.0,4197,congested
253.27,72.82,601.0,802.16,0.0591,0.0371,2.02,1.74,4.31,37.57,1.82,15401,45.9,10135,congested
824.79,244.66,2287.77,3642.29,0.2415,0.1561,5.74,0.21,8.12,139.26,2.88,29786,318.5,686,critical
69.12,19.32,108.79,141.63,0.0026,0.0021,0.67,3.05,1.63,14.88,0.22,125765,5.8,13216,degrading
272.57,73.54,565.56,1060.63,0.0559,0.0365,4.81,0.98,8.05,37.97,1.28,28624,35.7,2730,congested
289.87,29.83,693.23,1254.34,0.0521,0.0336,4.77,0.57,7.47,17.85,1.68,72729,28.7,485,congested
87.85,16.92,141.36,234.88,0.0059,0.0007,0.95,3.2,2.38,14.16,0.63,85191,16.9,21027,degrading
54.24,5.36,75.92,90.15,0.0,0.0,0.09,4.28,-0.24,1.84,0.14,135571,0.3,19240,stable
47.11,5.01,72.05,91.64,0.0,0.0,0.0,3.86,-0.18,4.06,0.03,195633,3.2,3273,stable
290.6,68.13,802.25,1110.45,0.0718,0.0312,2.02,0.96,8.54,26.19,1.96,40547,80.9,7608,congested
69.44,13.98,125.95,139.1,0.0011,0.0009,1.02,3.06,2.95,8.71,0.45,66380,7.4,25899,degrading
423.43,23.3,880.76,1306.49,0.0532,0.0334,2.93,2.23,5.86,29.95,1.01,28232,67.2,11075,congested
253.54,34.46,579.57,898.66,0.0595,0.0438,3.39,0.61,7.88,47.75,1.67,65388,27.9,11087,congested
49.17,7.0,65.56,97.82,0.0,0.0,0.11,4.02,-0.03,3.58,0.2,230719,2.9,20078,stable
889.96,74.17,3065.04,4054.95,0.2228,0.1521,6.07,1.03,7.04,93.62,2.17,10077,457.4,3321,critical
1458.75,108.25,4580.92,6165.04,0.2297,0.1682,8.25,0.29,16.34,140.05,2.33,12933,93.8,529,critical
29.03,5.36,40.84,49.23,0.0001,0.0,0.25,4.56,-0.19,2.98,0.28,109281,4.0,13338,stable
85.73,14.49,164.63,230.49,0.0026,0.0008,0.81,3.16,2.01,6.67,0.72,74056,16.2,5705,degrading
21.11,2.96,27.6,37.57,0.0,0.0,0.23,3.69,0.27,1.95,0.17,326312,4.6,19978,stable
96.33,8.81,171.09,238.29,0.0029,0.0023,1.1,2.96,1.8,13.73,0.2,99434,14.4,5199,degrading
97.23,11.37,153.16,233.63,0.0041,0.0027,0.85,3.42,2.82,10.63,0.39,77918,10.5,5825,degrading
36.01,6.63,57.06,59.29,0.0,0.0,0.17,4.69,0.07,2.06,0.17,244595,2.7,24890,stable
186.72,32.56,512.16,722.07,0.0585,0.0351,1.53,2.36,9.04,32.55,0.71,28432,76.7,9812,congested
218.5,64.19,512.88,722.45,0.0517,0.0331,3.87,0.65,6.53,38.55,1.21,18947,33.4,8861,congested
49.22,4.12,77.28,94.25,0.0,0.0,0.28,4.14,0.22,4.32,0.26,127253,1.5,16691,stable
1307.08,57.75,3310.91,6829.57,0.2278,0.1551,7.33,0.59,5.73,121.57,2.62,3963,592.5,1743,critical
45.57,2.93,67.55,84.37,0.0001,0.0,0.14,4.95,-0.28,3.35,0.18,430225,2.0,34659,stable
1194.09,274.23,4212.74,4861.1,0.2469,0.1636,6.45,0.91,11.28,89.86,2.0,10148,256.3,2562,critical
1145.02,220.16,4195.42,4629.53,0.2289,0.1588,8.08,0.59,15.65,49.04,1.82,11011,314.5,2794,critical
77.35,18.18,147.98,212.94,0.0024,0.0007,0.61,3.1,2.28,9.3,0.32,136078,6.4,24969,degrading
419.83,54.45,1239.29,1414.89,0.0674,0.0387,4.96,1.06,9.36,16.35,0.51,52113,68.2,7090,congested
1720.73,143.48,5433.16,7407.91,0.2485,0.1638,3.02,0.25,9.89,37.39,1.19,17861,306.8,4304,critical
37.14,5.95,55.99,72.03,0.0,0.0,0.27,3.55,0.2,2.19,0.27,488423,4.7,24236,stable
289.94,67.28,581.49,992.66,0.0572,0.0336,2.49,0.73,6.21,38.43,1.64,58677,86.1,13051,congested
120.0,10.25,187.68,328.83,0.0016,0.0013,0.39,3.35,0.9,13.3,0.41,95731,11.9,21537,degrading
40.96,5.13,59.63,71.87,0.0,0.0,0.19,4.17,-0.42,2.51,0.3,119404,3.5,42218,stable
32.73,7.26,43.51,54.69,0.0001,0.0,0.17,4.47,-0.46,2.47,0.01,160001,1.9,18390,stable
101.94,12.33,203.56,258.61,0.0019,0.0016,0.94,3.08,2.03,13.47,0.52,71827,5.2,5205,degrading
414.29,59.45,930.56,1574.75,0.0661,0.036,4.78,0.5,5.61,19.5,1.04,17276,57.9,2988,congested
395.65,56.92,1005.61,1530.13,0.0572,0.0353,4.96,1.86,3.53,33.97,1.75,76822,92.8,4714,congested
63.95,10.47,111.03,137.6,0.0025,0.0017,0.63,3.17,0.9,10.61,0.35,72276,18.4,6496,degrading
109.12,17.32,214.76,244.11,0.0022,0.001,0.92,3.09,2.13,5.5,0.65,129524,12.1,12561,degrading
27.68,5.7,40.21,55.27,0.0,0.0,0.02,3.79,-0.01,4.14,0.09,234190,0.4,27964,stable
250.92,51.2,716.38,1102.42,0.0674,0.0423,3.0,1.52,8.51,38.23,1.2,32703,20.2,12497,congested
260.47,71.5,707.33,900.19,0.0558,0.0382,4.13,1.0,4.22,34.04,1.33,42961,110.2,3700,congested
48.99,6.88,73.13,87.35,0.0,0.0,0.3,4.16,0.02,3.09,0.12,307096,0.0,1084,stable
67.46,13.53,115.22,188.35,0.0019,0.0011,1.15,2.66,1.12,13.92,0.46,129807,10.9,22223,degrading
31.73,3.87,41.44,60.51,0.0001,0.0,0.25,3.52,-0.15,3.97,-0.07,326935,2.1,1863,stable
280.99,61.55,595.64,1237.81,0.0556,0.0445,1.99,0.97,7.08,44.95,1.11,75773,25.2,12455,congested
471.09,75.37,1081.31,1794.43,0.0509,0.0372,4.99,0.66,7.56,34.46,1.42,11597,115.6,1372,congested
77.81,14.06,125.66,176.38,0.003,0.0009,1.05,3.38,2.38,8.97,0.63,65522,14.9,12477,degrading
120.0,10.8,229.87,272.81,0.0041,0.001,1.1,3.23,2.69,11.55,0.69,62033,19.5,5838,degrading
95.16,10.98,187.89,191.61,0.0017,0.0014,0.39,3.35,1.06,13.67,0.29,80845,18.9,25271,degrading
92.89,19.53,168.52,257.16,0.0021,0.0017,0.46,2.54,2.23,10.17,0.64,128226,19.0,3951,degrading
39.34,4.35,56.62,64.14,0.0,0.0,0.25,4.87,-0.29,3.16,0.01,297430,2.2,14183,stable
385.59,34.68,1141.74,1504.79,0.0509,0.0344,4.62,1.86,3.59,46.46,1.65,26780,26.3,10790,congested
60.0,2.9,92.34,114.87,0.0001,0.0,0.01,4.59,0.45,3.0,0.04,358660,4.6,9661,stable
80.42,11.79,140.85,198.43,0.0038,0.0022,0.73,3.16,1.34,5.6,0.32,57948,12.6,18850,degrading
57.04,4.94,90.7,112.94,0.0001,0.0,0.07,4.09,0.1,2.5,0.05,153234,4.7,37774,stable
256.5,76.97,662.06,1117.82,0.0521,0.0343,4.76,1.55,6.05,32.05,1.33,17548,78.5,12529,congested
94.47,9.01,178.0,251.56,0.0019,0.0016,0.4,2.76,2.53,5.56,0.37,101695,18.1,7874,degrading
60.0,11.29,111.05,129.96,0.0052,0.0033,0.97,3.36,1.09,5.24,0.36,117448,18.7,25960,degrading
83.04,10.2,140.89,179.86,0.0018,0.0014,1.04,2.96,2.01,13.94,0.73,139281,11.3,22613,degrading
28.36,7.75,37.41,54.15,0.0,0.0,0.22,4.38,-0.49,4.61,0.12,447450,4.4,22803,stable
35.89,6.92,52.62,63.89,0.0,0.0,0.13,4.33,-0.27,3.97,0.11,423613,3.9,11535,stable
27.06,4.98,38.27,49.47,0.0,0.0,0.17,4.51,-0.05,3.44,0.04,395075,0.1,2394,stable
28.78,2.38,44.65,48.19,0.0,0.0,0.17,4.89,0.48,2.82,0.13,433968,1.1,43219,stable
38.08,3.71,52.8,66.66,0.0,0.0,0.22,4.47,-0.34,3.19,-0.07,250945,2.1,2950,stable
1902.31,180.24,5716.51,9640.73,0.25,0.1612,8.36,0.18,16.58,100.31,2.31,21974,148.1,3991,critical
37.05,5.15,53.07,65.23,0.0001,0.0,0.12,3.54,-0.34,3.86,0.16,110838,1.1,12322,stable
34.94,7.08,52.26,62.14,0.0,0.0,0.22,3.72,-0.06,2.15,0.29,266158,0.3,21149,stable
97.07,17.15,153.82,213.49,0.0021,0.0017,0.64,3.41,0.64,12.34,0.44,76822,12.8,14821,degrading
97.66,10.5,150.17,212.07,0.0028,0.0022,0.95,2.74,1.28,8.85,0.31,97862,7.0,9885,degrading
320.88,44.94,874.1,1091.16,0.0541,0.0433,3.63,1.64,4.37,21.45,1.61,46614,109.6,13631,congested
54.33,4.83,75.0,92.59,0.0,0.0,0.01,4.89,-0.17,4.65,-0.06,397568,2.9,18551,stable
29.5,2.05,43.93,52.48,0.0,0.0,0.16,4.15,-0.46,1.66,0.08,183674,0.2,42338,stable
34.69,5.67,45.91,64.76,0.0001,0.0,0.17,4.57,-0.35,3.92,0.08,113507,1.2,2262,stable
28.57,4.31,38.13,48.0,0.0,0.0,0.03,4.79,-0.02,4.35,0.03,235537,3.8,39464,stable
80.98,13.32,160.83,177.11,0.003,0.0006,0.39,2.58,1.99,14.48,0.68,133389,16.0,28701,degrading
1579.46,278.33,5938.76,6901.66,0.2103,0.1682,7.51,0.65,5.57,37.15,1.24,11311,470.8,1580,critical
40.95,2.06,61.5,72.45,0.0001,0.0,0.11,4.73,0.41,1.81,0.12,354759,2.6,22269,stable
26.18,3.4,40.41,47.15,0.0001,0.0,0.06,4.9,0.38,1.8,0.04,404926,1.0,29986,stable
35.32,6.18,51.85,61.97,0.0,0.0,0.08,4.06,0.07,4.53,0.28,395825,0.4,33788,stable
417.92,28.29,1180.99,1669.13,0.0604,0.0379,1.77,2.3,3.25,19.44,1.21,16494,77.2,2450,congested
1232.21,134.47,4046.24,6829.36,0.2346,0.1726,7.22,0.31,14.95,127.06,1.51,8409,554.1,2343,critical
50.57,3.03,66.6,91.41,0.0001,0.0,0.12,4.85,-0.43,3.26,0.24,495247,3.5,19616,stable
60.0,2.67,81.6,102.06,0.0001,0.0001,0.14,4.54,-0.27,1.3,0.13,121681,2.9,37921,stable
59.9,6.08,80.63,101.27,0.0,0.0,0.12,4.56,0.02,1.03,0.27,126398,4.7,2379,stable
31.33,4.59,42.37,62.49,0.0,0.0,0.01,4.72,0.04,2.11,-0.08,164999,4.5,34615,stable
44.18,3.51,64.52,85.25,0.0,0.0,0.13,4.22,-0.12,2.45,-0.08,374215,2.2,10544,stable
33.3,2.02,48.24,54.62,0.0001,0.0,0.28,4.52,0.31,1.44,0.0,457815,3.6,32338,stable
38.45,6.92,51.59,66.15,0.0001,0.0,0.19,4.37,0.41,1.71,0.15,119908,0.7,22426,stable
92.6,11.88,154.27,247.88,0.0014,0.0011,1.01,3.41,1.63,7.46,0.27,129760,13.0,20388,degrading
60.0,15.72,93.67,147.43,0.0017,0.0009,0.4,3.2,1.13,9.59,0.52,95823,6.3,22255,degrading
30.59,7.28,48.77,54.99,0.0001,0.0,0.1,4.21,0.3,1.19,-0.04,259184,1.1,17557,stable
73.84,19.47,129.78,148.24,0.0028,0.0017,0.59,2.55,1.95,6.51,0.4,108244,8.1,16502,degrading
500.0,43.8,1379.4,1657.18,0.0603,0.0357,3.56,2.08,6.3,40.45,2.0,36775,92.0,2318,congested
60.0,4.39,89.25,114.72,0.0,0.0,0.24,4.13,-0.27,1.93,0.26,433566,2.8,31189,stable
71.73,15.29,131.95,165.81,0.0026,0.0017,0.7,3.35,2.14,6.6,0.5,143167,11.6,14381,degrading
60.0,5.77,95.26,101.72,0.0,0.0,0.21,4.82,-0.07,1.25,0.08,155043,3.2,3309,stable
61.35,10.62,105.7,159.71,0.0031,0.0023,0.96,2.69,1.71,8.77,0.35,109771,13.1,15122,degrading
45.38,5.0,71.41,75.27,0.0,0.0,0.12,4.98,-0.21,2.18,0.04,325837,1.3,45849,stable
31.43,2.27,46.16,55.44,0.0001,0.0,0.17,4.52,-0.16,2.45,0.03,384843,0.8,1638,stable
83.26,8.29,162.11,231.73,0.0037,0.0014,0.73,3.47,1.77,14.1,0.23,61981,19.2,4297,degrading
120.0,12.61,233.02,310.63,0.0031,0.0009,0.31,3.16,2.48,11.39,0.36,132275,18.7,20663,degrading
41.42,3.76,62.41,66.28,0.0,0.0,0.2,3.7,-0.2,1.22,0.09,183568,0.5,21149,stable
42.44,2.9,67.55,83.17,0.0,0.0,0.17,4.74,0.0,2.08,0.15,482825,3.0,31851,stable
114.06,19.14,220.06,296.45,0.0035,0.0009,0.46,2.98,1.17,7.55,0.4,120623,12.5,11508,degrading
91.82,12.29,157.34,218.38,0.0018,0.0014,0.35,2.98,2.17,11.5,0.77,88242,14.4,26692,degrading
93.54,14.15,176.69,203.36,0.0038,0.0019,0.58,2.93,2.54,9.08,0.75,134253,7.9,5093,degrading
49.33,4.77,68.81,92.08,0.0,0.0,0.16,4.59,0.15,4.62,-0.04,167664,1.7,25078,stable
1248.96,188.68,4883.44,5850.2,0.21,0.1643,7.98,0.51,8.39,40.53,2.17,29207,402.8,4734,critical
37.69,5.62,59.13,73.37,0.0001,0.0,0.26,4.91,-0.3,2.24,-0.0,243504,4.6,29180,stable
60.41,16.17,115.25,145.09,0.0024,0.0019,0.4,2.55,0.72,11.78,0.56,113222,7.4,15732,degrading
60.0,2.29,81.83,117.46,0.0,0.0,0.17,3.57,0.3,1.22,0.27,184686,2.4,4541,stable
60.0,3.42,86.0,111.2,0.0001,0.0,0.05,4.51,0.08,1.69,-0.07,419657,0.8,10138,stable
55.07,5.24,77.16,109.65,0.0001,0.0,0.25,4.26,0.15,3.39,0.16,192039,1.9,3480,stable
60.0,19.39,101.6,123.77,0.0016,0.0012,0.36,3.33,2.28,7.93,0.7,133369,7.1,21553,degrading
330.64,33.57,671.65,1055.45,0.0609,0.0341,1.46,1.06,7.9,28.11,0.63,38209,71.3,3828,congested
1100.26,143.28,3108.06,6343.9,0.2145,0.1716,3.94,0.26,13.83,32.82,2.98,16379,411.9,1271,critical
195.55,65.47,480.98,607.9,0.0517,0.0406,1.29,1.77,7.04,16.39,1.12,49439,41.2,1538,congested
44.26,4.57,62.49,82.99,0.0,0.0,0.05,4.85,-0.27,1.2,0.19,373604,3.0,25610,stable
60.0,3.65,81.15,114.59,0.0,0.0,0.16,4.89,-0.07,4.48,0.08,491699,4.8,17127,stable
40.97,5.54,60.76,68.07,0.0,0.0,0.06,4.17,0.1,2.31,0.21,436179,1.6,42094,stable
60.0,14.8,115.02,134.11,0.003,0.0015,0.92,3.07,0.98,12.6,0.76,98863,19.9,13124,degrading
60.0,5.54,90.26,112.38,0.0001,0.0,0.18,3.94,0.43,3.21,0.22,185723,1.7,43854,stable
1083.97,250.06,4219.62,4559.76,0.2553,0.1696,5.13,0.5,10.14,32.19,1.43,3353,63.1,1772,critical
46.32,6.13,62.17,80.76,0.0,0.0,0.02,3.72,0.05,1.25,0.25,156858,3.4,20168,stable
220.87,62.68,657.44,918.02,0.0599,0.0357,3.26,2.03,8.07,31.69,1.8,33914,62.5,8143,congested
41.54,7.54,60.95,75.22,0.0,0.0,0.05,3.92,0.02,4.16,0.07,181569,0.4,33487,stable
120.0,17.88,221.38,317.54,0.0017,0.0011,0.86,3.25,1.93,6.98,0.55,79787,6.3,24850,degrading
45.5,2.11,69.31,76.24,0.0001,0.0,0.08,4.98,0.45,3.94,0.29,142253,1.4,13408,stable
392.36,46.69,1106.43,1672.63,0.0624,0.0366,4.6,1.56,3.74,27.1,1.56,38406,62.3,7530,congested
1318.06,243.86,5069.89,7711.35,0.2211,0.1676,4.65,0.21,12.02,139.55,0.92,14416,91.9,1257,critical
1102.79,241.54,4281.4,5417.55,0.2215,0.175,9.09,0.12,9.25,143.55,1.39,12552,237.0,1309,critical
729.53,269.6,2906.17,3581.71,0.2036,0.1614,6.68,0.2,16.68,123.8,1.63,8559,375.7,1620,critical
60.0,7.13,80.99,117.62,0.0,0.0,0.19,4.21,-0.15,3.51,-0.08,401225,0.0,16039,stable
31.92,7.3,48.71,55.91,0.0,0.0,0.29,4.88,-0.14,4.12,0.27,204370,4.2,14126,stable
39.46,4.62,52.77,72.05,0.0001,0.0,0.04,4.94,-0.1,4.5,-0.02,319148,0.1,38446,stable
51.18,7.12,72.49,100.6,0.0001,0.0,0.29,4.18,0.44,4.66,0.0,260727,3.2,26384,stable
86.54,16.18,133.78,222.43,0.0067,0.0012,0.58,2.67,2.05,11.77,0.54,71317,9.2,21400,degrading
60.0,2.33,95.74,115.2,0.0,0.0,0.13,4.48,-0.02,3.79,0.24,178222,1.6,22403,stable
38.46,3.62,61.52,66.27,0.0,0.0,0.18,4.78,-0.12,3.96,0.15,250259,0.7,35756,stable
80.32,11.7,146.4,188.47,0.0066,0.0034,1.05,3.37,0.51,10.14,0.67,68145,16.3,770,degrading
104.97,12.37,193.47,251.37,0.0019,0.0015,1.0,3.4,0.8,5.67,0.71,100095,15.1,13523,degrading
36.81,4.15,48.07,65.35,0.0,0.0,0.05,3.92,-0.1,3.58,-0.1,441353,0.4,45132,stable
115.1,8.67,182.87,310.26,0.002,0.0015,1.12,2.55,2.53,5.66,0.4,52230,18.7,21350,degrading
41.13,5.03,64.2,81.74,0.0,0.0,0.13,4.43,0.29,4.24,0.3,135102,2.5,26547,stable
802.0,118.41,2776.15,4416.8,0.2132,0.1706,5.15,0.42,9.91,116.18,2.1,21760,336.7,4777,critical
95.16,17.8,189.03,257.06,0.0075,0.0014,1.09,3.15,2.12,12.88,0.4,145817,8.3,26214,degrading
116.88,11.95,211.43,253.39,0.0055,0.0012,0.6,3.38,2.32,6.08,0.26,131734,12.0,15106,degrading
59.82,3.24,87.23,100.59,0.0,0.0,0.01,4.36,0.34,3.89,-0.05,336989,3.4,2824,stable
1390.77,219.32,3481.02,7677.47,0.2069,0.1655,6.61,0.37,12.55,72.2,1.35,18191,404.7,711,critical
60.0,6.26,89.59,114.48,0.0001,0.0,0.27,4.76,-0.25,1.54,-0.02,488394,2.7,9942,stable
86.64,18.01,149.36,211.23,0.0011,0.0008,0.46,2.74,1.57,7.95,0.66,83815,19.8,25834,degrading
236.76,64.41,676.65,877.63,0.0651,0.0407,1.87,2.4,7.38,18.54,1.89,46162,35.7,3475,congested
120.0,16.97,183.96,273.06,0.0029,0.0023,0.66,2.61,0.91,8.37,0.64,65016,9.0,20454,degrading
93.56,16.07,174.26,260.27,0.0026,0.0008,1.16,2.57,0.6,10.75,0.64,71745,12.6,26251,degrading
103.29,12.33,178.72,262.3,0.0032,0.0025,1.12,2.87,1.15,5.74,0.47,118868,19.7,15878,degrading
29.11,4.65,43.24,57.05,0.0001,0.0,0.07,4.56,-0.2,1.18,0.12,433941,2.0,31247,stable
21.7,7.6,32.87,42.78,0.0,0.0,0.22,3.93,-0.2,2.88,-0.09,415729,1.6,42834,stable
62.58,17.68,104.59,168.56,0.0021,0.0017,0.42,2.53,2.97,13.32,0.64,69301,5.4,14813,degrading
429.43,32.59,986.09,1296.43,0.0662,0.0337,3.86,0.86,6.87,34.97,1.44,64549,114.4,10704,congested
50.81,5.8,76.14,81.33,0.0,0.0,0.08,4.28,0.47,3.11,0.05,253370,4.8,36226,stable
28.73,5.6,41.79,56.53,0.0,0.0,0.09,3.62,-0.1,1.69,0.18,238439,4.9,32407,stable
28.87,5.36,38.37,55.42,0.0,0.0,0.24,4.4,-0.14,2.78,0.23,235570,0.4,45652,stable
202.9,48.58,483.72,907.29,0.0516,0.0348,2.02,1.46,5.24,16.28,1.48,40517,22.8,14000,congested
52.29,4.08,70.69,83.72,0.0,0.0,0.06,3.91,-0.33,3.87,0.21,284931,3.6,37060,stable
920.6,153.38,3119.77,4277.38,0.2188,0.175,7.6,0.29,18.0,92.34,1.97,27991,224.2,3098,critical
60.0,10.43,97.6,143.26,0.0017,0.0013,0.4,3.04,2.41,7.01,0.41,70380,18.3,25826,degrading
500.0,35.55,1297.61,1947.38,0.064,0.0384,2.31,1.31,9.31,43.46,1.7,49485,59.6,2073,congested
91.15,16.22,142.03,189.82,0.0022,0.0017,0.77,3.44,1.32,8.63,0.78,123752,16.6,9231,degrading
44.55,5.02,70.33,75.0,0.0,0.0,0.11,4.6,-0.48,1.06,-0.09,187743,1.9,30784,stable
88.99,9.25,150.62,182.06,0.0024,0.0011,0.91,3.42,1.01,9.13,0.36,108634,9.3,16961,degrading
34.28,2.38,45.33,58.3,0.0001,0.0,0.18,4.89,-0.27,2.97,0.25,131157,0.3,12431,stable
40.76,7.08,56.89,72.35,0.0001,0.0,0.18,3.7,-0.25,1.17,-0.07,197353,0.1,13025,stable
59.11,2.4,86.04,98.13,0.0001,0.0,0.0,4.93,0.24,2.41,0.02,239881,3.9,33407,stable
43.92,3.21,61.22,74.51,0.0,0.0,0.24,3.91,0.19,2.06,0.28,354549,1.6,14206,stable
198.85,40.74,405.54,832.3,0.0577,0.0415,3.15,0.77,6.33,35.66,0.68,78203,103.0,4830,congested
277.24,40.06,570.03,1235.37,0.0531,0.0425,1.97,2.28,6.87,39.05,1.1,62164,48.9,3557,congested
51.61,4.99,72.76,96.25,0.0,0.0,0.16,4.54,0.01,2.67,0.3,159056,3.0,44407,stable
39.23,2.28,53.3,76.79,0.0001,0.0001,0.13,3.5,-0.0,3.48,0.21,477176,4.6,47066,stable
350.94,25.79,731.93,1318.51,0.0548,0.0438,4.04,1.98,8.95,22.08,0.83,50366,35.6,4515,congested
357.6,53.16,1029.9,1093.54,0.0536,0.0342,1.33,2.36,5.78,24.93,1.22,21038,60.6,2939,congested
267.22,64.58,571.33,1063.49,0.0665,0.0313,4.81,0.95,9.37,44.85,1.02,24763,62.7,14010,congested
51.13,4.03,67.56,101.09,0.0,0.0,0.04,5.0,-0.45,2.76,0.08,220252,2.9,8348,stable
43.25,5.09,60.89,79.46,0.0,0.0,0.29,4.18,-0.26,1.29,-0.03,307909,1.7,41615,stable
235.84,50.18,556.91,982.78,0.0554,0.0337,2.09,0.87,9.05,23.5,1.77,31083,21.9,6386,congested
24.96,3.9,35.98,40.67,0.0,0.0,0.12,4.03,0.14,1.73,0.28,391422,4.8,14591,stable
43.44,6.33,65.81,82.08,0.0,0.0,0.12,4.07,0.07,1.32,0.29,474580,4.7,44084,stable
388.95,62.29,782.05,1282.95,0.065,0.0361,2.32,1.59,4.26,33.8,0.97,79303,57.6,681,congested
1321.33,103.29,4892.26,6880.25,0.2144,0.154,4.42,0.74,14.13,100.83,1.24,13631,557.3,4306,critical
78.12,16.46,119.16,185.24,0.005,0.0032,1.19,3.46,2.27,6.61,0.42,138308,11.4,28683,degrading
25.22,4.61,33.64,41.78,0.0001,0.0,0.2,4.57,0.44,1.26,-0.02,127410,4.3,39836,stable
34.74,4.57,45.46,62.26,0.0,0.0,0.23,4.88,0.45,3.31,0.04,415019,1.3,28639,stable
56.42,3.47,84.75,91.25,0.0001,0.0,0.07,4.01,0.07,2.14,0.05,426248,0.9,5027,stable
27.94,7.87,42.0,49.25,0.0,0.0,0.09,3.87,0.44,4.24,0.23,178077,0.7,2275,stable
333.59,31.94,850.6,1485.22,0.0691,0.0357,3.64,1.07,7.83,38.76,0.86,20338,56.2,6047,congested
356.52,32.19,762.53,1443.25,0.0544,0.0315,4.17,2.43,3.6,23.36,1.74,37679,67.6,9211,congested
44.46,3.76,62.75,72.94,0.0,0.0,0.02,4.74,0.05,3.68,0.1,379121,0.2,38372,stable
42.31,5.25,59.71,79.5,0.0001,0.0,0.04,4.31,-0.35,3.21,0.16,256078,2.5,43907,stable
67.65,17.15,112.49,139.15,0.0024,0.0018,0.42,3.43,1.06,12.6,0.65,82158,8.1,7696,degrading
30.9,2.99,47.42,59.7,0.0,0.0,0.17,3.81,0.3,1.15,0.22,110658,3.3,4859,stable
60.0,14.74,110.26,152.67,0.0034,0.0016,0.88,3.42,1.68,10.32,0.22,140022,8.9,29363,degrading
64.94,18.84,108.0,138.62,0.0034,0.0018,0.66,2.5,1.67,6.21,0.75,142170,17.1,5157,degrading
50.39,2.54,74.46,98.08,0.0001,0.0,0.29,3.61,0.01,2.15,0.14,271322,1.5,13251,stable
303.16,24.82,831.11,1129.74,0.0534,0.0399,3.88,1.85,5.19,31.74,1.2,18710,82.1,4040,congested
77.25,11.13,151.26,155.24,0.0012,0.001,1.13,2.63,2.87,12.76,0.57,87339,18.6,1799,degrading
42.27,5.12,56.76,80.74,0.0,0.0,0.0,4.27,-0.45,2.1,0.18,125075,4.2,1187,stable
87.8,12.89,158.93,228.43,0.0034,0.0017,0.33,3.04,0.94,13.6,0.45,127045,12.7,16095,degrading
60.0,4.36,91.93,119.38,0.0001,0.0,0.21,5.0,-0.47,1.26,-0.07,397191,0.7,31500,stable
1354.85,186.22,4005.13,7631.41,0.2508,0.1755,3.47,0.46,18.33,128.78,2.63,6251,102.9,4068,critical
268.34,36.25,770.3,1193.18,0.0516,0.0367,4.48,1.18,6.32,33.61,0.54,67986,114.4,6315,congested
1058.06,86.89,3559.04,4991.02,0.2472,0.1978,8.95,0.85,12.57,87.9,2.55,26635,518.5,2486,critical
53.24,2.85,80.96,98.93,0.0,0.0,0.18,4.87,0.41,1.61,0.05,117281,2.3,37901,stable
31.29,5.0,44.26,61.31,0.0,0.0,0.23,4.04,0.3,2.4,0.2,113492,2.8,48506,stable
86.68,9.76,143.29,241.41,0.0044,0.0022,0.34,2.79,2.65,12.96,0.59,58554,18.2,16268,degrading
120.0,17.16,219.66,273.36,0.0042,0.003,1.0,3.23,0.61,14.41,0.58,66753,6.8,17078,degrading
23.35,2.45,31.3,43.39,0.0001,0.0,0.08,4.41,0.37,5.0,0.14,261882,1.1,13597,stable
46.32,6.41,64.26,79.74,0.0,0.0,0.08,3.99,-0.15,1.25,0.29,112613,3.3,19190,stable
103.79,9.79,161.43,207.78,0.0024,0.0016,0.7,2.6,2.76,13.29,0.57,95243,11.8,14203,degrading
51.43,4.03,79.45,83.46,0.0,0.0,0.24,4.47,-0.33,3.68,0.06,285257,4.6,18638,stable
298.04,55.7,775.19,959.75,0.0764,0.0426,4.11,0.6,6.93,23.21,0.93,16131,43.1,7627,congested
120.0,17.02,200.75,297.97,0.004,0.0012,1.07,3.27,2.19,8.97,0.28,78877,10.2,11063,degrading
120.0,17.12,221.75,260.84,0.0047,0.0016,0.56,2.6,2.51,12.94,0.25,75743,11.7,16482,degrading
35.01,3.38,53.1,66.1,0.0,0.0,0.28,3.73,0.09,3.02,0.14,107244,4.4,46673,stable
31.35,3.15,45.35,55.19,0.0,0.0,0.16,4.31,0.36,1.39,-0.0,262615,4.3,47005,stable
2000.0,136.57,7698.9,10788.91,0.2249,0.1596,9.41,0.63,16.8,103.43,1.44,19960,65.2,4177,critical
38.33,7.43,56.97,74.66,0.0001,0.0,0.17,4.28,-0.46,1.39,-0.06,204907,1.2,37368,stable
39.08,5.59,55.67,77.51,0.0001,0.0,0.23,4.29,-0.27,3.67,-0.07,276733,0.8,10038,stable
214.41,31.72,615.38,690.8,0.0513,0.0392,4.59,1.1,5.04,32.47,1.43,30372,99.5,1269,congested
60.0,6.63,93.73,105.41,0.0,0.0,0.19,3.97,0.24,1.18,-0.01,263201,1.9,7418,stable
70.88,11.15,137.66,159.89,0.0015,0.0012,0.4,3.05,0.76,9.53,0.37,140329,5.8,19673,degrading
64.41,16.6,121.96,142.55,0.0018,0.0014,0.89,3.29,0.75,14.61,0.33,141507,19.8,3461,degrading
1042.56,199.39,2971.24,5304.07,0.2226,0.1781,5.01,0.48,10.64,57.18,1.77,24642,584.3,1104,critical
90.82,10.6,159.88,200.31,0.0039,0.0032,0.62,3.22,0.95,6.96,0.58,78375,9.9,15923,degrading
92.31,19.14,166.75,196.19,0.0016,0.0013,0.72,3.01,1.34,9.84,0.26,142206,8.9,28480,degrading
60.0,7.58,79.56,115.21,0.0,0.0,0.0,3.82,-0.4,1.39,0.28,474433,3.7,32510,stable
20.69,2.98,31.03,36.57,0.0,0.0,0.11,4.13,0.26,4.18,-0.07,381628,2.4,7558,stable
85.6,14.11,137.45,220.59,0.0023,0.0018,0.9,2.6,2.24,14.0,0.22,105135,14.1,21439,degrading
85.5,10.31,146.59,195.55,0.0012,0.001,0.62,2.71,2.73,13.58,0.38,97548,19.3,15960,degrading
39.86,6.72,54.78,75.92,0.0,0.0,0.12,4.04,0.16,1.3,0.02,246485,2.6,24351,stable
261.86,30.86,682.8,796.97,0.0547,0.0395,1.87,0.71,5.99,15.43,1.07,53814,27.8,12295,congested
96.27,14.79,165.91,214.62,0.0024,0.0014,0.96,2.81,0.92,7.91,0.27,140341,14.2,25973,degrading
1397.69,226.03,4988.26,8325.84,0.2134,0.1538,7.72,0.7,11.06,109.74,0.98,25883,305.3,3082,critical
260.62,60.96,764.09,1022.51,0.0525,0.0372,3.92,2.02,9.05,15.84,0.67,76838,32.6,7369,congested
41.21,5.54,60.69,67.76,0.0001,0.0,0.18,3.72,-0.25,4.72,-0.03,378003,4.8,6855,stable
97.64,19.34,162.75,253.62,0.0023,0.0018,0.9,3.46,2.72,12.01,0.77,137593,15.9,27558,degrading
120.0,20.0,184.55,308.47,0.0034,0.0016,0.48,2.75,1.72,12.29,0.71,58648,18.9,27868,degrading
408.56,53.86,984.29,1579.31,0.0603,0.0426,2.63,1.17,7.52,26.58,1.4,74887,53.1,1117,congested
105.61,13.64,197.57,288.01,0.0034,0.0013,0.82,2.52,1.71,11.26,0.44,56763,14.2,18372,degrading
30.58,2.15,47.74,49.2,0.0,0.0,0.26,4.98,0.27,2.67,0.07,395032,1.2,6413,stable
278.32,50.14,701.03,1136.88,0.055,0.0342,4.72,1.8,4.3,18.35,1.92,71121,59.8,9481,congested
55.13,6.17,71.8,101.8,0.0,0.0,0.13,4.57,-0.12,4.71,-0.06,248321,3.5,12073,stable
51.19,5.16,68.65,93.63,0.0,0.0,0.2,4.84,-0.47,4.25,0.12,318436,4.8,37634,stable
60.0,17.1,112.46,165.41,0.0072,0.0014,0.92,3.28,3.0,10.04,0.24,129029,18.1,5290,degrading
60.0,8.84,115.18,133.77,0.0053,0.0012,0.7,2.71,1.68,6.0,0.44,57366,15.6,8633,degrading
44.92,4.69,64.97,75.54,0.0001,0.0,0.15,3.79,-0.04,1.98,0.27,234162,4.8,27119,stable
32.11,4.36,45.05,55.46,0.0,0.0,0.2,4.0,0.15,2.53,0.18,367119,2.5,35532,stable
75.23,14.57,119.16,201.4,0.0022,0.0014,0.43,3.4,2.63,10.42,0.36,70748,12.3,15462,degrading
346.34,22.02,995.55,1450.58,0.0595,0.032,3.22,0.62,4.81,49.36,1.78,74921,29.8,3795,congested
84.25,13.15,162.95,186.55,0.0018,0.0015,0.41,3.31,2.84,8.91,0.39,102248,19.3,1999,degrading
83.07,16.24,159.02,209.1,0.002,0.0016,0.75,3.12,1.6,8.25,0.23,53479,7.6,13745,degrading
936.11,285.52,3567.3,4199.29,0.2219,0.1522,6.12,0.51,6.25,41.89,2.53,17705,585.8,4757,critical
61.8,12.9,94.37,156.39,0.0016,0.0012,0.32,2.96,1.01,14.38,0.58,108550,11.1,10220,degrading
47.05,2.91,63.45,80.85,0.0,0.0,0.12,4.95,-0.33,2.54,0.22,366169,3.2,42809,stable
64.22,13.93,126.33,128.9,0.0047,0.0036,0.36,2.69,2.7,13.18,0.38,88171,11.6,10705,degrading
35.91,2.02,50.45,58.49,0.0,0.0,0.16,4.31,0.37,1.2,0.07,172986,0.1,8204,stable
291.79,48.42,836.08,1056.12,0.0583,0.0335,3.53,2.47,9.0,44.56,0.93,38824,30.2,8764,congested
120.0,17.13,199.19,266.05,0.0012,0.0009,0.39,3.12,1.77,9.86,0.56,87243,15.1,4359,degrading
49.08,6.09,71.94,89.59,0.0001,0.0,0.13,4.76,0.31,3.92,0.09,229575,3.0,43934,stable
218.18,68.27,458.66,708.82,0.0555,0.0346,4.22,0.74,7.66,28.25,1.73,69571,38.9,7231,congested
83.07,9.57,130.15,230.47,0.0017,0.0013,1.15,3.38,0.8,11.52,0.2,113309,12.0,14987,degrading
35.15,2.34,51.9,66.88,0.0,0.0,0.02,4.4,0.03,3.06,0.25,182215,0.2,33941,stable
25.51,7.8,38.64,50.59,0.0,0.0,0.06,3.5,-0.46,4.91,-0.0,365324,4.2,27982,stable
31.39,4.46,43.46,53.68,0.0,0.0,0.27,4.68,-0.02,2.23,0.1,300828,3.1,10118,stable
32.87,2.8,43.2,62.78,0.0,0.0,0.3,3.96,-0.37,1.8,0.14,125617,4.3,48113,stable
120.0,16.14,199.13,319.29,0.0026,0.0015,0.91,3.19,0.69,12.61,0.6,90754,13.6,23148,degrading
47.18,4.17,63.98,81.76,0.0,0.0,0.3,4.79,-0.44,4.81,0.15,420354,2.0,16663,stable
1155.42,71.86,3891.04,5094.04,0.2199,0.1599,8.42,0.97,15.11,115.59,2.27,5378,429.7,2360,critical
57.74,5.25,77.63,109.63,0.0001,0.0,0.16,4.51,-0.08,3.92,0.11,129670,1.0,42159,stable
60.0,2.68,80.77,119.76,0.0,0.0,0.07,4.23,-0.04,2.39,0.23,143705,2.1,21973,stable
91.57,16.58,164.27,233.54,0.002,0.001,1.11,2.55,2.7,12.65,0.32,82551,9.7,7028,degrading
36.66,6.38,56.58,71.26,0.0,0.0,0.15,4.47,0.47,1.22,0.13,445211,2.4,4847,stable
59.71,4.41,78.89,113.87,0.0,0.0,0.11,4.26,-0.14,2.03,0.2,235860,2.1,20780,stable
104.17,16.46,197.56,222.39,0.0071,0.0019,0.95,3.48,1.62,8.5,0.35,54974,7.7,3255,degrading
289.55,66.62,853.09,1054.61,0.077,0.0333,2.45,2.3,6.15,39.6,1.58,28256,110.1,1956,congested
53.32,3.18,69.68,103.7,0.0,0.0,0.05,3.9,-0.3,1.99,0.02,322053,2.9,21898,stable
120.0,13.09,234.45,293.54,0.0018,0.0014,0.97,2.89,0.82,8.87,0.26,138799,11.9,4571,degrading
47.68,5.88,71.21,89.14,0.0,0.0,0.17,4.25,-0.23,2.63,-0.09,114815,0.5,29262,stable
45.53,3.4,60.27,72.85,0.0,0.0,0.29,4.9,0.35,4.68,0.08,314572,3.7,35111,stable
106.53,13.97,189.29,265.84,0.0048,0.0014,0.89,2.96,2.81,14.0,0.44,106364,18.6,9922,degrading
245.4,51.33,658.91,930.03,0.0679,0.0336,3.12,1.34,3.69,41.31,0.6,20152,66.1,5430,congested
49.4,2.78,69.79,81.0,0.0001,0.0,0.13,4.28,-0.42,4.94,0.17,214161,2.9,6364,stable
120.0,9.62,205.83,330.09,0.0018,0.0014,0.4,3.27,0.76,8.79,0.8,56867,5.3,10342,degrading
213.43,60.38,466.75,760.79,0.065,0.0387,1.64,0.82,4.33,16.06,1.88,21353,27.4,7128,congested
1330.68,158.56,4377.2,5685.03,0.2077,0.1662,8.26,1.04,18.73,126.3,1.79,14304,328.4,2374,critical
31.58,6.36,44.03,60.99,0.0,0.0,0.23,4.22,0.44,2.17,0.07,414782,2.7,27804,stable
1070.2,199.09,3001.06,5591.89,0.2172,0.1579,6.86,0.12,17.39,85.94,2.11,17814,303.4,2841,critical
99.63,10.68,149.66,215.14,0.0014,0.0011,0.78,3.3,2.8,6.33,0.7,56578,8.6,1119,degrading
40.49,3.44,54.2,77.04,0.0,0.0,0.11,3.76,0.22,3.83,-0.02,163395,0.4,45686,stable
31.02,5.12,46.25,60.79,0.0,0.0,0.24,4.43,0.15,1.11,-0.06,390011,3.8,27566,stable
115.09,10.03,189.03,276.77,0.0011,0.0009,1.1,3.13,1.8,7.54,0.42,144697,18.7,18951,degrading
103.19,10.28,180.33,239.18,0.002,0.0016,0.32,2.76,1.76,11.87,0.66,53556,13.1,10955,degrading
110.96,13.46,205.4,272.13,0.0029,0.0024,0.95,3.13,0.85,6.07,0.35,81419,14.1,26380,degrading
73.67,19.59,131.13,195.27,0.0023,0.0019,0.85,2.78,1.7,13.16,0.22,68308,19.3,13630,degrading
484.04,38.2,1415.56,2033.02,0.0554,0.0308,1.57,2.4,3.47,26.51,1.96,37884,108.6,2348,congested
60.0,5.97,85.39,108.1,0.0,0.0,0.03,4.85,-0.05,1.29,0.25,200776,0.1,7654,stable
102.06,18.96,161.36,241.99,0.0018,0.0008,0.82,2.97,1.4,12.4,0.27,103279,17.8,6450,degrading
54.35,6.96,83.16,89.37,0.0,0.0,0.16,4.5,0.48,2.59,0.12,313409,4.7,18226,stable
60.0,2.24,86.02,97.86,0.0001,0.0,0.05,4.14,-0.12,4.92,0.08,444378,4.4,8735,stable
113.24,14.22,222.77,234.69,0.0034,0.0027,0.64,2.76,0.81,5.23,0.32,74742,12.3,7609,degrading
56.34,2.61,81.14,105.17,0.0001,0.0,0.06,4.89,-0.48,4.69,0.14,409896,2.0,49594,stable
108.16,13.1,197.99,236.68,0.0032,0.0026,0.58,3.48,2.12,8.23,0.23,148809,14.0,7212,degrading
1174.54,204.9,3299.29,6954.38,0.2139,0.1711,4.68,0.57,9.7,68.02,1.74,23900,252.8,1291,critical
49.74,4.02,68.72,96.52,0.0,0.0,0.0,4.46,0.04,1.88,0.2,221384,1.4,24089,stable
1253.95,163.83,3486.87,6427.67,0.2202,0.1665,3.91,0.21,11.35,79.67,2.23,4266,468.4,1132,critical
1588.91,153.02,4545.57,8842.68,0.2345,0.1594,6.98,0.95,14.34,96.2,2.78,13797,597.7,2309,critical
37.17,5.77,52.09,65.18,0.0,0.0,0.24,3.96,-0.38,1.66,0.29,409532,1.2,48209,stable
433.04,28.85,1106.7,1731.9,0.0551,0.0323,2.12,2.06,6.72,19.62,0.79,72079,83.2,6068,congested
25.48,6.43,33.34,46.43,0.0,0.0,0.07,4.1,-0.17,4.08,0.27,439912,4.0,49352,stable
78.91,18.12,146.86,179.91,0.0041,0.0018,0.67,3.5,2.38,6.87,0.49,88397,13.9,13673,degrading
23.06,6.29,33.71,40.43,0.0,0.0,0.22,4.95,-0.25,1.33,0.27,203459,3.6,3972,stable
107.6,10.66,183.35,286.48,0.002,0.0016,0.85,3.27,2.84,6.01,0.34,85459,13.1,12554,degrading
65.59,9.85,100.13,161.9,0.0016,0.0013,1.07,3.07,0.77,10.49,0.38,123694,6.2,27577,degrading
33.48,5.77,52.06,57.0,0.0001,0.0,0.14,4.07,-0.17,1.04,-0.03,123591,4.2,43144,stable
84.27,17.48,136.85,230.28,0.0014,0.0011,0.69,3.44,2.67,11.6,0.6,71150,14.0,16710,degrading
78.43,12.98,156.34,169.45,0.005,0.001,0.99,2.82,1.42,13.88,0.65,88426,8.2,3635,degrading
46.32,2.14,68.08,74.78,0.0,0.0,0.04,4.7,-0.27,1.62,0.15,130832,0.2,6229,stable
189.89,35.72,411.85,808.25,0.0639,0.0306,2.75,1.25,6.35,29.49,1.08,56196,47.2,14145,congested
127.58,71.42,346.28,395.54,0.059,0.0393,1.28,1.31,3.64,38.12,1.87,61847,40.7,7655,congested
60.0,17.98,101.22,146.34,0.0039,0.0018,0.58,3.27,0.66,10.13,0.27,105789,14.1,14133,degrading
294.1,74.51,622.81,885.29,0.0535,0.0428,3.82,1.62,5.49,24.99,0.76,34780,77.7,8854,congested
60.0,18.65,114.88,123.68,0.0026,0.0012,1.05,3.02,2.26,14.64,0.47,99420,15.8,11899,degrading
115.1,14.1,214.24,272.27,0.0022,0.0009,0.75,2.95,1.37,11.38,0.56,84338,10.1,19521,degrading
43.15,3.83,65.67,77.04,0.0,0.0,0.02,4.19,0.24,1.63,0.01,192802,2.0,12024,stable
20.0,6.94,26.18,38.94,0.0,0.0,0.02,4.89,0.35,2.59,0.21,225311,3.7,26317,stable
33.76,5.2,46.17,57.53,0.0001,0.0,0.13,4.14,0.46,1.7,-0.06,452247,4.5,43715,stable
120.0,11.93,211.97,240.66,0.0025,0.002,1.08,2.86,1.71,8.52,0.74,140074,8.4,22705,degrading
44.74,5.91,67.66,85.51,0.0001,0.0,0.2,3.9,0.1,2.78,0.14,216351,3.6,40490,stable
33.04,7.96,45.78,62.4,0.0,0.0,0.24,3.56,-0.01,3.12,0.18,114982,2.9,1151,stable
120.0,15.94,191.2,276.63,0.0031,0.0024,0.63,2.74,2.73,14.57,0.39,111665,19.4,15234,degrading
93.86,9.07,140.84,220.62,0.0013,0.001,1.07,2.94,1.69,14.78,0.69,129789,13.8,14103,degrading
102.54,8.06,188.98,223.98,0.0026,0.0021,0.73,3.22,2.75,5.51,0.26,118560,10.7,8807,degrading
23.7,7.43,36.99,40.18,0.0,0.0,0.26,3.59,-0.28,4.99,0.07,381186,0.9,30883,stable
91.58,9.56,182.69,214.31,0.0086,0.0026,0.94,3.4,2.62,12.03,0.35,111531,7.8,4408,degrading
467.07,40.29,1241.06,1585.22,0.0546,0.0424,1.93,0.67,6.1,48.16,1.58,26415,66.3,11982,congested
99.77,19.35,187.21,235.43,0.0057,0.0012,1.05,3.32,1.71,11.72,0.51,105226,18.3,29024,degrading
110.93,9.6,215.43,284.86,0.0025,0.0013,1.18,2.9,0.98,9.64,0.71,95856,10.0,22366,degrading
120.0,10.0,183.37,302.47,0.0019,0.0015,0.77,3.13,1.33,10.32,0.79,71063,7.3,25355,degrading
119.06,16.67,211.13,289.0,0.0031,0.002,0.71,2.64,1.1,12.34,0.79,68620,10.1,10845,degrading
1516.85,236.52,5643.73,9044.92,0.2062,0.165,9.85,0.33,11.22,66.88,1.18,9684,324.2,3161,critical
29.92,5.63,44.89,54.5,0.0001,0.0,0.05,4.01,-0.27,4.85,0.16,218788,4.6,37289,stable
1031.0,281.15,3040.13,4493.72,0.2057,0.1646,4.86,0.84,5.43,113.89,1.94,12020,94.9,321,critical
266.75,56.41,557.16,896.0,0.0667,0.035,1.35,2.26,8.52,42.87,0.98,35031,98.4,10344,congested
119.11,18.63,180.14,321.23,0.0025,0.002,0.85,3.2,2.05,8.79,0.25,135534,17.7,667,degrading
86.17,10.0,160.76,217.09,0.004,0.0011,0.9,2.76,1.66,13.26,0.74,133854,6.7,27367,degrading
24.87,3.23,39.03,41.96,0.0,0.0,0.28,3.52,0.32,1.68,0.06,428996,1.0,43419,stable
94.3,8.5,157.7,260.11,0.0031,0.0025,0.69,3.24,0.91,10.7,0.36,101565,14.4,17682,degrading
40.75,7.02,56.8,67.34,0.0,0.0,0.07,4.51,-0.38,3.77,-0.0,328987,0.9,36572,stable
46.59,4.05,70.71,87.28,0.0001,0.0,0.11,4.72,-0.07,3.67,0.02,183780,1.9,30733,stable
78.9,18.24,127.63,191.88,0.0025,0.002,0.8,3.29,1.82,14.26,0.47,115079,5.3,7534,degrading
1186.27,78.11,3565.04,6462.97,0.231,0.1697,6.23,0.97,14.86,53.2,1.27,11140,350.5,3394,critical
120.0,13.27,206.2,334.22,0.0028,0.0022,0.72,2.87,1.84,8.84,0.68,99523,18.5,7072,degrading
77.64,14.01,153.87,205.09,0.0055,0.0029,0.64,2.51,1.28,14.9,0.64,121758,16.4,18793,degrading
117.82,16.7,186.8,250.54,0.0014,0.0011,0.92,3.04,2.19,11.78,0.29,82880,5.3,29476,degrading
500.0,56.61,1248.38,1626.44,0.0559,0.0372,4.77,1.66,8.16,46.33,0.56,74081,41.2,10604,congested
79.02,17.17,123.49,184.49,0.0045,0.0021,0.84,3.04,0.61,11.81,0.41,143567,7.8,9412,degrading
44.2,2.99,64.96,76.25,0.0,0.0,0.29,4.92,-0.36,1.71,0.25,257104,0.0,14419,stable
37.11,2.96,57.98,64.73,0.0,0.0,0.15,3.89,0.43,3.09,-0.03,209106,0.4,2362,stable
106.88,8.08,207.18,240.88,0.0019,0.0015,0.46,3.22,1.92,12.24,0.53,145633,14.4,17423,degrading
247.83,21.37,513.84,1007.97,0.0549,0.0334,3.09,1.42,7.43,30.99,1.15,65902,113.1,8284,congested
120.0,10.83,235.18,263.78,0.0011,0.0009,1.18,3.05,2.79,11.64,0.59,84558,16.6,1378,degrading
33.2,5.76,49.98,54.77,0.0,0.0,0.18,3.89,0.19,2.24,0.24,186954,0.1,14156,stable
35.43,7.65,54.89,67.53,0.0,0.0,0.13,3.58,-0.39,3.41,0.01,155136,1.7,10848,stable
25.47,5.8,36.38,49.92,0.0,0.0,0.16,3.86,0.26,3.26,0.24,457823,3.2,36544,stable
57.86,7.63,86.73,112.12,0.0,0.0,0.14,3.63,-0.44,2.5,0.09,343648,0.0,49496,stable
35.14,6.01,49.66,65.11,0.0,0.0,0.21,4.21,-0.24,4.56,-0.05,107235,0.7,9018,stable
120.0,10.97,221.61,292.5,0.0027,0.0015,0.47,3.15,2.88,13.98,0.25,55309,19.4,6397,degrading
40.75,7.67,63.36,76.1,0.0,0.0,0.02,4.68,-0.3,2.03,-0.03,232086,3.8,26449,stable
35.06,2.07,51.05,69.89,0.0001,0.0,0.16,4.56,-0.08,3.68,-0.05,206278,4.2,45283,stable
120.0,15.87,203.86,333.98,0.0054,0.0026,1.11,3.46,2.77,6.92,0.4,145573,6.6,17707,degrading
60.0,15.68,92.69,126.96,0.0014,0.0011,0.67,3.26,2.39,13.19,0.51,130134,7.3,1388,degrading
31.46,5.82,47.97,53.47,0.0,0.0,0.09,4.46,0.12,3.39,-0.04,353826,2.2,1911,stable
32.34,2.38,50.94,57.12,0.0001,0.0,0.15,4.67,0.16,2.74,-0.05,482862,1.4,14613,stable
548.81,236.2,1833.06,2693.88,0.2351,0.1738,9.36,1.09,16.31,121.33,0.8,7458,175.9,2911,critical
45.45,5.94,70.29,79.66,0.0,0.0,0.1,4.61,0.23,4.28,0.2,403177,1.3,5979,stable
937.39,72.28,2663.71,3758.08,0.2016,0.1613,9.99,0.8,15.27,75.52,1.91,15725,247.9,3451,critical
986.29,149.73,3736.76,5833.21,0.2108,0.1686,3.22,1.15,14.99,124.69,2.22,21702,81.2,1952,critical
383.58,21.86,970.95,1292.55,0.0587,0.036,3.24,1.86,4.28,38.75,1.86,17063,52.7,14591,congested
81.6,17.48,136.07,197.99,0.0025,0.0017,0.99,2.68,1.81,12.98,0.43,52630,13.1,25418,degrading
38.72,6.47,57.54,74.4,0.0001,0.0,0.17,3.77,-0.03,4.87,0.2,424465,0.2,23925,stable
82.92,12.19,158.4,190.84,0.0043,0.0008,0.45,3.2,1.46,10.64,0.76,98409,7.3,13087,degrading
82.76,12.78,130.53,188.29,0.0059,0.004,1.05,3.07,2.46,5.94,0.57,79188,17.9,28510,degrading
45.94,2.01,63.61,84.23,0.0,0.0,0.12,4.08,-0.5,3.45,-0.09,301659,4.0,27946,stable
29.81,7.91,42.52,59.02,0.0,0.0,0.06,4.99,0.25,4.85,0.02,165825,2.5,25238,stable
23.42,4.61,36.86,42.52,0.0001,0.0,0.22,4.44,0.08,3.61,0.21,399336,0.5,18788,stable
375.12,35.71,968.19,1651.28,0.0559,0.0373,4.4,1.53,4.77,16.76,0.52,74804,34.5,7538,congested
346.55,75.66,1023.64,1105.54,0.0582,0.0356,3.73,0.62,5.69,41.05,1.7,39085,36.2,7541,congested
91.26,10.3,150.52,218.08,0.0021,0.0017,0.61,2.64,0.73,5.72,0.69,121854,19.6,9620,degrading
60.0,4.61,81.05,107.91,0.0,0.0,0.04,4.11,-0.18,3.34,0.02,354925,1.8,43178,stable
406.77,45.98,1082.36,1330.7,0.0509,0.033,4.49,0.6,5.71,41.65,1.62,20134,39.7,8240,congested
438.71,67.98,1259.88,1476.95,0.0509,0.0311,2.41,1.58,5.3,29.88,1.28,62327,32.1,5348,congested
1359.61,284.22,3609.6,7697.23,0.2031,0.1552,6.83,0.93,13.8,100.09,0.86,14436,257.4,228,critical
66.95,8.69,107.58,184.0,0.0017,0.0014,1.04,2.81,0.84,6.86,0.25,100786,15.2,28052,degrading
1402.31,217.89,3897.57,7701.34,0.2594,0.1543,5.49,0.97,6.17,141.14,1.32,15143,576.8,3197,critical
22.57,2.3,29.7,42.36,0.0,0.0,0.14,4.03,-0.14,4.22,0.03,183623,0.4,23867,stable
29.97,3.61,42.5,51.32,0.0,0.0,0.1,3.51,0.18,2.07,0.23,243669,2.4,48318,stable
24.12,4.53,31.61,38.7,0.0,0.0,0.12,4.87,-0.31,4.26,0.12,231832,0.4,9394,stable
60.0,18.49,92.51,141.25,0.0017,0.0014,1.16,3.09,2.15,13.61,0.72,52817,9.2,7766,degrading
60.0,5.23,78.57,118.25,0.0,0.0,0.0,3.97,-0.35,1.88,-0.1,190878,1.7,2546,stable
42.63,4.07,65.69,77.43,0.0001,0.0,0.18,3.62,0.44,4.02,0.13,431375,0.4,24365,stable
355.55,59.08,989.65,1566.26,0.0505,0.0404,4.19,1.1,8.51,29.33,0.55,63719,109.9,1884,congested
1133.49,224.22,3478.61,4633.08,0.2057,0.1646,3.2,0.16,6.03,105.3,1.11,25526,596.0,2211,critical
85.4,11.96,143.12,211.78,0.0047,0.0023,0.95,3.34,2.5,7.63,0.45,95217,10.8,9670,degrading
89.74,12.97,158.65,200.49,0.0058,0.0015,0.79,3.37,2.75,8.26,0.54,127679,8.8,16089,degrading
42.27,3.91,65.48,81.15,0.0,0.0,0.08,4.81,-0.34,2.02,-0.04,146618,4.4,14615,stable
60.0,3.4,81.31,96.24,0.0,0.0,0.0,4.95,-0.16,4.96,0.0,288614,1.8,18432,stable
33.08,7.39,44.77,56.8,0.0001,0.0,0.12,4.27,0.25,1.48,-0.01,251861,1.8,20195,stable
36.44,4.81,56.13,60.94,0.0001,0.0,0.12,3.62,-0.35,2.19,-0.06,464330,0.0,24709,stable
50.75,4.23,75.13,95.52,0.0,0.0,0.01,4.47,0.14,2.36,-0.07,263851,1.6,34178,stable
69.93,12.33,123.23,155.22,0.0034,0.0015,0.4,2.97,1.87,12.75,0.42,135496,15.5,23246,degrading
67.74,17.96,102.45,175.05,0.0018,0.001,0.99,2.66,1.99,11.99,0.42,113259,16.5,5931,degrading
166.31,53.05,450.28,504.59,0.059,0.0472,2.19,1.43,9.43,17.39,0.66,20689,83.2,5557,congested
276.42,55.4,639.98,1015.91,0.0738,0.0328,2.1,1.76,6.3,18.75,0.55,11726,62.1,11843,congested
212.84,66.73,499.48,800.1,0.056,0.0314,4.93,0.78,9.61,24.46,1.04,14409,84.6,9697,congested
117.16,13.87,200.72,257.19,0.0022,0.0018,0.76,2.58,2.73,13.2,0.63,53139,11.9,2803,degrading
1119.54,109.45,4167.94,5635.39,0.211,0.1645,5.14,0.48,16.02,128.85,1.73,22479,367.3,4960,critical
78.41,11.89,131.82,212.28,0.0051,0.0017,0.66,2.56,2.62,8.76,0.5,90751,12.3,981,degrading
60.0,3.21,94.84,101.46,0.0,0.0,0.01,4.8,-0.33,4.72,0.09,236154,3.7,43965,stable
47.0,3.09,67.17,78.31,0.0,0.0,0.26,4.5,-0.06,4.81,0.19,472066,2.6,13686,stable
318.0,56.63,698.84,1371.83,0.0559,0.0313,3.6,1.55,9.75,35.93,1.8,62663,24.5,4077,congested
39.92,3.82,57.85,73.28,0.0,0.0,0.02,4.95,-0.5,2.3,0.17,118056,0.4,4757,stable
26.38,2.24,36.37,43.25,0.0,0.0,0.1,4.51,0.1,1.44,0.21,275858,0.0,21310,stable
29.66,3.76,40.26,47.7,0.0,0.0,0.22,3.79,0.34,4.78,-0.01,374585,3.7,15953,stable
42.28,3.02,55.43,70.79,0.0,0.0,0.05,4.02,0.26,4.82,0.05,431760,1.0,40551,stable
1107.38,86.78,3049.99,5458.19,0.2087,0.1564,3.63,0.26,18.63,149.14,2.99,24212,167.8,1437,critical
73.29,19.41,138.45,188.55,0.002,0.001,0.55,2.67,2.34,13.81,0.55,102385,16.3,22113,degrading
63.44,16.58,113.55,151.57,0.0023,0.0008,0.33,2.99,2.01,5.66,0.23,96352,5.0,1881,degrading
1074.45,213.85,3579.97,4714.37,0.2538,0.1622,8.78,0.3,10.92,106.01,2.65,10744,395.5,302,critical
120.0,16.64,236.25,320.4,0.0044,0.0012,0.59,3.23,1.12,11.24,0.53,76267,19.0,8073,degrading
497.96,26.2,1317.16,1875.45,0.0653,0.0318,4.77,1.43,3.45,38.72,0.92,16490,105.6,2182,congested
31.29,5.11,46.24,59.69,0.0,0.0,0.15,4.99,-0.01,1.88,0.1,115838,4.5,41108,stable
47.37,2.11,75.58,82.74,0.0,0.0,0.18,4.84,0.2,1.59,0.25,220617,2.3,26780,stable
1308.83,257.66,5032.64,7846.65,0.2555,0.1846,6.71,1.08,6.36,62.22,1.02,2818,69.0,1833,critical
53.24,2.37,71.85,89.1,0.0,0.0,0.21,3.55,0.35,4.77,0.26,465210,0.1,48911,stable
1430.21,226.81,5084.69,7112.09,0.2153,0.1688,7.41,1.16,12.44,73.63,1.36,23216,310.5,3628,critical
278.94,43.11,723.31,936.43,0.0562,0.0449,1.99,1.41,9.09,49.41,0.97,78210,63.5,9237,congested
655.4,169.53,1653.77,3851.64,0.2313,0.1851,7.31,0.43,16.09,119.42,2.5,9510,73.9,4447,critical
1295.67,96.97,3711.42,7560.81,0.2237,0.179,3.63,1.06,5.96,146.29,0.82,28982,93.5,634,critical
120.0,12.51,200.34,308.41,0.0033,0.0007,1.2,3.19,2.12,6.52,0.57,65512,16.8,4582,degrading
40.23,6.13,55.59,77.76,0.0,0.0,0.19,4.92,-0.46,4.68,0.14,422925,1.9,24120,stable
31.32,3.13,48.37,54.24,0.0001,0.0,0.23,3.85,0.45,3.49,-0.03,328928,2.3,41165,stable
56.36,4.17,76.34,106.76,0.0001,0.0,0.25,4.59,0.04,4.51,0.23,312735,0.3,28733,stable
60.0,10.28,111.51,120.36,0.0033,0.0017,0.89,3.47,1.68,11.92,0.32,112363,8.6,6344,degrading
55.68,6.99,77.1,101.29,0.0,0.0,0.24,4.75,-0.2,2.88,0.25,121069,4.4,11740,stable
320.22,71.53,820.49,1343.09,0.0542,0.033,3.11,0.59,7.29,22.46,0.88,57568,65.3,10780,congested
500.0,77.34,1463.26,2192.81,0.0574,0.0336,4.44,2.14,9.6,17.63,1.57,36395,97.6,9078,congested
93.04,17.59,165.52,232.19,0.0037,0.0013,0.83,2.51,2.64,12.52,0.77,51316,5.4,15764,degrading
52.86,7.4,76.22,102.7,0.0,0.0,0.07,4.88,-0.39,1.95,-0.01,498461,0.0,32342,stable
45.59,2.09,72.92,85.56,0.0,0.0,0.28,4.16,-0.15,4.58,0.17,255310,0.3,36352,stable
26.43,4.76,39.56,45.04,0.0,0.0,0.04,4.98,-0.17,3.34,0.21,468246,3.8,34050,stable
34.68,3.49,48.96,59.02,0.0,0.0,0.25,4.27,0.03,3.25,-0.03,179076,1.6,30081,stable
60.0,3.36,90.81,113.59,0.0001,0.0,0.25,3.63,-0.21,1.18,0.21,115713,1.5,29091,stable
34.73,4.89,53.91,58.64,0.0001,0.0,0.01,4.21,-0.09,1.64,0.16,488460,2.8,36022,stable
36.7,6.27,53.45,61.08,0.0001,0.0,0.05,3.74,0.39,1.3,0.22,193428,2.3,45881,stable
35.06,2.6,47.41,61.0,0.0,0.0,0.05,3.69,-0.46,4.76,0.02,467047,1.4,45470,stable
120.0,18.59,214.42,325.01,0.0029,0.0012,0.83,3.3,1.92,8.07,0.34,67480,17.6,18522,degrading
120.0,16.26,219.62,252.27,0.0026,0.0013,0.53,2.76,1.14,7.32,0.39,103669,11.6,2371,degrading
97.08,14.36,162.9,250.49,0.0043,0.0024,0.37,3.49,2.27,12.23,0.48,104704,19.9,18055,degrading
1451.13,240.85,4711.41,6412.01,0.2284,0.1554,7.11,0.26,6.69,54.1,1.07,4588,537.0,4496,critical
120.0,13.66,184.03,258.81,0.0016,0.0012,0.68,2.58,1.07,12.67,0.42,110469,19.2,21847,degrading
76.8,14.12,140.89,198.84,0.0029,0.0016,0.57,2.63,1.5,8.08,0.78,144353,14.7,27159,degrading
312.98,78.85,757.53,1038.76,0.057,0.0374,4.44,0.52,4.66,16.98,1.25,11870,82.6,8419,congested
143.63,24.66,345.42,526.5,0.0592,0.0402,2.92,0.57,5.3,46.5,1.86,51978,77.5,6441,congested
55.23,4.96,86.95,99.17,0.0001,0.0,0.1,3.86,-0.33,4.1,-0.05,281501,2.5,34682,stable
60.0,12.82,94.28,126.4,0.0025,0.0014,1.05,2.84,2.15,14.96,0.49,71504,8.2,2281,degrading
120.0,10.02,196.38,258.64,0.0027,0.0012,1.12,2.6,1.16,11.72,0.57,85002,17.9,4348,degrading
31.68,2.88,48.36,55.41,0.0,0.0,0.1,3.54,0.0,4.59,0.22,111408,4.4,23163,stable
27.66,4.37,36.29,49.52,0.0,0.0,0.24,3.91,0.38,4.78,-0.04,285070,4.9,24686,stable
45.6,6.66,70.82,89.46,0.0001,0.0,0.06,4.3,-0.4,3.48,0.28,389081,1.1,48585,stable
38.58,5.2,52.57,63.91,0.0,0.0,0.1,4.14,0.23,1.85,0.09,361423,2.7,30808,stable
35.3,6.03,54.01,68.41,0.0001,0.0,0.2,4.53,0.26,2.36,0.13,208089,4.2,30366,stable
226.28,67.69,668.36,997.54,0.0521,0.0416,3.0,1.14,7.76,46.22,0.88,67785,56.1,2064,congested
38.35,2.18,51.27,62.82,0.0,0.0,0.24,3.58,-0.42,1.47,0.27,124467,0.5,46590,stable
30.81,4.08,44.0,55.2,0.0,0.0,0.08,3.88,-0.1,3.56,0.02,322266,4.5,15459,stable
120.0,16.46,190.7,324.49,0.0024,0.0008,0.78,2.71,2.7,5.72,0.61,133075,17.5,19831,degrading
116.76,15.83,229.95,314.45,0.0029,0.0024,0.52,3.05,1.22,13.12,0.41,116085,19.2,18404,degrading
60.0,6.73,93.18,115.71,0.0,0.0,0.17,3.58,0.28,1.56,-0.05,179063,2.9,14992,stable
110.94,18.81,169.32,233.23,0.0024,0.0013,0.65,3.45,2.76,14.14,0.75,67827,18.4,6762,degrading
120.0,9.82,239.61,266.34,0.0013,0.0011,1.1,3.18,1.16,5.45,0.5,121307,9.0,5477,degrading
89.37,19.25,154.56,226.96,0.0025,0.0011,0.53,3.01,1.29,7.89,0.78,108395,8.9,8638,degrading
37.9,3.49,51.8,68.97,0.0,0.0,0.21,4.74,-0.15,1.34,0.02,154947,2.3,8640,stable
230.46,68.85,589.55,809.72,0.0578,0.036,3.68,1.72,9.85,36.78,1.54,72466,111.3,2199,congested
71.1,8.43,121.37,165.79,0.0021,0.0017,0.54,2.92,1.1,8.09,0.78,94565,17.7,23948,degrading
46.55,5.01,71.45,80.37,0.0001,0.0,0.14,4.82,0.24,2.26,0.06,367074,4.5,9756,stable
20.0,7.84,31.94,37.2,0.0,0.0,0.17,4.52,-0.41,3.51,0.01,302801,3.9,35576,stable
39.01,2.22,61.9,65.13,0.0,0.0,0.13,3.75,-0.19,1.85,-0.05,251032,2.7,4564,stable
104.84,10.91,200.8,210.73,0.0021,0.0006,0.56,2.72,1.38,11.02,0.59,79734,19.2,8227,degrading
120.0,17.28,233.03,322.62,0.0011,0.0009,1.2,2.78,1.88,10.54,0.47,74154,13.5,3184,degrading
56.17,6.76,82.22,102.92,0.0,0.0,0.25,4.12,-0.15,4.93,0.27,488795,0.7,44671,stable
33.28,4.3,49.48,59.1,0.0,0.0,0.23,4.57,0.11,4.41,0.01,454021,2.0,20643,stable
897.61,61.48,2588.12,4056.94,0.2333,0.171,3.33,0.73,14.01,103.06,2.67,4585,348.7,2872,critical
374.39,20.27,986.62,1556.93,0.0717,0.032,1.27,0.77,3.28,30.29,0.93,10511,28.0,6023,congested
1114.53,199.14,2936.7,4664.37,0.2018,0.1614,9.37,1.03,9.79,72.6,2.42,10204,520.1,2551,critical
93.92,11.82,152.08,246.93,0.002,0.0009,0.48,2.57,0.81,7.4,0.41,129130,8.3,20265,degrading
925.76,134.12,3282.38,4167.86,0.2147,0.1536,9.85,1.04,5.97,138.82,1.43,10365,242.8,359,critical
35.84,2.65,52.06,64.0,0.0,0.0,0.28,3.97,-0.06,1.46,0.23,111052,4.2,7873,stable
44.03,7.53,62.87,87.81,0.0001,0.0,0.16,3.71,-0.5,4.24,-0.06,353539,4.6,11223,stable
29.5,6.05,40.19,53.21,0.0,0.0,0.27,4.18,0.13,3.44,0.07,345958,1.3,19523,stable
51.52,5.44,78.78,83.87,0.0,0.0,0.08,3.53,-0.43,4.83,0.04,447230,4.8,47220,stable
32.42,5.79,46.51,62.6,0.0,0.0,0.07,4.07,0.03,4.9,0.11,279097,2.9,48569,stable
1854.99,117.85,6391.75,8612.18,0.2389,0.1663,7.78,0.89,7.18,119.55,0.99,7279,330.2,4856,critical
60.0,18.09,117.22,133.75,0.0067,0.001,1.01,3.36,0.9,10.87,0.75,54205,16.9,7763,degrading
42.65,7.1,68.14,74.19,0.0,0.0,0.12,4.42,0.14,4.0,0.11,304134,3.2,35449,stable
48.23,2.68,73.22,96.28,0.0001,0.0,0.15,3.89,-0.11,4.4,0.27,146493,3.9,29333,stable
37.74,3.08,59.41,65.28,0.0,0.0,0.21,4.73,0.4,1.43,0.26,178901,3.7,36713,stable
34.96,5.35,48.5,67.52,0.0,0.0,0.01,4.28,-0.16,1.01,0.02,211451,2.0,7460,stable
60.0,14.72,108.68,134.95,0.003,0.0022,0.35,2.82,0.67,14.25,0.26,131734,18.6,14296,degrading
32.85,3.6,51.57,64.74,0.0001,0.0,0.22,4.05,-0.48,1.4,0.1,375985,1.7,35078,stable
376.2,50.18,839.18,1610.24,0.0544,0.0345,1.32,2.35,8.88,49.54,0.86,58959,31.8,6527,congested
73.44,13.37,127.17,205.52,0.0023,0.0019,0.47,2.97,0.6,12.82,0.67,120195,18.4,16709,degrading
60.0,6.96,85.65,102.61,0.0001,0.0001,0.12,3.84,0.08,2.49,0.08,314867,1.0,8631,stable
157.27,46.24,341.88,499.83,0.0587,0.0353,2.5,0.87,4.38,49.47,0.72,73379,28.1,13129,congested
378.97,41.38,1120.69,1423.64,0.0509,0.0392,1.86,0.99,7.81,24.3,1.24,44297,43.4,8540,congested
270.58,40.15,609.17,876.28,0.0603,0.0348,4.65,1.97,3.86,27.09,0.76,51260,92.3,14632,congested
373.88,61.01,1076.57,1487.22,0.0665,0.0408,4.75,2.41,3.88,36.85,0.67,74580,115.5,7543,congested
90.1,12.19,164.39,227.88,0.003,0.0024,0.93,3.3,1.49,10.43,0.36,81024,12.5,4958,degrading
53.85,4.91,72.14,88.4,0.0,0.0,0.04,4.43,0.46,4.37,-0.08,227964,0.7,47512,stable
60.0,5.78,92.47,106.85,0.0,0.0,0.1,3.84,-0.14,1.92,0.13,419268,3.9,18860,stable
48.21,2.65,68.55,94.16,0.0,0.0,0.17,4.48,0.15,2.02,-0.0,248112,1.2,34457,stable
995.78,85.09,2892.2,5149.37,0.2465,0.1968,7.98,0.42,18.52,93.34,1.96,11971,88.2,1357,critical
40.28,5.13,58.64,69.7,0.0001,0.0,0.02,3.63,-0.33,1.08,0.01,222560,5.0,49592,stable
43.72,2.31,64.62,79.82,0.0001,0.0,0.23,4.09,-0.17,4.31,0.24,193106,1.6,41430,stable
60.0,5.39,90.54,118.14,0.0,0.0,0.14,3.67,0.48,4.36,-0.05,468336,4.3,26423,stable
74.73,10.72,130.3,197.77,0.003,0.002,1.04,3.18,1.68,9.04,0.68,72572,11.4,17222,degrading
60.0,10.35,108.23,146.39,0.0028,0.0013,0.71,2.74,0.94,8.39,0.75,125388,18.4,25356,degrading
210.9,20.28,576.0,655.71,0.0697,0.0348,4.56,1.44,6.95,19.13,1.42,58707,49.5,13452,congested
45.2,5.32,63.68,78.93,0.0,0.0,0.27,4.32,-0.09,1.29,0.19,381140,3.1,26002,stable
32.89,4.15,46.81,56.77,0.0,0.0,0.17,4.29,0.08,3.34,0.21,367232,4.8,47450,stable
46.78,6.01,63.04,79.35,0.0,0.0,0.14,4.36,-0.17,3.3,-0.03,108935,2.9,26353,stable
120.0,17.71,235.68,277.39,0.0049,0.002,1.16,2.82,0.59,6.38,0.33,113996,7.7,11754,degrading
56.08,3.2,80.65,95.68,0.0,0.0,0.19,3.57,0.11,2.5,0.2,423242,2.8,1083,stable
54.35,2.65,78.94,102.82,0.0001,0.0,0.02,4.95,-0.35,2.18,0.21,263870,0.9,23894,stable
77.13,13.47,135.92,170.35,0.005,0.0011,1.06,3.06,1.64,12.62,0.27,50620,9.7,7842,degrading
116.42,17.92,192.22,245.48,0.0063,0.0029,0.83,3.25,2.65,8.18,0.75,139855,13.2,20694,degrading
95.21,16.15,149.74,229.67,0.0022,0.0017,0.87,2.61,1.66,11.36,0.5,119706,17.0,26231,degrading
49.25,6.04,75.8,83.74,0.0,0.0,0.09,3.96,-0.15,3.49,0.03,393079,2.0,4349,stable
31.08,5.91,41.74,61.34,0.0,0.0,0.26,4.97,0.01,4.32,0.07,268925,1.3,41093,stable
243.19,35.03,527.21,1084.99,0.053,0.041,2.71,1.4,3.25,35.74,1.93,64972,106.1,3514,congested
87.55,16.95,136.84,212.3,0.0024,0.0019,1.16,2.78,0.53,8.54,0.55,81646,5.7,15462,degrading
21.79,7.77,31.04,40.1,0.0,0.0,0.2,3.98,-0.02,3.47,0.06,179349,4.8,26061,stable
110.96,12.09,221.83,277.48,0.0051,0.0029,0.93,3.05,0.54,8.63,0.46,84275,13.2,15638,degrading
34.76,3.35,49.19,68.68,0.0,0.0,0.11,4.49,-0.03,4.78,0.07,179652,2.7,23093,stable
322.34,73.79,752.97,1429.81,0.0567,0.033,4.93,2.17,5.54,16.46,0.83,34606,116.0,13341,congested
60.0,6.8,85.65,96.54,0.0001,0.0,0.05,3.91,-0.48,4.66,-0.05,330606,1.4,28154,stable
64.48,16.05,125.5,178.26,0.0029,0.0015,1.01,3.26,1.04,12.51,0.29,121250,5.1,27605,degrading
36.58,5.73,58.03,63.57,0.0,0.0,0.23,3.68,0.14,3.11,0.19,274150,3.5,8820,stable
34.14,6.24,54.21,65.83,0.0,0.0,0.04,4.05,0.45,4.81,0.12,354104,1.1,37355,stable
34.2,6.22,48.42,59.18,0.0,0.0,0.03,4.56,-0.37,2.77,0.15,321797,4.9,39501,stable
111.88,13.28,218.44,289.3,0.0032,0.0012,0.71,3.28,1.76,9.81,0.63,116858,19.9,10882,degrading
21.78,4.93,32.82,37.87,0.0,0.0,0.05,4.07,-0.23,3.52,0.24,353320,2.7,33785,stable
43.43,3.61,62.22,71.15,0.0,0.0,0.14,4.98,0.05,1.12,0.1,387224,0.1,21258,stable
29.84,7.5,46.98,53.37,0.0,0.0,0.26,3.83,-0.17,3.35,-0.0,438994,1.8,29499,stable
929.06,222.31,2679.56,4215.14,0.2664,0.1796,7.81,0.14,12.97,106.87,1.65,4645,245.0,2161,critical
34.75,7.93,51.36,61.15,0.0,0.0,0.18,4.76,-0.22,3.3,-0.05,376084,3.7,3099,stable
57.19,3.58,83.27,108.35,0.0001,0.0,0.19,3.89,0.46,4.3,-0.06,399404,1.8,37764,stable
29.04,2.28,45.71,47.6,0.0,0.0,0.23,4.77,0.12,3.01,0.05,189505,2.8,44585,stable
32.24,4.57,43.38,57.12,0.0,0.0,0.18,4.63,0.41,2.75,0.04,272011,1.6,33042,stable
31.52,7.87,48.15,51.16,0.0001,0.0,0.1,3.6,-0.33,4.43,0.13,411512,4.0,41338,stable
94.18,12.58,144.38,210.44,0.0066,0.0012,1.14,2.99,1.69,13.29,0.4,52221,10.0,21632,degrading
214.02,42.65,443.91,835.21,0.0523,0.0366,3.69,1.65,8.89,32.49,1.33,41766,34.1,13307,congested
39.75,2.83,57.63,77.76,0.0,0.0,0.05,4.3,0.21,2.59,-0.08,191103,4.5,26632,stable
500.0,61.02,1045.89,2017.99,0.0516,0.0413,3.76,1.44,4.64,32.65,0.73,14213,43.4,5569,congested
79.42,8.6,140.16,189.25,0.0029,0.001,0.96,3.11,1.17,11.3,0.39,74338,16.1,24368,degrading
120.0,10.97,235.69,241.67,0.0048,0.0012,0.46,2.96,0.54,10.92,0.67,70375,9.6,4389,degrading
322.2,40.89,769.26,1239.98,0.0644,0.0452,3.31,1.35,4.41,31.59,0.75,71721,112.4,3473,congested
71.58,17.44,131.41,167.03,0.0049,0.0012,0.86,2.99,0.59,11.82,0.8,130843,14.5,14339,degrading
60.0,2.17,78.27,99.11,0.0,0.0,0.12,3.73,-0.12,3.51,0.12,192470,1.7,31087,stable
120.0,10.49,220.71,255.5,0.0026,0.0017,0.78,2.81,0.62,12.08,0.78,103238,9.9,28179,degrading
36.52,6.95,53.95,71.17,0.0001,0.0,0.01,4.6,0.28,3.8,0.19,116561,2.2,41090,stable
30.68,5.69,49.0,50.81,0.0,0.0,0.24,4.8,0.41,3.05,0.1,419318,3.2,35396,stable
434.9,31.14,1194.3,1342.64,0.0662,0.036,1.91,0.84,4.54,23.08,1.89,21225,61.3,6109,congested
38.34,7.34,58.72,67.66,0.0001,0.0,0.14,3.56,-0.04,2.68,0.21,241976,4.9,9857,stable
78.78,10.14,140.88,210.16,0.0026,0.0008,1.08,2.98,0.95,11.35,0.29,146314,15.5,22811,degrading
35.67,4.28,54.93,62.63,0.0,0.0,0.01,4.67,-0.1,3.1,0.17,260411,0.3,13384,stable
91.41,16.99,162.55,218.25,0.0011,0.0009,0.38,3.38,2.37,7.51,0.68,97200,18.3,7804,degrading
72.86,18.28,116.88,203.57,0.0011,0.0009,0.88,3.2,1.49,12.37,0.79,111194,14.7,11528,degrading
98.97,19.36,183.05,264.46,0.0037,0.0012,0.87,3.17,2.73,8.74,0.53,67492,12.0,4926,degrading
67.22,18.26,129.91,145.32,0.0056,0.0008,0.92,3.15,2.96,12.19,0.4,145261,10.5,24726,degrading
79.84,13.77,123.44,182.48,0.0021,0.0014,0.86,3.42,1.55,11.65,0.46,146213,12.6,26626,degrading
230.22,40.76,492.02,1035.52,0.0803,0.0338,1.31,1.7,3.7,42.65,1.93,74159,62.8,10717,congested
1070.36,70.05,2914.95,6258.8,0.2376,0.1803,4.56,0.39,16.33,129.5,2.11,29805,534.1,4004,critical
29.75,4.75,40.92,52.0,0.0,0.0,0.24,4.29,0.07,4.41,0.22,152884,3.6,22336,stable
1031.51,251.88,3928.39,5862.39,0.2118,0.1647,4.05,0.81,19.5,54.8,2.65,9597,281.6,4582,critical
33.14,5.57,52.76,57.36,0.0,0.0,0.23,4.41,-0.4,4.41,0.14,484342,3.4,9583,stable
60.0,11.5,117.59,155.56,0.0054,0.0021,0.32,3.04,2.25,10.83,0.63,63726,5.0,3244,degrading
98.98,8.55,155.3,242.28,0.0026,0.0006,0.99,3.06,2.57,5.54,0.74,131939,17.3,4639,degrading
47.49,6.9,73.72,83.97,0.0,0.0,0.04,3.75,0.39,4.96,0.04,216857,1.1,41367,stable
111.73,10.13,217.15,255.1,0.0016,0.0007,0.58,3.36,0.53,12.16,0.45,121769,12.6,2973,degrading
58.58,7.58,85.29,108.84,0.0,0.0,0.01,4.43,-0.08,4.94,0.21,423345,0.1,39111,stable
328.01,27.83,755.73,1183.67,0.0579,0.0318,1.87,1.04,4.89,38.35,0.73,40481,20.5,3991,congested
30.39,2.38,43.69,57.53,0.0,0.0,0.16,3.8,0.12,3.97,0.2,308579,0.3,19184,stable
49.94,4.43,78.88,81.68,0.0001,0.0,0.27,3.75,-0.38,1.34,0.26,177449,2.1,22993,stable
53.83,4.4,77.78,93.79,0.0001,0.0,0.26,3.93,0.12,4.92,0.14,389883,2.2,3957,stable
96.29,8.9,184.98,196.8,0.0045,0.0012,0.78,2.57,1.67,12.31,0.47,100828,17.6,19574,degrading
71.58,12.41,119.24,160.56,0.0034,0.0008,1.09,2.87,2.24,14.01,0.3,110970,18.6,6205,degrading
35.79,3.55,54.35,67.52,0.0,0.0,0.23,4.59,0.5,4.65,0.17,384945,4.7,48391,stable
306.87,50.18,809.31,969.67,0.0561,0.0371,1.76,0.69,4.81,25.73,0.68,58398,112.3,2698,congested
54.25,4.51,77.7,100.57,0.0,0.0,0.03,3.72,-0.47,2.88,0.28,146270,4.7,36934,stable
60.0,15.16,114.79,163.78,0.0013,0.001,0.7,3.18,0.78,9.66,0.29,134795,19.1,4675,degrading
751.12,73.14,2314.12,3048.52,0.231,0.1808,3.47,0.32,14.59,65.55,2.65,18871,87.0,450,critical
40.22,4.59,54.66,64.5,0.0,0.0,0.21,4.06,0.22,2.62,0.29,377766,0.2,17194,stable
212.38,64.2,595.29,704.08,0.0567,0.036,2.72,0.64,7.3,42.98,1.78,47544,96.6,2333,congested
120.0,13.83,189.11,325.11,0.0032,0.0026,0.91,3.26,2.6,9.73,0.54,139548,15.4,4512,degrading
46.62,4.39,73.94,87.7,0.0,0.0,0.0,3.91,-0.5,2.66,0.19,419508,4.7,30816,stable
32.23,2.88,50.33,57.61,0.0,0.0,0.23,4.51,0.03,4.17,0.29,486727,3.9,24879,stable
115.99,18.45,203.02,236.42,0.0016,0.0013,0.99,2.83,1.46,10.77,0.53,136204,12.1,26858,degrading
58.96,4.22,83.13,113.86,0.0,0.0,0.2,3.93,0.11,3.02,-0.01,206626,0.9,3774,stable
26.57,5.02,38.17,46.87,0.0,0.0,0.19,4.53,-0.24,3.4,0.17,286645,1.7,31338,stable
314.48,76.22,868.51,1024.19,0.0589,0.0356,3.31,2.08,3.66,22.05,1.55,10400,20.5,5767,congested
20.93,3.17,29.52,33.62,0.0,0.0,0.18,4.97,0.5,4.1,0.06,297772,1.8,49293,stable
44.99,4.32,67.95,82.49,0.0,0.0,0.13,4.59,0.31,3.02,0.06,466180,1.2,13591,stable
382.02,58.38,988.97,1593.5,0.0529,0.0357,1.52,2.17,6.01,38.62,0.96,23890,41.2,3014,congested
53.42,7.76,78.76,104.98,0.0,0.0,0.17,4.86,-0.43,3.42,0.21,146160,0.6,18940,stable
120.0,16.58,183.95,299.47,0.0017,0.0014,0.45,3.44,1.32,7.68,0.31,62052,19.7,20404,degrading
396.85,75.35,1011.92,1362.77,0.0567,0.0345,4.65,0.68,6.03,22.0,0.77,61106,102.6,13825,congested
357.11,57.8,1026.79,1374.06,0.0675,0.0316,2.61,0.9,6.0,25.64,1.37,65053,89.4,7757,congested
60.0,5.88,83.09,108.79,0.0,0.0,0.08,3.64,0.37,1.26,0.24,429144,0.5,2234,stable
45.62,7.68,64.21,75.55,0.0,0.0,0.01,4.63,-0.35,4.48,0.16,191767,0.8,31753,stable
56.98,7.92,76.65,104.71,0.0,0.0,0.28,4.77,-0.25,2.8,-0.05,481620,3.0,12203,stable
193.7,64.75,462.49,762.97,0.0646,0.0467,4.89,1.44,6.38,36.57,1.96,49100,27.4,8521,congested
120.0,10.87,181.99,320.88,0.0013,0.001,0.72,2.87,2.58,6.73,0.64,138794,9.3,6334,degrading
120.0,10.78,190.61,266.57,0.0043,0.0011,0.79,2.52,0.66,13.56,0.51,143553,5.0,504,degrading
120.0,15.19,238.7,287.4,0.0036,0.001,0.34,3.08,1.31,8.8,0.55,108128,13.8,15001,degrading
36.27,4.98,57.91,59.54,0.0,0.0,0.0,3.7,-0.24,3.88,0.09,403161,2.4,28224,stable
598.78,148.91,1688.39,3262.82,0.2356,0.1639,6.83,0.62,19.16,90.5,1.3,5522,551.2,4989,critical
41.26,3.69,61.07,68.35,0.0,0.0,0.06,3.67,0.05,4.45,0.17,427490,1.3,44412,stable
500.0,29.69,1376.17,2215.06,0.0551,0.0396,2.15,2.25,5.06,29.38,0.78,71965,29.3,14912,congested
103.74,12.54,163.17,276.75,0.0043,0.0015,0.88,2.68,1.3,12.47,0.78,149205,17.1,25492,degrading
379.35,28.35,850.75,1654.37,0.0724,0.0384,1.73,2.0,7.85,44.02,1.63,39350,35.7,10746,congested
26.51,3.71,36.33,49.25,0.0,0.0,0.22,4.44,-0.32,3.39,0.18,255558,1.2,34270,stable
31.59,4.64,47.79,51.29,0.0,0.0,0.04,3.86,0.14,1.21,0.01,183324,1.0,34455,stable
120.0,18.44,224.25,258.56,0.0033,0.0026,0.77,2.93,2.0,12.59,0.56,146980,16.1,29557,degrading
70.8,8.86,129.42,148.0,0.0031,0.0014,1.1,3.08,1.57,5.04,0.38,136792,11.4,12933,degrading
60.0,17.32,101.61,153.17,0.0038,0.0008,0.6,2.71,2.4,5.86,0.73,67502,19.7,29659,degrading
60.0,5.03,91.46,99.34,0.0001,0.0,0.17,3.65,0.31,2.48,0.16,390155,1.0,44349,stable
112.26,13.69,172.95,237.18,0.0025,0.0007,0.47,2.64,1.3,13.61,0.22,133326,14.3,1690,degrading
266.3,47.75,637.36,983.62,0.0814,0.0339,2.45,2.21,6.4,33.09,1.19,28825,88.3,802,congested
998.77,192.16,3723.29,5664.18,0.2033,0.1627,8.93,0.55,12.33,94.65,1.88,7319,554.7,3399,critical
47.86,3.67,63.56,81.93,0.0,0.0,0.03,3.71,-0.34,4.72,0.17,362171,2.8,15347,stable
36.26,6.52,47.28,71.28,0.0,0.0,0.03,3.57,-0.47,1.59,0.17,297608,3.8,10394,stable
37.22,7.0,55.88,62.17,0.0001,0.0,0.04,4.32,0.21,4.44,0.27,413855,3.3,22247,stable
285.31,56.14,659.63,891.56,0.0594,0.0305,4.1,0.66,4.16,16.57,0.68,43636,42.0,9754,congested
38.39,2.04,57.87,71.57,0.0,0.0,0.24,4.8,-0.04,2.9,0.05,486682,3.5,5077,stable
115.83,14.0,213.83,248.53,0.0034,0.0006,0.33,3.35,2.07,6.87,0.35,105354,13.4,24253,degrading
282.53,45.26,568.11,1205.04,0.079,0.0333,1.31,0.89,6.19,29.81,1.69,23645,97.6,1535,congested
58.18,2.94,88.78,107.04,0.0,0.0,0.2,4.78,0.19,2.54,0.21,459359,2.4,1220,stable
83.31,12.02,133.44,208.83,0.0051,0.0017,0.77,3.24,2.7,9.63,0.37,81884,15.5,17242,degrading
280.76,69.36,773.25,910.37,0.0641,0.0345,3.94,1.38,4.68,48.02,1.34,34725,92.0,7496,congested
1975.03,222.91,7322.23,11724.02,0.2323,0.1858,4.68,0.19,15.09,147.22,1.47,27928,61.7,3317,critical
52.42,6.85,78.41,101.51,0.0,0.0,0.29,4.93,-0.27,2.22,-0.09,259526,4.2,45871,stable
60.0,5.33,86.74,118.68,0.0001,0.0,0.07,4.87,-0.28,4.46,0.11,306168,1.9,6071,stable
447.73,98.41,1597.36,2371.33,0.2261,0.1762,7.68,0.63,9.63,132.84,1.1,2241,507.5,180,critical
244.09,77.42,633.37,890.73,0.0627,0.0338,4.54,2.48,7.8,25.13,1.35,46048,71.2,1271,congested
245.04,24.69,623.34,869.29,0.0621,0.0426,2.5,0.6,9.67,26.45,1.89,66971,53.5,10442,congested
91.45,9.67,155.71,255.92,0.0015,0.0009,0.74,2.64,1.26,7.97,0.62,78227,18.5,29499,degrading
225.74,73.86,626.83,877.26,0.0522,0.0336,2.9,0.58,5.42,36.26,1.92,39721,44.0,5829,congested
34.38,4.1,53.56,56.75,0.0,0.0,0.15,4.37,0.19,1.43,0.23,274202,0.4,39522,stable
137.57,61.46,307.87,448.46,0.0535,0.0416,2.98,0.87,6.65,47.0,0.91,46423,50.9,14712,congested
22.27,6.61,32.33,43.25,0.0001,0.0,0.02,4.44,-0.36,3.02,-0.04,151231,0.1,31881,stable
791.66,212.57,2495.09,4248.4,0.2162,0.1581,3.81,0.58,10.05,87.09,1.49,25501,296.0,533,critical
120.0,12.49,213.16,255.62,0.0024,0.0019,0.86,3.06,0.72,6.32,0.23,145260,14.7,25739,degrading
39.26,3.53,54.63,68.47,0.0,0.0,0.13,4.46,0.45,4.36,0.07,357886,0.9,28465,stable
41.67,3.19,58.36,79.94,0.0,0.0,0.04,3.73,0.47,3.69,-0.08,154711,2.4,11183,stable
54.72,7.94,81.16,100.97,0.0,0.0,0.29,4.55,0.03,4.88,0.26,304800,4.5,20810,stable
59.07,5.46,79.44,94.8,0.0,0.0,0.08,3.61,-0.21,4.44,0.18,450107,0.5,23325,stable
60.0,3.5,94.73,115.27,0.0,0.0,0.05,4.49,-0.04,2.09,0.18,367285,4.3,44064,stable
67.21,19.15,107.8,177.59,0.0011,0.0009,0.64,2.76,2.11,14.19,0.3,68926,14.0,13880,degrading
88.21,16.35,143.82,176.53,0.0024,0.0018,0.84,3.4,0.72,7.15,0.72,132213,7.9,3678,degrading
1464.66,125.62,4151.77,8500.77,0.2215,0.1772,8.28,0.96,6.13,111.05,1.47,11405,456.1,4787,critical
58.6,6.63,84.68,114.79,0.0,0.0,0.16,4.36,0.15,1.07,0.28,117835,0.7,1686,stable
342.68,64.86,888.2,1383.15,0.0597,0.0353,2.75,0.99,7.51,34.2,1.87,40046,84.8,10642,congested
42.48,5.98,63.49,74.15,0.0001,0.0,0.21,4.73,-0.34,4.78,0.06,444180,1.1,2422,stable
75.41,16.67,133.89,152.23,0.0053,0.0016,1.12,3.28,1.55,10.84,0.53,108223,17.9,6403,degrading
27.76,4.69,38.76,52.69,0.0,0.0,0.27,4.16,0.4,4.0,0.1,341288,1.6,49196,stable
28.54,3.59,43.09,56.61,0.0,0.0,0.14,4.01,0.24,1.95,0.19,215258,3.0,32283,stable
793.6,89.34,3077.04,4076.77,0.2119,0.1565,4.74,0.56,18.19,64.09,2.66,3959,153.7,798,critical
76.35,13.79,123.53,179.2,0.0028,0.0013,0.4,3.41,2.28,14.58,0.46,137903,17.2,26310,degrading
35.78,7.56,48.25,71.07,0.0,0.0,0.27,3.99,-0.13,4.04,0.04,480824,3.7,30274,stable
60.0,5.86,93.79,103.9,0.0,0.0,0.0,4.25,0.24,4.13,-0.04,267588,2.1,6078,stable
43.03,5.96,63.05,74.19,0.0,0.0,0.07,4.58,0.11,3.94,0.01,377923,2.0,41870,stable
206.02,75.59,575.66,690.29,0.0566,0.034,1.41,0.75,9.8,28.76,1.66,25432,73.3,2375,congested
95.42,8.61,176.99,229.28,0.0024,0.0013,0.58,3.5,2.42,11.88,0.21,94853,12.5,11603,degrading
1085.52,209.31,4228.61,4634.54,0.216,0.1525,3.81,0.83,8.16,53.84,0.9,11680,542.0,3524,critical
37.25,5.21,48.65,61.97,0.0001,0.0,0.23,3.63,0.39,2.89,0.2,156015,3.4,12579,stable
1188.41,249.09,3720.72,5512.59,0.2221,0.1667,3.67,0.46,7.37,47.37,1.95,6891,63.3,3483,critical
60.0,14.56,110.35,145.26,0.002,0.0014,1.03,2.9,1.16,10.45,0.54,125918,17.0,21333,degrading
266.5,40.76,608.48,984.7,0.0544,0.0353,4.93,1.0,3.07,30.25,0.52,33535,55.4,135,congested
80.93,9.72,132.36,225.61,0.0015,0.001,1.04,3.48,1.95,14.61,0.38,92150,10.9,1897,degrading
29.77,2.22,39.17,57.56,0.0,0.0,0.17,4.36,-0.17,2.26,-0.06,246719,0.5,38563,stable
67.78,9.51,129.63,176.27,0.0022,0.0011,1.19,2.59,0.78,14.88,0.44,124371,16.8,9779,degrading
44.36,7.71,61.1,79.71,0.0,0.0,0.29,3.96,0.15,1.55,0.23,317003,4.9,21746,stable
35.41,6.87,47.5,63.55,0.0,0.0,0.26,4.19,0.12,2.51,-0.07,260427,3.0,15070,stable
33.89,5.91,47.37,62.1,0.0001,0.0,0.19,3.97,0.28,2.99,-0.02,398964,0.7,9729,stable
38.96,7.8,61.98,75.81,0.0001,0.0,0.1,4.89,-0.44,2.94,0.27,344145,2.7,13237,stable
120.0,10.39,237.43,315.63,0.0045,0.0036,0.85,3.18,0.9,10.66,0.48,128190,13.2,13172,degrading
83.43,13.07,156.39,211.34,0.0015,0.0012,0.31,3.22,2.24,7.29,0.4,139804,7.4,25145,degrading
29.72,2.63,46.63,54.52,0.0,0.0,0.1,3.99,-0.1,3.82,0.13,470141,0.1,35701,stable
99.83,13.09,153.15,208.4,0.002,0.0016,0.52,3.38,2.16,9.51,0.69,73672,8.6,17232,degrading
100.2,13.7,182.9,217.55,0.0013,0.001,0.46,3.27,2.77,13.14,0.23,79914,13.9,10151,degrading
304.82,50.05,813.79,1224.69,0.0579,0.0414,2.26,0.7,5.97,15.02,1.33,13463,113.1,13062,congested
120.0,15.54,196.86,250.99,0.0033,0.0011,0.98,2.67,1.64,6.63,0.58,127216,17.5,22104,degrading
112.2,9.19,213.27,267.88,0.004,0.0015,0.47,3.46,2.74,12.78,0.25,85383,9.5,4559,degrading
26.34,7.96,40.79,49.22,0.0,0.0,0.15,4.21,-0.2,3.16,-0.0,204397,3.8,17784,stable
50.82,5.67,77.32,96.91,0.0,0.0,0.17,4.38,0.25,3.04,-0.06,443316,1.5,48593,stable
235.51,57.6,608.52,765.71,0.058,0.0338,3.4,1.86,6.88,16.92,0.91,59185,44.2,6886,congested
926.17,274.28,2896.01,5311.52,0.2362,0.1655,8.51,0.39,10.17,60.28,1.05,15509,301.7,2701,critical
23.7,6.58,31.5,41.25,0.0,0.0,0.25,4.56,0.08,4.56,0.18,180679,2.1,25208,stable
80.76,10.37,129.85,179.74,0.0018,0.0015,0.63,2.54,2.55,11.34,0.2,74957,9.6,24440,degrading
120.0,18.01,199.59,256.25,0.0015,0.0008,1.06,2.89,2.93,5.82,0.79,134623,18.0,25350,degrading
352.61,21.29,1053.31,1193.81,0.0557,0.0324,1.67,1.94,3.92,26.93,1.73,33544,110.7,6230,congested
28.51,4.29,43.35,56.2,0.0001,0.0,0.24,4.71,-0.04,1.72,0.16,497114,3.1,2752,stable
304.15,56.65,794.69,1085.63,0.0712,0.0481,3.6,0.98,7.72,43.82,1.08,60284,30.4,4986,congested
272.75,72.37,655.7,1086.54,0.0776,0.0486,3.82,0.68,5.06,37.45,1.4,56774,32.4,7778,congested
28.86,4.68,38.62,47.19,0.0,0.0,0.14,4.89,0.08,1.74,0.16,286184,4.7,8886,stable
34.16,2.2,49.07,56.72,0.0,0.0,0.06,4.33,0.45,1.3,-0.08,162620,3.2,20550,stable
946.4,64.8,2600.5,5167.26,0.2357,0.1572,7.95,0.98,8.56,50.7,1.35,28224,175.4,3452,critical
26.52,3.33,35.43,49.33,0.0,0.0,0.15,4.75,0.45,1.52,0.23,429832,1.9,6391,stable
29.23,6.95,44.28,54.32,0.0,0.0,0.12,3.57,0.21,2.16,-0.0,229703,3.6,41122,stable
935.25,157.66,2786.08,5066.08,0.2086,0.1625,5.67,0.9,13.9,127.22,2.51,24178,156.0,1292,critical
863.86,271.33,3349.17,4182.14,0.2149,0.1587,4.25,0.33,5.3,38.77,1.06,20040,141.0,4404,critical
290.67,37.79,758.38,1101.64,0.0634,0.0412,2.79,1.13,3.42,17.5,0.76,36445,113.5,9900,congested
204.72,73.55,437.49,749.1,0.0607,0.0338,4.53,2.36,5.78,46.18,0.81,42051,45.2,3436,congested
33.45,6.55,50.82,64.76,0.0,0.0,0.28,4.74,0.23,2.55,0.19,420438,3.8,34163,stable
97.06,9.37,158.28,245.14,0.002,0.0016,0.82,2.97,1.64,13.51,0.32,99963,11.2,20376,degrading
83.97,15.25,135.66,207.87,0.0019,0.0015,0.33,2.56,2.22,8.35,0.49,128199,13.7,24255,degrading
213.11,54.07,541.63,949.92,0.0551,0.0348,4.79,1.56,6.39,27.71,0.87,43838,68.6,936,congested
60.0,11.12,106.06,167.41,0.0033,0.001,0.65,2.57,0.8,6.37,0.41,102408,5.0,6103,degrading
120.0,11.73,225.97,245.35,0.0023,0.0017,0.78,3.05,1.62,8.95,0.22,112173,16.5,23810,degrading
239.22,70.04,641.72,1014.95,0.0564,0.0408,3.55,1.77,4.73,29.09,0.97,23324,92.5,1528,congested
495.72,43.06,1263.71,1572.83,0.0531,0.0375,1.83,0.78,4.08,45.43,1.43,39450,106.7,4540,congested
32.82,6.4,50.4,61.91,0.0,0.0,0.07,4.02,0.22,3.44,-0.07,403975,1.3,33916,stable
120.0,17.31,227.28,321.94,0.003,0.0011,0.57,2.78,1.05,11.11,0.35,143490,10.2,16500,degrading
798.84,111.0,2204.58,4044.04,0.2305,0.1582,7.52,0.77,10.46,43.7,1.75,26376,490.0,1863,critical
1414.67,116.49,4307.3,7235.12,0.2185,0.1748,3.32,0.94,14.79,46.96,2.97,27851,450.5,278,critical
81.51,12.13,153.39,180.36,0.0036,0.0014,0.67,2.69,2.7,8.27,0.66,144860,19.1,15981,degrading
1072.19,271.3,4083.49,5577.41,0.2376,0.1665,9.3,0.12,9.86,135.12,3.0,21967,546.4,90,critical
120.0,18.8,201.62,287.25,0.0029,0.0023,1.04,2.5,0.54,9.59,0.59,129408,11.7,28234,degrading
33.7,5.72,46.24,59.78,0.0001,0.0,0.16,3.93,0.16,2.1,0.23,223294,4.9,30652,stable
109.01,9.14,188.3,279.33,0.003,0.002,0.67,3.38,0.73,6.43,0.77,106698,7.4,28499,degrading
34.68,7.96,51.72,60.13,0.0,0.0,0.01,3.55,-0.23,1.76,0.12,282288,1.6,41843,stable
1930.65,293.33,6311.12,11379.88,0.2091,0.1673,5.81,1.17,5.42,44.86,2.12,22918,577.1,2457,critical
385.89,60.78,799.87,1534.45,0.0526,0.0387,1.79,1.69,9.91,41.49,0.98,37591,114.5,1741,congested
70.31,17.69,112.38,175.62,0.0032,0.0015,0.44,3.39,0.77,14.83,0.72,133965,11.1,15652,degrading
53.02,7.88,71.36,104.48,0.0001,0.0001,0.09,4.89,-0.41,2.84,0.28,460414,3.5,29878,stable
42.72,3.52,59.52,70.42,0.0,0.0,0.03,4.57,-0.29,2.23,0.09,279740,3.5,31548,stable
36.71,3.26,49.37,60.87,0.0,0.0,0.08,3.84,0.05,1.28,-0.07,324325,4.6,45799,stable
60.0,8.47,117.01,152.97,0.0023,0.0018,0.44,3.19,2.71,8.0,0.5,149223,8.9,12011,degrading
50.05,7.16,78.83,90.1,0.0,0.0,0.03,4.69,-0.32,4.23,0.14,177294,2.4,34413,stable
697.38,270.84,2319.15,2941.07,0.2169,0.1736,8.92,0.29,15.16,74.15,2.46,2681,194.9,2357,critical
209.06,76.45,589.25,730.15,0.0533,0.0338,3.44,1.13,4.8,26.45,0.6,28030,90.8,2763,congested
1694.14,94.54,4767.35,7230.79,0.2322,0.1706,8.15,0.57,12.29,105.92,1.46,28184,212.0,4569,critical
59.69,6.22,94.88,106.34,0.0,0.0,0.16,3.86,-0.31,1.57,0.08,108770,2.2,49431,stable
101.24,15.23,192.53,263.79,0.0018,0.0011,0.48,3.37,0.84,6.09,0.41,138653,15.4,12144,degrading
85.29,10.42,168.25,219.88,0.0035,0.0013,0.49,3.29,0.96,9.52,0.25,84058,16.6,1835,degrading
63.3,10.29,108.69,175.16,0.0027,0.0021,0.58,2.86,2.54,5.39,0.51,142040,18.3,24226,degrading
86.65,17.3,145.46,206.59,0.0025,0.002,0.97,3.36,0.73,12.26,0.34,78094,5.2,26864,degrading
36.05,3.26,51.79,70.78,0.0,0.0,0.08,4.54,-0.46,4.36,0.08,354677,1.1,34176,stable
60.0,2.31,81.8,97.78,0.0001,0.0,0.25,4.42,-0.31,1.71,0.25,397092,3.3,20936,stable
1394.11,160.15,3755.18,7032.11,0.2151,0.1603,8.54,0.25,11.3,89.53,2.34,28982,213.9,4307,critical
120.0,12.68,208.17,252.89,0.0016,0.0013,1.01,3.26,1.01,7.37,0.22,113853,10.6,9705,degrading
897.64,208.8,2839.11,3694.01,0.2113,0.1606,5.16,0.48,16.45,57.13,1.38,26232,461.5,2536,critical
49.47,2.67,76.31,97.91,0.0,0.0,0.12,3.94,-0.27,2.12,0.22,471691,2.0,45399,stable
66.89,13.63,101.02,147.95,0.0035,0.0013,0.96,2.61,1.24,9.28,0.39,101831,7.0,13620,degrading
50.12,6.02,71.9,98.04,0.0001,0.0,0.06,3.58,0.07,3.75,0.03,345433,0.3,5865,stable
120.0,14.23,217.27,278.29,0.0029,0.0015,1.08,2.6,1.46,13.53,0.56,93861,16.9,29690,degrading
43.38,4.1,68.96,71.08,0.0,0.0,0.27,4.18,-0.27,1.65,0.06,385101,0.2,7323,stable
31.86,6.81,45.87,55.58,0.0,0.0,0.02,3.59,-0.31,1.13,0.2,389332,0.7,41967,stable
106.0,15.13,210.75,256.43,0.0034,0.0022,0.78,2.95,2.65,5.82,0.6,119719,18.2,12765,degrading
81.95,14.11,131.47,172.33,0.0024,0.0019,0.62,2.62,2.13,12.17,0.3,112157,5.3,13313,degrading
53.32,5.77,71.76,100.46,0.0001,0.0,0.24,4.88,0.48,1.04,0.15,265135,4.3,13338,stable
95.03,16.77,178.91,190.91,0.0019,0.0015,1.0,2.69,1.25,11.63,0.45,79886,14.3,3053,degrading
26.34,5.74,40.57,42.87,0.0,0.0,0.28,4.49,-0.49,2.06,0.26,357378,4.9,8642,stable
1247.98,173.72,3540.44,6366.61,0.2331,0.1712,4.21,0.72,10.58,126.47,2.21,29729,67.0,2197,critical
33.76,5.44,53.29,65.21,0.0,0.0,0.24,3.93,0.16,2.71,0.26,438090,2.6,34883,stable
60.0,3.04,84.62,99.88,0.0,0.0,0.06,4.56,0.32,3.88,0.16,223140,3.6,30649,stable
115.26,9.16,210.31,277.58,0.0022,0.0009,0.42,2.51,2.32,11.41,0.74,104231,19.2,18474,degrading
62.74,10.82,116.7,128.08,0.002,0.0011,0.6,3.38,2.96,8.14,0.68,100090,12.0,11903,degrading
56.59,5.19,77.3,104.47,0.0,0.0,0.14,4.86,-0.2,4.02,0.09,459454,4.0,45172,stable
93.6,12.95,181.08,206.38,0.0025,0.0011,0.66,2.96,2.04,9.53,0.45,84057,17.5,16237,degrading
25.43,7.6,35.69,42.32,0.0,0.0,0.12,3.93,0.06,2.22,-0.07,100571,2.2,42006,stable
40.25,5.44,59.96,71.63,0.0,0.0,0.02,4.32,-0.06,4.55,0.04,146826,0.7,38314,stable
48.15,2.78,65.77,91.44,0.0001,0.0,0.23,3.76,-0.12,1.12,0.23,236287,1.2,29414,stable
90.53,10.5,144.07,185.18,0.004,0.0012,1.17,3.24,1.87,12.67,0.8,138873,6.3,17457,degrading
218.77,47.23,643.79,971.26,0.0581,0.0353,3.9,0.81,7.98,20.56,1.48,33347,25.6,3474,congested
42.84,6.19,67.27,82.13,0.0,0.0,0.19,4.39,-0.48,3.92,0.03,366022,2.8,17793,stable
33.07,6.5,48.73,64.41,0.0001,0.0,0.2,4.97,0.03,3.74,0.04,219588,1.7,2891,stable
60.0,19.37,97.23,131.55,0.0021,0.0017,0.87,3.16,0.67,11.78,0.6,53513,13.3,18611,degrading
1595.31,197.63,4182.99,9189.08,0.2319,0.1615,4.34,0.55,19.25,37.26,1.77,21033,411.7,4051,critical
341.89,27.55,982.51,1129.12,0.0571,0.0333,3.4,0.59,3.15,42.49,1.83,66020,57.4,9964,congested
120.0,10.04,208.21,317.5,0.0026,0.001,0.55,2.86,2.93,5.05,0.38,108395,9.2,20455,degrading
31.82,3.48,45.67,51.2,0.0,0.0,0.17,4.79,-0.38,4.14,0.17,146004,3.5,22635,stable
2000.0,253.42,7718.74,8733.12,0.2307,0.1845,4.97,0.14,15.22,120.33,2.18,11154,123.3,3847,critical
43.97,6.7,69.0,78.07,0.0,0.0,0.01,4.51,0.43,1.95,0.18,490040,4.8,12511,stable
43.55,6.9,60.69,73.66,0.0001,0.0,0.21,4.69,0.4,3.7,0.02,447909,3.7,21797,stable
52.9,2.22,75.01,101.01,0.0001,0.0,0.12,4.2,0.21,2.48,0.12,221347,1.8,31076,stable
43.76,4.8,64.84,71.67,0.0,0.0,0.02,3.87,0.38,4.6,0.08,276016,0.9,48452,stable
23.09,5.56,34.0,38.43,0.0,0.0,0.17,3.89,0.19,3.27,0.22,394010,3.1,24920,stable
115.97,17.27,190.38,265.33,0.0014,0.0009,0.67,2.79,0.75,5.09,0.23,144924,16.2,28222,degrading
44.94,3.91,61.88,72.28,0.0002,0.0,0.03,4.5,0.28,3.9,0.28,395258,3.5,13825,stable
92.21,18.25,165.31,206.65,0.0061,0.0025,0.61,3.18,2.6,6.99,0.35,132328,7.2,8204,degrading
38.76,2.06,55.53,62.73,0.0001,0.0,0.04,4.3,-0.22,1.19,0.17,445108,0.8,40808,stable
111.65,10.08,192.4,301.83,0.0027,0.0013,0.81,3.46,2.32,10.64,0.57,134953,6.4,5456,degrading
260.92,20.91,604.26,909.75,0.057,0.0388,1.96,0.73,4.63,39.98,1.28,14729,56.2,1390,congested
26.1,6.8,41.33,49.56,0.0,0.0,0.09,4.06,0.48,1.01,0.02,472164,1.5,12028,stable
1239.67,111.8,3957.97,5210.51,0.211,0.1688,5.21,0.39,19.91,78.35,1.92,12516,452.2,877,critical
85.3,19.24,137.22,226.1,0.002,0.0016,0.49,2.89,2.25,6.19,0.49,77471,10.7,24735,degrading
32.81,3.07,49.12,65.55,0.0,0.0,0.23,3.7,0.27,4.28,-0.05,490744,4.9,46899,stable
39.12,3.32,52.81,65.3,0.0,0.0,0.08,4.89,-0.21,2.75,0.04,134471,0.9,10285,stable
30.85,7.38,43.91,58.13,0.0001,0.0001,0.06,3.56,0.09,4.46,-0.09,178411,2.3,33628,stable
56.38,6.15,84.7,112.31,0.0001,0.0,0.13,3.97,0.26,4.74,0.28,169912,4.4,37134,stable
45.95,4.01,70.47,89.24,0.0,0.0,0.17,4.75,-0.31,4.14,0.14,457336,0.9,21613,stable
37.79,6.68,54.53,67.99,0.0001,0.0,0.25,4.0,0.19,4.08,0.16,160638,4.4,27415,stable
104.86,17.57,202.79,249.65,0.0036,0.0014,0.71,2.63,0.95,10.77,0.21,109980,9.8,25050,degrading
67.97,11.05,131.7,158.45,0.0016,0.0012,0.54,3.05,1.85,9.5,0.5,138023,6.3,24993,degrading
26.52,5.92,42.4,52.39,0.0001,0.0,0.23,3.89,-0.45,1.01,0.04,196585,0.3,9796,stable
727.28,210.29,2652.35,3411.05,0.2085,0.1668,4.14,0.66,5.88,73.93,2.65,3930,135.6,605,critical
1425.79,172.0,4635.99,5857.88,0.2316,0.1807,3.58,0.89,10.68,136.39,2.88,3561,429.6,4102,critical
37.01,6.1,55.45,73.29,0.0,0.0,0.06,4.16,0.08,4.26,0.3,255540,0.2,40257,stable
60.0,18.22,119.38,137.03,0.0044,0.0014,0.69,2.58,0.91,8.23,0.53,120371,9.6,28749,degrading
61.78,18.61,117.52,151.85,0.0038,0.0009,0.68,2.57,1.22,9.75,0.33,57953,11.5,13730,degrading
120.0,18.81,222.41,287.49,0.0047,0.0016,1.19,2.53,0.59,13.55,0.53,138274,15.4,14382,degrading
75.45,16.88,131.14,206.05,0.0023,0.0011,1.07,3.37,1.17,13.8,0.75,60963,13.6,13375,degrading
30.82,6.53,43.06,60.88,0.0,0.0,0.01,4.46,-0.44,3.94,0.12,179433,2.7,9966,stable
84.62,14.75,150.13,197.84,0.0017,0.0013,1.01,3.41,1.48,7.53,0.49,139671,5.2,14855,degrading
60.0,4.33,86.08,101.7,0.0,0.0,0.14,3.54,-0.16,2.52,0.06,332068,2.7,30787,stable
60.0,5.97,90.88,102.44,0.0,0.0,0.2,4.73,-0.26,2.69,0.24,450848,1.2,27977,stable
47.19,2.64,72.47,77.63,0.0,0.0,0.06,4.63,0.21,2.16,-0.08,443231,1.6,10589,stable
887.5,53.87,2613.38,3680.97,0.2331,0.1848,6.63,0.92,14.23,119.27,2.31,9714,127.7,4034,critical
51.23,3.9,68.17,89.36,0.0,0.0,0.29,3.63,0.19,2.98,0.06,353084,3.5,1213,stable
25.88,4.25,34.94,41.98,0.0,0.0,0.14,4.15,0.05,3.95,0.01,273112,4.0,46205,stable
120.0,10.06,232.77,288.05,0.0031,0.002,0.55,3.48,1.36,11.16,0.5,52310,19.2,3093,degrading
48.55,5.21,68.85,94.15,0.0,0.0,0.07,4.69,-0.01,2.34,-0.06,195538,4.7,15949,stable
92.55,10.47,141.94,243.66,0.0041,0.0026,1.1,2.55,1.04,6.61,0.41,106262,15.8,27132,degrading
120.0,19.3,226.78,269.22,0.0028,0.0015,0.92,3.25,1.36,9.65,0.55,57359,15.7,16037,degrading
120.0,10.35,193.8,317.39,0.0017,0.0014,0.4,3.38,1.61,6.57,0.55,54150,11.4,17914,degrading
43.75,3.42,63.38,71.88,0.0001,0.0,0.17,4.34,-0.48,3.62,0.22,346385,4.3,14544,stable
446.64,57.05,909.94,1748.4,0.0616,0.0343,3.49,1.19,7.14,46.71,1.45,68800,54.5,4455,congested
113.44,18.05,185.83,267.59,0.0016,0.0007,0.68,2.81,2.28,9.55,0.62,51319,5.1,17017,degrading
50.55,6.44,72.51,99.83,0.0,0.0,0.06,3.56,-0.46,4.48,0.17,364212,3.1,42611,stable
55.06,2.9,75.25,107.47,0.0,0.0,0.14,3.66,-0.39,4.86,0.29,270465,3.9,33133,stable
119.47,9.07,202.68,245.34,0.0038,0.0011,1.12,2.81,1.48,9.86,0.65,129837,19.5,6715,degrading
60.0,19.22,104.76,133.47,0.004,0.0015,0.83,2.82,0.85,14.4,0.51,124188,15.4,8904,degrading
1470.86,281.66,5071.2,5913.4,0.2205,0.1555,5.41,0.62,12.44,141.21,2.66,25878,150.0,4505,critical
120.0,13.98,197.78,288.74,0.0035,0.0028,0.32,3.47,1.64,14.1,0.43,128817,11.3,11199,degrading
95.77,10.07,175.73,254.15,0.0046,0.0014,0.39,3.16,0.94,9.08,0.58,86505,10.7,25386,degrading
104.58,14.52,167.93,280.05,0.0043,0.0008,0.9,2.51,0.62,12.57,0.49,55955,12.2,2351,degrading
87.11,15.97,145.61,218.05,0.0019,0.0015,0.88,2.83,2.03,13.4,0.23,110706,13.5,6599,degrading
939.47,198.08,3373.34,4547.94,0.2127,0.162,9.62,0.6,15.83,65.19,2.01,10441,425.5,1146,critical
284.26,24.52,705.34,1127.66,0.0559,0.0332,2.93,1.69,5.79,36.73,1.2,56008,46.2,2650,congested
710.39,294.53,2143.42,3047.14,0.2135,0.1594,9.67,0.94,5.13,33.35,0.89,11573,297.4,4037,critical
38.48,7.72,56.66,73.16,0.0,0.0,0.06,4.2,0.48,3.22,0.28,425347,3.3,18118,stable
66.31,16.19,116.43,151.67,0.0038,0.0018,1.08,2.82,1.45,12.66,0.32,115926,11.5,15254,degrading
42.7,5.43,68.31,73.22,0.0,0.0,0.19,3.75,-0.07,2.15,0.19,281366,4.9,3682,stable
214.79,69.03,533.84,703.09,0.0591,0.0354,1.85,1.01,6.45,17.23,1.03,24726,37.5,2284,congested
26.33,4.58,38.19,51.62,0.0,0.0,0.11,4.03,-0.13,2.27,0.15,165705,4.2,40807,stable
91.03,9.06,154.42,231.73,0.0029,0.0024,0.67,2.93,2.86,8.49,0.79,103839,17.6,10791,degrading
42.78,2.92,61.86,81.53,0.0001,0.0,0.24,4.37,-0.08,3.59,-0.04,389283,3.5,26205,stable
44.52,7.62,69.82,72.26,0.0001,0.0,0.02,4.67,0.12,2.26,0.19,412946,4.7,19020,stable
400.45,75.16,1081.37,1414.61,0.0577,0.0462,2.43,1.42,7.13,46.56,1.71,35145,96.8,12506,congested
102.16,16.73,200.52,222.25,0.0022,0.0009,0.53,3.47,2.49,11.77,0.71,51396,5.1,5042,degrading
41.23,7.27,54.88,70.11,0.0,0.0,0.16,4.99,0.07,1.01,0.27,193957,3.4,26238,stable
30.57,6.19,47.24,51.91,0.0001,0.0,0.08,4.18,0.14,4.51,0.11,249409,4.3,16202,stable
60.0,11.82,104.66,158.0,0.0028,0.002,0.76,3.29,1.81,14.33,0.28,104615,5.4,6323,degrading
120.0,15.08,234.18,302.86,0.004,0.0027,1.08,3.25,1.38,7.26,0.43,130505,5.5,14303,degrading
75.9,18.74,116.26,162.5,0.0036,0.0029,0.48,2.78,1.72,11.78,0.36,130613,17.2,8579,degrading
329.89,71.81,660.99,1076.77,0.0577,0.0347,2.21,1.24,7.13,45.39,1.86,47409,85.8,13106,congested
34.76,3.2,54.58,62.53,0.0001,0.0,0.29,4.77,0.36,3.31,0.11,262501,4.1,9921,stable
60.0,2.37,88.24,111.49,0.0,0.0,0.2,3.95,0.32,3.97,0.18,126934,0.2,35072,stable
39.09,6.73,53.57,64.27,0.0,0.0,0.28,4.36,-0.06,2.0,-0.05,261052,4.6,3386,stable
60.0,7.92,91.48,114.96,0.0,0.0,0.12,4.48,0.44,1.2,-0.04,153101,0.4,15803,stable
36.41,6.34,51.34,62.77,0.0,0.0,0.27,4.17,-0.34,4.2,0.04,173647,1.3,2712,stable
45.91,5.18,65.88,82.52,0.0,0.0,0.22,3.96,0.45,3.86,0.03,215817,2.6,4878,stable
41.95,4.47,64.89,70.75,0.0,0.0,0.07,4.02,-0.47,2.26,0.21,436131,0.0,1350,stable
92.8,13.82,170.56,211.24,0.0013,0.0011,0.85,2.62,2.4,9.52,0.69,63809,10.7,5810,degrading
23.37,3.87,35.83,37.44,0.0,0.0,0.25,4.85,0.18,4.43,0.26,136806,4.8,17347,stable
59.29,5.67,78.51,109.98,0.0,0.0,0.2,3.72,-0.24,3.34,0.03,299877,1.9,32387,stable
36.14,5.14,54.52,69.58,0.0001,0.0,0.01,3.81,0.38,1.24,-0.01,240500,3.8,28448,stable
89.49,10.52,136.84,225.63,0.0022,0.0017,0.35,2.51,2.65,14.43,0.25,77891,16.1,16419,degrading
295.39,55.41,838.14,1296.83,0.0581,0.0453,4.61,1.49,8.51,15.39,1.98,74346,104.1,8857,congested
71.46,15.78,126.46,149.58,0.0041,0.0024,1.18,3.36,2.06,5.12,0.34,95204,14.4,21390,degrading
619.77,231.92,1973.97,3270.8,0.2143,0.1526,6.43,0.67,12.76,95.13,2.09,26274,571.8,3100,critical
25.31,7.9,36.01,49.55,0.0,0.0,0.25,4.64,0.13,1.52,-0.09,468339,3.1,40030,stable
51.88,7.09,82.36,100.67,0.0,0.0,0.14,3.62,-0.36,3.98,0.03,303059,3.8,37807,stable
248.22,39.14,572.16,1038.59,0.0697,0.0325,4.06,2.43,4.94,22.9,1.93,44269,102.3,11939,congested
245.15,23.75,558.08,931.69,0.06,0.0342,1.35,2.46,3.05,46.09,1.74,44134,90.5,1665,congested
33.23,3.24,46.46,58.74,0.0,0.0,0.27,4.99,-0.14,1.62,0.03,230896,3.2,25311,stable
81.72,15.14,142.19,216.08,0.0023,0.0019,0.66,3.08,2.57,11.35,0.5,78566,9.4,23232,degrading
40.44,4.99,54.84,74.95,0.0,0.0,0.21,4.41,0.35,2.18,0.26,397482,2.0,5667,stable
42.56,6.78,65.96,82.51,0.0001,0.0001,0.29,4.42,-0.34,1.08,0.21,131881,0.7,29166,stable
438.7,77.21,1229.15,1432.66,0.068,0.0351,1.38,1.53,6.05,40.43,1.79,19913,37.2,14258,congested
279.67,29.76,825.31,936.51,0.0625,0.0362,3.33,2.29,7.92,38.39,1.01,79287,85.2,6684,congested
60.0,4.32,82.52,99.99,0.0,0.0,0.16,4.24,0.07,3.86,-0.06,399850,0.7,4264,stable
38.16,7.6,51.06,69.63,0.0001,0.0,0.23,4.76,-0.39,1.79,0.23,388435,4.0,49497,stable
319.18,51.75,678.2,1118.32,0.0674,0.0333,4.7,1.04,8.51,35.38,1.53,73123,104.8,2003,congested
1444.72,216.71,4814.92,6070.81,0.2247,0.1766,7.77,0.39,14.36,55.36,2.36,7810,67.6,2623,critical
74.43,15.87,139.73,182.36,0.0015,0.0007,0.93,3.06,0.57,5.49,0.54,134628,5.7,15462,degrading
33.28,7.33,52.81,64.73,0.0,0.0,0.15,3.62,-0.28,3.73,-0.07,440482,2.5,24548,stable
56.61,5.13,89.12,105.31,0.0,0.0,0.12,3.96,-0.12,2.99,0.14,333404,3.2,42382,stable
50.18,3.16,68.75,91.6,0.0001,0.0,0.01,4.54,0.33,3.59,-0.02,213992,2.6,17143,stable
100.31,15.63,160.12,211.71,0.0037,0.0011,1.06,2.77,0.68,12.58,0.4,106754,17.7,23389,degrading
43.74,3.27,57.88,87.42,0.0,0.0,0.2,4.26,0.32,3.19,0.27,294259,4.0,20960,stable
962.66,219.12,3191.03,5423.53,0.2105,0.159,3.33,0.14,7.2,33.59,1.73,2856,517.6,3563,critical
1022.98,157.66,3661.44,4379.15,0.2135,0.1545,8.1,0.18,7.85,135.12,1.97,29685,142.3,396,critical
1817.25,201.63,5597.6,9156.95,0.2374,0.176,9.83,0.68,15.48,74.67,1.77,22241,527.3,4802,critical
34.39,6.17,50.2,68.17,0.0,0.0,0.12,3.97,0.27,1.25,0.16,429197,4.5,37549,stable
43.74,7.05,61.12,78.58,0.0,0.0,0.21,4.08,0.26,1.27,0.05,194130,3.7,12131,stable
43.36,4.33,68.73,75.8,0.0,0.0,0.21,3.81,-0.38,3.17,-0.02,133973,2.6,17012,stable
359.7,64.51,860.69,1205.69,0.055,0.0409,1.82,0.95,5.4,48.25,1.87,15958,53.6,5260,congested
90.71,13.99,156.51,248.37,0.0046,0.003,0.44,2.89,0.77,14.69,0.33,149322,11.3,2610,degrading
106.46,12.94,201.92,230.19,0.0023,0.0009,0.41,3.09,2.03,7.72,0.21,75670,13.8,6295,degrading
60.0,2.61,90.46,97.5,0.0,0.0,0.04,4.83,-0.05,1.78,0.05,265651,4.1,36947,stable
69.19,16.4,119.11,167.74,0.0023,0.0011,0.82,3.2,1.18,14.56,0.33,94177,7.7,26312,degrading
87.17,17.19,166.97,220.6,0.0022,0.0018,0.45,3.31,0.58,9.55,0.44,59218,10.7,24366,degrading
214.61,25.23,467.19,766.85,0.0576,0.0416,2.55,0.61,9.18,21.59,0.71,65144,91.2,948,congested
40.18,7.41,60.89,69.89,0.0001,0.0001,0.19,3.63,0.38,2.08,-0.0,218836,2.9,27689,stable
40.96,7.86,57.32,67.48,0.0,0.0,0.22,4.95,-0.24,1.07,0.12,382716,4.0,10493,stable
36.02,5.35,50.0,60.01,0.0001,0.0,0.21,3.63,0.22,2.06,-0.05,439866,3.5,20970,stable
120.0,18.75,202.91,335.97,0.0018,0.0015,0.92,3.06,2.43,10.12,0.69,140201,16.2,22437,degrading
70.37,12.61,108.3,173.88,0.0044,0.0024,0.39,3.13,1.42,7.73,0.8,125410,12.3,1975,degrading
275.79,69.67,807.19,1159.23,0.0612,0.0406,2.32,2.27,4.26,20.32,0.93,35374,75.3,9122,congested
336.28,63.24,760.57,1458.71,0.0521,0.0354,3.8,1.64,7.98,48.83,1.0,40148,48.6,349,congested
37.45,7.43,49.28,61.17,0.0,0.0,0.29,4.59,0.19,3.78,0.25,218494,1.5,37319,stable
118.08,18.44,187.18,272.19,0.0017,0.0013,0.51,2.92,1.3,7.49,0.39,82299,19.3,16230,degrading
29.23,7.82,38.04,57.32,0.0001,0.0,0.09,4.68,0.23,3.58,0.05,190588,2.6,41038,stable
60.0,2.48,79.54,117.46,0.0,0.0,0.07,4.31,0.38,3.6,0.11,229733,1.7,33804,stable
68.69,15.51,135.34,169.14,0.0017,0.0014,1.08,3.23,2.36,9.13,0.7,143260,16.9,4424,degrading
358.27,48.03,944.86,1091.13,0.0709,0.0376,3.93,0.93,3.82,17.93,1.98,16080,63.3,7714,congested
974.67,156.09,3042.68,5132.51,0.2415,0.1737,3.73,0.98,14.78,34.03,2.39,10774,353.4,2902,critical
1171.78,220.77,4004.76,6011.07,0.2258,0.1684,8.51,0.33,13.67,40.05,1.29,26835,255.4,4031,critical
349.07,27.91,720.34,1081.04,0.0649,0.0404,4.14,1.89,8.15,48.79,1.48,65198,28.5,14152,congested
47.0,6.5,68.4,84.83,0.0,0.0,0.13,4.43,0.42,1.06,-0.01,193780,1.6,14807,stable
969.5,68.92,3164.78,5481.06,0.2532,0.1625,5.33,0.83,5.86,41.25,1.39,8272,95.7,4859,critical
117.85,13.62,184.84,307.78,0.0044,0.002,0.97,3.33,1.14,8.72,0.68,126898,12.8,12188,degrading
68.6,13.69,114.32,162.59,0.0024,0.0013,0.91,3.03,2.58,14.76,0.45,85306,16.3,13910,degrading
35.49,6.02,54.65,60.44,0.0,0.0,0.15,4.02,0.17,4.8,0.09,286476,3.3,6071,stable
34.06,5.51,49.22,63.58,0.0,0.0,0.04,4.9,0.39,2.66,-0.1,415897,4.4,9562,stable
333.94,74.59,791.02,1417.07,0.0636,0.0486,1.96,1.49,9.28,27.78,1.6,53618,46.1,8023,congested
1631.46,83.35,4544.1,8110.77,0.2292,0.1592,5.55,0.55,12.26,88.19,2.16,10978,331.8,2535,critical
374.82,51.62,976.56,1212.09,0.055,0.0397,1.22,1.98,7.2,32.61,1.18,44831,57.5,1326,congested
36.81,6.82,55.16,63.68,0.0,0.0,0.29,4.38,0.01,3.09,-0.01,387481,0.4,29092,stable
87.6,15.5,146.34,176.78,0.0022,0.0018,0.44,2.67,0.97,9.23,0.72,138147,13.9,19915,degrading
54.24,4.01,80.76,91.1,0.0,0.0,0.06,4.26,-0.47,2.13,0.14,241860,3.5,20169,stable
120.0,15.01,183.02,259.05,0.0021,0.0013,0.84,2.86,1.07,11.03,0.43,51412,5.3,8587,degrading
1023.04,83.43,2849.92,4139.59,0.2063,0.165,5.66,0.09,19.51,116.13,1.32,9972,545.0,1282,critical
401.65,72.18,868.16,1657.77,0.0776,0.0346,4.36,2.04,8.39,38.77,1.43,45622,57.0,7747,congested
107.36,9.93,185.68,279.69,0.0017,0.0012,0.59,3.06,0.53,8.71,0.4,134247,6.1,2332,degrading
53.6,5.34,75.85,98.71,0.0001,0.0,0.29,3.6,-0.43,3.38,0.0,264092,4.2,10743,stable
33.73,4.42,46.3,65.98,0.0,0.0,0.0,4.71,0.39,4.88,0.19,319516,1.3,49965,stable
85.22,19.81,138.64,234.64,0.0015,0.0012,1.13,3.29,2.96,13.85,0.49,138259,15.1,15975,degrading
120.0,18.37,222.03,325.59,0.0024,0.0019,0.53,3.22,0.79,12.04,0.75,58502,6.8,16938,degrading
25.25,2.78,39.9,41.86,0.0,0.0,0.08,4.36,0.32,4.11,0.26,471252,1.2,21769,stable
60.0,5.65,78.41,116.88,0.0,0.0,0.26,3.91,0.0,1.72,-0.08,397946,0.6,2260,stable
28.07,4.69,41.76,46.55,0.0,0.0,0.01,4.6,-0.01,4.25,0.28,470315,4.5,26096,stable
54.11,4.94,85.76,93.67,0.0001,0.0,0.08,3.75,-0.23,4.87,0.26,185501,0.6,18843,stable
60.0,13.26,104.21,165.79,0.0023,0.0018,0.39,2.74,1.91,13.3,0.52,124608,14.7,15960,degrading
33.22,3.54,52.72,57.28,0.0,0.0,0.15,4.72,0.32,4.19,-0.06,419871,0.6,7111,stable
31.03,2.74,44.25,52.06,0.0001,0.0,0.14,4.13,0.39,2.75,-0.07,478655,4.6,34537,stable
500.0,41.65,1100.84,1670.08,0.0628,0.0415,4.37,1.57,5.29,47.51,0.61,56044,98.5,863,congested
961.68,71.1,3602.29,4848.24,0.2076,0.166,6.63,0.28,10.25,65.11,2.43,15161,479.7,469,critical
75.2,10.58,139.47,189.73,0.0027,0.0021,0.73,3.08,1.15,11.51,0.22,124857,7.4,7213,degrading
37.41,7.4,50.33,61.28,0.0,0.0,0.01,3.63,0.3,4.65,-0.04,199704,3.3,47759,stable
120.0,11.37,239.8,284.44,0.0019,0.0015,0.76,3.12,0.6,10.59,0.42,142417,18.3,19310,degrading
46.68,2.68,70.99,79.83,0.0001,0.0,0.29,4.96,-0.43,4.29,0.16,358936,0.6,32859,stable
30.18,4.65,44.9,50.35,0.0001,0.0,0.06,4.55,0.02,1.93,0.09,283823,3.5,1130,stable
84.58,16.26,134.43,226.71,0.0015,0.0012,1.02,2.63,2.92,9.42,0.64,95196,7.8,22864,degrading
40.45,4.89,53.45,69.23,0.0,0.0,0.26,4.44,0.17,1.51,0.28,153029,3.9,13975,stable
269.17,70.03,762.85,931.18,0.0561,0.0411,3.79,2.44,9.81,31.82,1.49,20905,42.6,8420,congested
83.37,9.26,154.36,168.96,0.0015,0.0012,0.4,2.74,1.73,13.65,0.68,99592,16.8,23089,degrading
418.04,20.6,1159.16,1847.56,0.0621,0.0396,3.72,1.52,5.83,33.66,1.93,14849,112.4,1982,congested
88.53,17.14,143.06,200.75,0.0047,0.0018,0.6,3.49,0.77,9.51,0.35,53168,19.5,17261,degrading
100.65,15.2,186.62,210.52,0.0019,0.0015,1.16,3.12,1.47,12.7,0.5,86762,7.7,23985,degrading
484.96,20.89,1389.79,1457.04,0.0562,0.0427,2.74,1.05,9.75,39.81,1.66,17751,46.3,7604,congested
32.15,4.73,47.12,54.16,0.0,0.0,0.02,3.81,-0.19,1.47,0.08,493723,2.6,37352,stable
81.28,12.15,128.32,176.83,0.0023,0.0018,0.72,2.79,1.54,11.87,0.52,112430,15.4,27591,degrading
40.22,4.04,53.59,72.5,0.0,0.0,0.13,4.32,-0.4,4.73,0.05,132311,1.9,30409,stable
60.0,4.54,89.38,109.74,0.0,0.0,0.01,4.1,-0.21,2.06,0.28,195381,0.6,7140,stable
114.58,19.47,215.15,304.65,0.0038,0.003,0.52,3.02,2.79,9.06,0.33,84685,18.2,28280,degrading
36.21,4.38,53.35,59.48,0.0001,0.0001,0.29,3.54,-0.5,2.29,-0.01,329434,4.5,24574,stable
328.07,77.68,801.06,1344.23,0.0595,0.0364,2.19,2.18,8.1,48.69,1.1,72611,106.2,14495,congested
120.0,17.33,195.81,241.51,0.0021,0.0017,0.62,2.59,0.76,6.89,0.6,122797,14.5,10449,degrading
60.0,12.79,97.95,141.57,0.0034,0.0017,0.39,3.25,2.08,5.33,0.79,114249,8.1,25294,degrading
47.0,2.71,75.07,79.14,0.0,0.0,0.19,4.0,-0.29,2.25,-0.03,460766,2.0,13018,stable
88.02,8.17,164.36,194.47,0.0025,0.002,1.13,3.39,1.32,13.05,0.73,111825,13.3,20320,degrading
32.48,3.56,50.85,63.6,0.0,0.0,0.12,3.73,0.24,2.44,0.17,208257,0.4,49636,stable
91.5,12.93,170.91,233.3,0.0051,0.0025,1.01,2.82,1.4,12.18,0.21,96404,10.1,25693,degrading
1485.69,227.84,4371.04,6778.79,0.2048,0.1557,5.77,0.21,19.59,82.08,1.11,18721,496.6,3555,critical
88.08,15.48,169.88,191.9,0.003,0.0014,0.8,3.15,2.1,12.28,0.51,140005,12.0,15786,degrading
210.16,65.34,567.48,843.19,0.0613,0.0337,4.5,1.31,9.13,33.15,1.18,35449,26.1,271,congested
60.0,3.34,87.56,103.66,0.0,0.0,0.01,4.56,-0.47,3.92,0.05,344523,1.5,8796,stable
32.91,7.71,45.72,53.87,0.0001,0.0,0.09,3.91,0.1,4.46,0.28,142362,0.8,47292,stable
60.0,18.86,93.19,131.03,0.0023,0.0019,0.45,2.55,1.18,13.2,0.36,119634,12.9,15831,degrading
26.97,3.42,41.32,45.74,0.0,0.0,0.15,4.07,0.19,4.27,0.12,112878,3.1,3714,stable
120.0,12.17,205.22,283.6,0.0039,0.0021,1.01,2.57,0.9,7.62,0.52,88624,14.9,13647,degrading
350.1,56.33,841.3,1558.17,0.0528,0.0311,4.86,1.22,5.62,40.21,0.74,55021,86.6,1061,congested
75.67,15.03,150.64,202.71,0.0032,0.0011,0.93,3.21,1.18,8.98,0.76,124917,16.8,15729,degrading
103.85,17.99,176.0,240.67,0.0019,0.0009,0.65,3.46,2.41,7.02,0.65,126623,19.3,26787,degrading
223.26,53.8,571.31,705.49,0.0522,0.0337,1.84,1.87,8.77,44.54,1.56,73690,23.2,1056,congested
48.53,3.0,73.54,92.3,0.0,0.0,0.16,3.9,0.41,2.47,-0.08,220090,2.7,21002,stable
57.08,5.8,86.48,91.76,0.0001,0.0,0.2,4.6,-0.23,4.97,-0.03,185797,1.4,48791,stable
47.27,7.93,61.89,84.39,0.0001,0.0,0.11,4.2,0.34,1.4,0.15,370939,2.8,46856,stable
54.85,2.44,74.19,107.28,0.0,0.0,0.17,4.75,0.19,1.08,0.03,157790,1.2,45368,stable
89.35,14.62,137.71,206.3,0.0044,0.0035,0.56,3.27,1.84,9.09,0.74,99736,14.2,29581,degrading
119.08,16.41,194.62,301.94,0.0051,0.0012,0.83,3.16,0.55,11.71,0.43,96021,17.1,15951,degrading
45.95,5.27,72.71,80.61,0.0,0.0,0.19,4.82,0.24,4.21,0.01,170975,3.8,40534,stable
248.6,38.28,734.08,777.87,0.056,0.0333,3.11,0.51,7.21,15.05,1.46,43832,30.9,1417,congested
97.49,14.66,168.59,249.16,0.0015,0.0012,1.11,3.19,2.21,6.1,0.63,57663,5.8,10097,degrading
74.77,13.33,139.92,163.15,0.0021,0.001,0.56,3.45,1.47,8.9,0.57,106897,9.4,14278,degrading
108.82,18.76,205.79,292.94,0.0024,0.002,0.89,3.31,2.42,13.13,0.48,56281,14.6,6701,degrading
795.87,253.52,2400.17,4170.96,0.2281,0.1556,4.07,0.52,15.9,114.43,1.33,20151,582.0,3135,critical
57.21,4.85,88.39,101.43,0.0,0.0,0.03,3.53,0.37,1.95,-0.02,394414,1.6,25796,stable
50.97,2.16,67.63,87.39,0.0,0.0,0.05,4.36,0.48,2.16,0.22,296191,0.2,38387,stable
117.23,10.0,177.26,270.39,0.0027,0.0012,0.75,2.86,1.8,12.34,0.69,114984,16.9,3108,degrading
39.46,3.27,55.69,75.91,0.0001,0.0,0.05,3.57,-0.1,4.41,0.2,306862,2.9,7364,stable
84.54,12.1,151.18,190.04,0.003,0.0024,0.39,2.5,0.98,6.89,0.31,100977,12.8,21829,degrading
749.86,52.84,1953.34,3569.11,0.2293,0.1835,9.73,1.07,14.96,55.61,1.1,26756,215.4,1889,critical
45.49,7.46,66.08,85.41,0.0001,0.0,0.09,3.69,0.05,4.43,0.17,218432,2.8,36027,stable
74.93,13.09,129.03,199.77,0.004,0.0018,1.0,2.81,1.59,10.41,0.41,75853,16.7,22735,degrading
1192.4,132.26,4461.49,7036.85,0.2083,0.1637,3.83,0.79,10.65,68.6,1.2,26756,256.7,2222,critical
59.92,3.2,90.43,96.69,0.0,0.0,0.23,4.71,-0.43,1.77,0.26,266245,2.4,9233,stable
35.57,7.18,52.52,62.24,0.0,0.0,0.29,4.11,0.33,4.06,0.13,482418,1.0,6353,stable
277.6,63.61,556.04,1117.85,0.0557,0.0382,1.52,0.75,3.35,36.42,0.77,70382,108.5,10396,congested
254.08,40.34,574.04,1064.64,0.065,0.0371,4.81,2.22,9.33,24.49,1.27,65670,72.6,9663,congested
569.39,86.51,2244.59,2750.14,0.2459,0.1704,6.32,0.24,9.86,136.14,2.26,26093,534.0,2641,critical
120.0,15.78,186.33,292.86,0.0017,0.0014,1.05,3.28,2.19,11.18,0.75,69264,7.9,29482,degrading
23.82,3.78,36.18,46.58,0.0,0.0,0.12,3.96,0.39,1.55,-0.05,474279,1.0,8273,stable
1359.91,105.97,4491.81,7783.26,0.2375,0.1583,9.51,0.62,11.06,100.01,1.45,12391,351.1,4123,critical
62.87,17.5,113.94,170.11,0.0027,0.0011,0.49,3.05,0.83,7.48,0.74,119711,9.6,26381,degrading
31.26,2.5,47.21,50.92,0.0,0.0,0.28,4.98,0.25,2.51,-0.07,410858,2.8,21786,stable
120.0,14.16,192.15,295.35,0.0037,0.0018,0.7,2.72,1.27,7.79,0.75,102195,14.8,28074,degrading
380.78,22.39,1091.26,1688.26,0.0641,0.0412,3.12,1.24,3.19,48.24,0.56,73206,39.0,2213,congested
60.0,5.59,87.61,102.26,0.0001,0.0,0.07,4.15,-0.17,3.34,0.04,257180,4.3,44342,stable
204.33,64.25,567.44,708.13,0.0627,0.0331,1.97,2.46,3.34,15.55,1.35,14384,101.1,12311,congested
382.35,20.41,975.62,1609.63,0.0582,0.0324,2.73,1.86,9.5,32.5,0.77,19971,50.2,6919,congested
93.05,9.94,174.14,186.38,0.0015,0.0011,0.3,2.82,0.72,11.81,0.33,76465,6.2,14772,degrading
120.0,11.89,197.16,244.72,0.004,0.0011,0.52,2.6,2.52,14.85,0.6,132522,19.1,7243,degrading
106.01,13.99,185.42,277.76,0.003,0.0018,0.95,2.83,1.13,14.8,0.54,126249,15.7,22788,degrading
46.97,4.49,63.56,89.45,0.0,0.0,0.18,4.28,-0.43,1.6,0.24,496270,2.1,40694,stable
53.41,6.84,69.5,92.3,0.0,0.0,0.14,4.12,0.48,1.8,-0.01,216746,0.9,19588,stable
49.76,3.38,68.08,95.09,0.0001,0.0,0.16,3.94,-0.24,3.32,0.18,113269,2.8,9352,stable
79.39,14.62,132.47,174.37,0.0056,0.0027,1.12,2.62,1.79,13.57,0.48,66567,10.6,29657,degrading
251.69,38.36,635.31,1074.31,0.0758,0.0456,3.45,2.03,5.91,27.24,1.01,21133,63.8,12179,congested
56.69,4.59,90.36,92.72,0.0,0.0,0.28,4.74,-0.39,1.43,0.07,139462,3.1,8040,stable
91.94,15.71,140.49,239.63,0.0025,0.002,0.39,3.49,1.34,7.24,0.28,131218,13.8,28574,degrading
38.03,2.88,51.07,63.39,0.0001,0.0,0.2,4.53,0.41,2.49,0.13,104875,1.7,4049,stable
28.29,7.91,43.53,54.19,0.0,0.0,0.3,4.93,-0.37,2.33,0.06,218720,4.7,36345,stable
31.15,3.71,42.11,55.53,0.0001,0.0,0.14,3.78,-0.15,1.06,-0.03,234135,2.8,7344,stable
30.09,3.9,47.93,51.24,0.0,0.0,0.01,3.97,0.08,4.8,0.24,191342,1.1,10857,stable
28.58,4.2,38.07,52.92,0.0,0.0,0.19,4.48,0.37,4.58,0.27,137939,2.7,37284,stable
345.02,56.69,749.72,1302.11,0.0529,0.0375,2.38,0.99,6.38,37.93,1.89,52932,103.6,10471,congested
23.82,5.44,33.29,47.5,0.0,0.0,0.23,4.95,0.38,2.99,0.07,466307,3.1,15425,stable
66.09,12.56,118.92,165.73,0.0018,0.0007,0.65,3.09,2.46,11.38,0.31,89770,12.7,15950,degrading
35.45,4.68,48.01,58.74,0.0,0.0,0.29,4.55,-0.4,1.35,0.19,186131,2.2,48854,stable
98.16,9.47,167.68,219.75,0.0035,0.0017,0.4,2.94,0.95,7.59,0.55,90390,18.0,7155,degrading
106.87,8.05,205.29,218.84,0.0017,0.0014,0.43,3.09,2.89,10.53,0.63,107541,6.6,28420,degrading
91.59,19.67,172.25,200.97,0.0021,0.0011,0.33,3.03,2.69,9.51,0.43,67851,10.8,10262,degrading
76.5,19.8,121.72,182.43,0.0026,0.002,0.5,2.94,0.94,6.81,0.49,146008,13.9,25688,degrading
415.59,74.72,1229.63,1843.17,0.0542,0.0312,1.23,0.97,5.06,42.15,1.32,33176,79.7,11845,congested
93.65,15.45,161.03,236.57,0.0021,0.0017,0.81,2.9,1.3,8.05,0.7,132505,17.4,8840,degrading
60.0,2.42,85.98,103.28,0.0,0.0,0.17,4.83,0.31,2.11,-0.03,220462,1.1,31513,stable
96.3,16.12,180.25,205.61,0.0024,0.001,0.77,2.76,1.87,7.88,0.2,86325,14.1,23324,degrading
80.95,16.82,136.39,169.23,0.0021,0.0017,0.87,3.37,1.43,8.19,0.42,100079,9.7,7888,degrading
29.82,2.46,45.92,58.74,0.0,0.0,0.05,3.51,-0.43,1.89,-0.09,301137,1.6,9843,stable
60.0,16.04,111.52,164.43,0.0044,0.0035,0.37,2.77,2.92,9.45,0.54,58102,9.3,1669,degrading
342.65,66.54,845.59,1451.94,0.0532,0.0426,4.72,2.47,5.31,40.03,1.13,11941,115.9,2220,congested
276.8,27.38,655.19,1020.29,0.0522,0.0323,2.21,0.69,5.87,47.39,1.12,54431,58.7,10998,congested
72.07,16.7,133.18,155.75,0.002,0.001,0.36,3.1,1.71,14.07,0.42,125198,5.6,21784,degrading
75.98,13.18,113.99,179.4,0.0046,0.0015,0.86,3.21,1.32,12.25,0.58,79623,5.8,7517,degrading
1011.37,91.56,3239.65,4663.95,0.2376,0.1681,7.27,0.8,9.88,74.09,1.03,3590,469.3,4631,critical
213.5,58.74,441.84,676.64,0.0713,0.0404,2.47,2.34,4.66,16.7,1.82,40725,82.1,13298,congested
91.71,9.24,176.88,192.55,0.0023,0.0012,0.41,3.38,1.02,13.8,0.51,111393,8.9,7058,degrading
74.31,18.9,112.05,152.66,0.0016,0.0013,1.13,2.53,1.83,8.35,0.41,74780,7.0,1517,degrading
967.48,286.31,3540.92,4400.65,0.2092,0.1574,6.75,1.09,6.93,58.62,1.16,11877,555.5,1477,critical
26.26,2.14,35.33,51.28,0.0,0.0,0.11,4.25,-0.14,3.63,0.27,239259,1.8,37176,stable
30.62,6.52,46.39,57.19,0.0001,0.0,0.19,4.54,0.37,2.37,0.21,324542,4.4,26862,stable
42.97,2.87,63.62,80.65,0.0,0.0,0.2,4.12,-0.02,1.82,-0.06,331505,4.0,13826,stable
34.36,3.03,52.99,64.49,0.0001,0.0,0.27,4.38,-0.41,2.8,0.2,417653,2.5,44842,stable
69.82,12.38,136.66,187.44,0.0059,0.0024,0.8,2.76,2.51,9.05,0.49,52767,11.0,5437,degrading
100.53,12.97,190.3,232.26,0.0039,0.003,1.18,3.02,2.58,11.64,0.26,119565,14.7,22874,degrading
44.67,6.45,58.71,72.45,0.0,0.0,0.19,3.91,0.41,1.71,-0.08,418647,2.8,13076,stable
1108.54,87.65,4092.5,4612.18,0.2112,0.1525,3.75,1.15,16.69,112.85,2.97,20973,116.1,1619,critical
60.0,5.19,79.65,106.68,0.0,0.0,0.0,4.49,-0.21,2.01,0.03,207918,2.6,22567,stable
45.54,5.53,69.2,85.81,0.0,0.0,0.18,3.73,-0.18,3.85,0.05,239524,1.0,30146,stable
331.93,23.47,766.23,1370.6,0.0682,0.0369,1.81,0.86,4.79,38.1,1.42,33863,39.7,9397,congested
60.0,12.43,95.37,137.04,0.0021,0.0007,0.61,2.64,1.07,8.83,0.5,59319,6.5,20384,degrading
33.65,3.02,47.12,59.42,0.0,0.0,0.28,4.07,-0.46,4.05,0.13,425950,0.4,31440,stable
105.83,18.49,173.78,241.19,0.0012,0.001,0.52,3.18,2.83,7.12,0.25,100659,10.9,1553,degrading
85.03,15.47,141.36,211.89,0.0014,0.0011,0.55,2.55,0.64,7.69,0.44,103750,16.4,25268,degrading
997.67,281.08,2905.21,4748.34,0.2149,0.1719,7.84,0.14,11.06,127.05,2.85,19238,427.8,4384,critical
76.15,12.9,121.06,203.07,0.0031,0.0018,0.4,3.14,1.41,8.21,0.77,77279,18.1,29259,degrading
74.33,14.94,119.82,188.99,0.0044,0.0008,0.81,2.75,1.28,6.4,0.67,57011,10.6,13748,degrading
500.0,32.91,1448.52,1928.77,0.0721,0.0349,3.5,2.08,9.31,41.62,1.01,60915,73.0,13600,congested
33.65,2.12,46.36,64.07,0.0,0.0,0.16,4.18,0.34,1.39,0.1,160019,1.6,37130,stable
84.5,15.34,164.52,181.27,0.0037,0.0027,0.91,3.05,0.65,11.88,0.56,122628,15.8,13590,degrading
120.0,17.86,234.83,290.29,0.0013,0.0011,0.32,3.3,0.81,13.72,0.44,66726,16.9,6408,degrading
60.0,14.74,102.27,166.75,0.0033,0.0017,0.82,2.89,2.51,14.09,0.35,53804,8.0,22841,degrading
211.7,44.29,505.86,646.99,0.0587,0.0358,4.29,1.98,6.34,38.23,0.94,79146,36.8,10881,congested
26.56,6.82,41.04,52.89,0.0,0.0,0.26,4.78,-0.4,1.36,0.01,449906,0.6,36279,stable
110.7,15.43,199.21,266.36,0.0025,0.0014,0.58,3.09,0.69,12.18,0.48,92334,19.0,14998,degrading
47.33,2.7,75.1,81.67,0.0,0.0,0.1,4.31,-0.35,3.21,0.12,404760,4.2,22581,stable
40.97,3.65,57.34,77.04,0.0001,0.0,0.19,4.58,0.48,2.51,0.22,273812,4.3,9852,stable
500.0,27.45,1107.9,1507.11,0.061,0.032,4.34,1.63,8.35,46.16,1.34,35709,105.6,3521,congested
43.35,3.32,57.2,82.18,0.0,0.0,0.04,3.61,0.49,3.62,0.12,406199,4.2,40529,stable
25.37,7.94,34.0,48.31,0.0,0.0,0.13,4.34,0.08,4.43,0.02,428668,2.8,15725,stable
102.33,14.4,173.93,250.47,0.0017,0.0009,0.75,2.7,2.34,9.19,0.56,60726,14.5,11519,degrading
38.66,6.19,54.98,62.76,0.0,0.0,0.14,4.69,-0.34,4.35,0.16,232869,2.6,48313,stable
1138.17,215.61,2956.59,6632.24,0.2096,0.1614,9.89,0.56,6.29,138.68,2.59,1006,346.2,47,critical
41.94,7.81,60.53,79.3,0.0,0.0,0.2,3.67,0.06,2.15,0.28,404828,4.9,2840,stable
47.36,5.15,67.4,94.39,0.0,0.0,0.28,4.34,0.07,2.12,0.21,174817,1.6,21846,stable
82.41,13.58,143.31,184.51,0.0018,0.0014,0.97,2.75,1.47,12.6,0.21,56396,17.9,1766,degrading
47.4,2.54,71.33,94.08,0.0,0.0,0.11,3.62,0.25,3.91,0.27,392212,4.1,37551,stable
60.0,5.05,85.48,106.79,0.0,0.0,0.22,4.25,0.07,3.85,0.21,208606,0.7,15297,stable
71.75,12.65,113.82,197.86,0.0019,0.0011,0.6,3.13,2.01,10.29,0.42,92764,16.9,18472,degrading
49.7,6.65,76.07,89.42,0.0,0.0,0.04,4.09,0.21,4.89,-0.03,264176,0.5,12876,stable
50.2,7.82,77.53,81.02,0.0,0.0,0.05,4.44,0.07,1.62,0.24,231623,1.8,21602,stable
55.45,5.11,77.06,109.59,0.0,0.0,0.04,3.62,0.23,2.99,0.07,391803,3.8,8786,stable
33.02,7.09,43.5,54.41,0.0001,0.0,0.19,4.0,0.29,2.9,0.04,268019,0.5,43439,stable
43.53,7.26,62.05,85.51,0.0001,0.0,0.2,3.83,-0.47,2.64,0.02,423591,4.0,23394,stable
97.29,19.36,170.65,230.21,0.0017,0.0011,0.82,3.05,1.92,9.68,0.29,52091,5.7,28322,degrading
105.18,11.74,174.97,254.77,0.0034,0.0011,1.04,3.28,2.49,9.7,0.4,134978,13.8,27963,degrading
1598.77,260.72,4338.92,7570.09,0.237,0.1591,5.57,0.85,12.89,105.4,1.69,18000,321.4,1992,critical
68.61,10.57,112.38,179.17,0.003,0.0024,0.6,3.28,1.57,10.73,0.45,74233,7.8,4616,degrading
35.61,3.81,51.67,57.78,0.0,0.0,0.06,4.5,0.38,4.26,0.17,144172,1.4,16180,stable
101.5,15.37,195.15,253.01,0.0056,0.0009,1.18,2.78,1.8,10.49,0.54,54732,16.6,22045,degrading
69.93,13.27,132.09,143.63,0.0022,0.0018,0.69,3.42,2.94,7.1,0.54,103693,18.0,20884,degrading
92.32,13.73,150.56,239.0,0.0023,0.0018,0.49,2.68,1.41,6.48,0.26,74258,10.9,17841,degrading
41.04,3.48,59.14,76.52,0.0,0.0,0.27,4.86,-0.19,3.76,0.01,176243,0.9,17763,stable
62.5,14.75,110.85,158.07,0.0043,0.0014,0.94,3.18,0.99,7.09,0.49,115230,10.9,2393,degrading
828.05,106.56,2201.75,3493.58,0.2171,0.1573,9.85,0.89,7.72,128.3,0.81,14989,246.3,4732,critical
110.74,11.51,191.98,259.59,0.0013,0.001,0.86,3.11,2.05,13.92,0.63,128339,9.7,8476,degrading
874.11,220.28,2585.6,3857.04,0.2055,0.1644,3.7,0.15,10.1,34.69,1.89,24894,247.8,2384,critical
1344.55,75.14,3659.9,7968.36,0.2208,0.1766,7.07,0.48,5.51,89.43,1.89,2184,322.6,2560,critical
36.7,5.16,55.29,62.74,0.0,0.0,0.29,4.12,-0.06,3.31,0.29,196640,3.4,36083,stable
25.37,3.95,36.46,42.78,0.0,0.0,0.01,4.56,-0.09,2.23,-0.04,435961,0.3,15201,stable
24.03,4.45,31.51,40.73,0.0,0.0,0.17,4.19,0.4,1.88,0.2,163625,3.1,43660,stable
46.56,4.98,63.96,85.33,0.0,0.0,0.19,3.59,0.46,1.09,0.14,410546,3.9,2679,stable
29.33,6.43,42.44,47.26,0.0,0.0,0.12,4.52,0.26,4.97,0.04,264416,0.8,10999,stable
30.3,3.04,39.95,55.27,0.0,0.0,0.0,4.23,-0.17,1.12,0.21,305160,1.7,40484,stable
371.6,43.47,896.25,1423.38,0.0738,0.0344,1.33,2.42,4.63,46.79,1.48,45847,98.6,10157,congested
62.73,18.33,97.17,175.14,0.003,0.0024,0.59,3.1,0.87,5.98,0.24,113057,9.8,11523,degrading
316.55,28.29,930.18,1207.53,0.0613,0.0402,4.14,1.13,4.56,39.75,0.82,44911,51.8,12369,congested
40.65,3.2,56.12,72.19,0.0001,0.0,0.21,4.12,0.39,4.93,0.17,445525,2.5,46796,stable
112.9,19.63,188.33,251.98,0.002,0.001,0.38,3.46,1.91,13.26,0.48,93564,18.7,29701,degrading
60.0,18.33,112.3,147.51,0.0037,0.0012,0.48,2.51,2.94,13.99,0.38,98348,12.3,26142,degrading
417.23,62.47,975.8,1824.37,0.07,0.0505,3.77,2.11,3.17,37.51,0.88,49972,93.8,10828,congested
762.98,140.3,2873.3,3096.49,0.2384,0.1669,4.02,0.32,5.22,52.14,1.09,18344,570.0,1084,critical
38.88,5.25,59.48,68.32,0.0,0.0,0.24,4.37,0.46,1.93,0.09,490971,4.1,36702,stable
204.33,64.39,423.49,781.86,0.0596,0.0364,3.11,0.91,9.4,31.38,1.09,21967,100.3,14297,congested
313.58,38.26,916.99,1010.7,0.0785,0.0416,1.5,1.1,9.12,20.57,0.84,25133,47.5,378,congested
37.79,4.92,53.16,64.27,0.0,0.0,0.0,3.85,-0.36,3.45,-0.03,311451,3.0,15604,stable
24.63,5.1,32.13,42.02,0.0,0.0,0.24,4.61,0.13,4.95,0.11,145242,4.1,13340,stable
42.82,2.91,56.47,81.53,0.0,0.0,0.17,4.54,0.47,2.56,0.12,379631,3.0,19950,stable
46.97,3.33,71.96,84.26,0.0,0.0,0.02,4.1,0.25,2.83,0.06,246402,2.3,16593,stable
90.27,13.63,175.15,250.15,0.004,0.0017,1.05,2.69,1.31,9.49,0.71,123137,9.8,7669,degrading
60.0,18.63,100.76,155.05,0.0023,0.0008,1.01,3.36,1.92,7.94,0.52,133637,9.7,11870,degrading
99.35,19.87,194.51,212.88,0.0049,0.0018,0.8,2.88,2.72,8.06,0.72,88999,13.7,8948,degrading
100.67,13.62,198.66,260.59,0.0044,0.0019,0.32,2.83,2.56,5.15,0.27,130685,9.6,28177,degrading
31.28,2.55,45.98,54.84,0.0,0.0,0.21,4.35,0.44,3.38,0.3,441527,4.8,17055,stable
97.64,8.98,173.44,208.74,0.003,0.0019,0.53,3.21,0.58,7.96,0.26,95122,11.5,11090,degrading
37.55,2.16,58.77,63.68,0.0,0.0,0.13,4.43,-0.31,4.21,-0.02,102189,2.6,6642,stable
120.0,11.37,219.01,251.3,0.0033,0.0015,0.74,3.43,1.66,9.71,0.25,71134,7.4,17175,degrading
355.06,67.71,1041.59,1094.06,0.0609,0.033,2.01,1.31,5.56,23.34,1.78,29607,79.3,7241,congested
21.89,4.93,33.6,42.26,0.0,0.0,0.11,4.44,-0.31,1.59,0.02,112844,3.7,13677,stable
409.55,22.01,829.63,1457.65,0.0522,0.0418,3.18,1.4,4.54,22.94,1.53,32604,118.6,4418,congested
106.21,9.42,178.62,281.37,0.0023,0.0018,0.9,2.71,2.62,6.22,0.75,71607,19.3,24039,degrading
27.14,5.2,35.45,48.94,0.0001,0.0,0.26,4.28,0.16,2.43,0.06,214470,3.5,18600,stable
27.82,5.69,43.11,50.01,0.0001,0.0,0.04,3.8,-0.44,1.79,-0.1,350903,1.6,48684,stable
60.0,6.87,85.16,108.99,0.0,0.0,0.26,4.37,-0.09,4.99,-0.09,221736,1.4,18453,stable
392.09,71.22,795.32,1738.14,0.0663,0.0387,2.86,2.09,3.61,15.08,1.18,10104,113.5,12390,congested
52.61,5.87,74.17,90.58,0.0,0.0,0.16,3.54,-0.46,3.45,0.22,275119,2.8,40191,stable
51.02,6.05,72.5,99.23,0.0,0.0,0.08,3.75,-0.02,3.81,-0.01,101640,1.7,48474,stable
39.46,4.18,58.87,65.17,0.0,0.0,0.01,4.95,0.03,2.21,0.05,126562,4.9,2925,stable
26.72,2.98,35.67,48.72,0.0001,0.0,0.06,4.86,0.29,2.33,-0.03,211814,1.7,28289,stable
120.0,12.86,184.56,309.62,0.0016,0.0013,1.06,3.18,1.63,11.92,0.3,105048,14.3,27868,degrading
275.16,68.84,565.76,1023.76,0.0618,0.0309,4.65,1.14,4.05,30.16,1.27,13641,99.9,11087,congested
60.0,10.57,114.55,135.98,0.0035,0.001,0.74,3.19,2.55,5.51,0.4,52511,5.7,1616,degrading
53.4,5.95,78.53,87.45,0.0,0.0,0.15,4.37,-0.01,1.78,0.19,212308,0.1,32628,stable
98.77,13.39,167.61,244.7,0.0017,0.0013,0.76,2.93,1.76,12.33,0.21,67414,18.6,6265,degrading
26.34,4.46,38.44,50.36,0.0,0.0,0.01,3.77,-0.21,3.73,0.25,419396,0.9,28704,stable
37.08,4.39,55.06,68.75,0.0,0.0,0.19,3.54,0.09,4.76,0.13,255267,3.2,23454,stable
48.7,7.04,64.3,79.44,0.0001,0.0,0.03,4.35,0.05,2.55,0.24,101748,2.6,11640,stable
48.89,2.31,78.12,88.15,0.0,0.0,0.17,4.84,-0.22,1.97,0.25,350159,0.0,18303,stable
197.91,73.83,441.55,779.15,0.0668,0.0414,2.91,1.05,8.65,26.26,1.41,41571,48.7,4053,congested
60.0,10.82,93.95,121.77,0.0021,0.0011,0.43,3.49,1.21,13.37,0.31,145064,17.4,11101,degrading
30.26,6.77,42.15,54.19,0.0,0.0,0.1,4.12,0.03,4.19,0.01,476728,2.7,42207,stable
119.28,19.22,193.5,313.49,0.0039,0.0014,0.43,2.62,3.0,13.26,0.62,89898,17.8,27721,degrading
951.32,153.1,3262.66,4670.04,0.2209,0.1649,4.79,0.86,17.93,65.63,0.85,26390,371.8,39,critical
47.01,3.25,71.89,92.81,0.0001,0.0,0.25,4.37,0.46,4.18,0.18,124102,0.5,39457,stable
38.56,4.06,55.85,74.33,0.0,0.0,0.02,3.59,0.28,4.44,0.14,271531,4.2,36712,stable
60.0,3.99,82.39,115.57,0.0,0.0,0.09,4.35,0.48,1.87,0.29,385737,4.1,5392,stable
116.35,18.78,226.72,271.13,0.0014,0.0011,1.15,3.1,2.54,14.54,0.69,144297,16.4,5518,degrading
393.78,47.26,1047.27,1658.16,0.0543,0.0391,3.88,1.82,7.24,21.92,1.76,50348,117.8,1129,congested
353.76,38.15,937.73,1544.33,0.0537,0.0376,2.44,1.46,4.0,29.57,1.95,60340,36.7,1572,congested
207.87,51.54,459.12,643.57,0.0604,0.0382,1.36,1.03,3.74,32.36,1.66,78361,35.5,754,congested
49.04,7.68,77.47,79.22,0.0,0.0,0.28,4.16,-0.09,3.5,-0.07,402693,3.8,24227,stable
31.18,2.72,43.28,62.09,0.0,0.0,0.28,4.92,0.45,4.77,0.23,373838,4.2,30426,stable
51.9,5.06,74.56,95.17,0.0,0.0,0.07,4.41,0.0,3.11,-0.01,370001,1.3,20082,stable
25.12,5.87,33.97,47.14,0.0,0.0,0.17,4.29,-0.26,1.37,0.26,460167,3.2,17612,stable
1040.47,83.53,3225.1,5873.04,0.2162,0.1603,5.91,0.95,13.39,146.85,1.05,27533,265.0,2541,critical
356.51,41.48,960.99,1277.09,0.0599,0.0396,2.95,0.56,7.92,44.08,0.84,32249,89.5,8649,congested
44.19,7.56,63.57,81.0,0.0001,0.0,0.07,3.88,0.0,2.54,-0.07,314411,3.9,29137,stable
50.36,5.45,66.73,86.08,0.0001,0.0,0.24,4.35,0.4,2.98,0.28,456747,2.9,46760,stable
120.0,19.28,239.63,329.97,0.0022,0.0009,0.73,3.15,2.52,9.33,0.7,61145,12.2,14737,degrading
36.53,3.71,54.32,67.2,0.0,0.0,0.28,4.0,-0.13,1.33,0.16,320980,0.2,37858,stable
120.0,17.69,230.27,273.86,0.0037,0.0013,0.43,2.71,0.84,9.08,0.3,90340,17.8,19808,degrading
24.32,3.06,32.57,40.68,0.0001,0.0,0.24,3.83,0.33,3.63,-0.01,126163,3.9,11729,stable
60.0,12.49,114.46,128.73,0.003,0.0007,1.05,2.9,2.57,12.17,0.7,131242,12.3,11358,degrading
251.2,33.97,601.19,882.63,0.0586,0.04,2.84,2.0,3.29,47.74,1.34,31995,32.7,9648,congested
85.2,11.62,142.8,188.5,0.0019,0.0012,0.88,2.75,1.56,14.52,0.53,103193,11.1,16926,degrading
96.11,17.41,181.08,197.87,0.0032,0.0024,0.35,2.97,0.99,5.08,0.36,71524,15.3,25895,degrading
40.9,5.58,53.57,72.2,0.0,0.0,0.15,4.25,0.02,1.9,0.11,292685,1.0,49421,stable
35.06,4.26,48.08,68.39,0.0,0.0,0.12,3.97,0.44,2.05,0.06,252916,1.2,11656,stable
98.09,8.49,175.06,269.04,0.0029,0.0013,1.16,3.34,2.02,10.39,0.63,130391,9.4,20174,degrading
35.46,3.65,51.14,61.47,0.0001,0.0,0.09,3.77,0.0,2.29,0.0,285594,0.7,46459,stable
444.58,50.9,1126.88,1494.06,0.0623,0.0329,4.9,1.07,5.55,40.52,1.46,67737,54.7,4727,congested
164.79,52.06,332.72,554.1,0.0593,0.0388,1.83,1.38,8.25,35.28,1.86,41063,33.2,826,congested
29.55,4.41,44.0,49.57,0.0,0.0,0.03,3.8,0.24,2.12,0.1,230879,2.5,17986,stable
83.28,14.61,141.69,219.41,0.0029,0.002,0.81,3.23,2.84,8.73,0.45,51503,12.9,4376,degrading
22.49,5.71,35.2,37.54,0.0,0.0,0.25,3.88,-0.31,1.58,-0.02,206874,4.3,38730,stable
1122.57,74.04,3483.47,5639.59,0.2071,0.1575,8.95,0.94,19.71,50.53,2.88,22247,535.9,180,critical
75.19,10.43,141.33,188.0,0.005,0.0017,0.31,2.66,2.83,12.96,0.34,121829,15.0,5719,degrading
88.62,14.48,172.25,218.52,0.0031,0.0022,0.57,2.61,1.15,12.73,0.4,118968,16.6,24590,degrading
41.38,6.32,59.05,72.06,0.0,0.0,0.18,3.93,-0.35,1.35,-0.0,394621,4.2,43224,stable
415.02,33.02,989.34,1714.12,0.0536,0.0338,4.47,0.65,8.0,39.15,0.95,17652,105.4,8359,congested
2000.0,136.39,5069.27,8221.86,0.2248,0.1667,8.08,1.11,5.42,86.5,2.56,20985,158.4,1967,critical
64.07,19.39,108.94,148.55,0.0048,0.0026,1.07,3.49,1.52,10.46,0.56,105856,6.4,3893,degrading
60.0,2.23,88.5,101.52,0.0,0.0,0.19,3.96,0.48,2.1,-0.02,276861,0.3,48946,stable
31.98,2.19,43.12,56.25,0.0,0.0,0.05,3.74,0.18,4.66,-0.04,129481,4.7,6749,stable
33.93,5.26,50.89,65.38,0.0001,0.0,0.2,4.16,0.15,1.21,-0.03,350779,3.2,38932,stable
120.0,18.52,235.87,300.36,0.007,0.0025,0.87,2.62,2.75,11.23,0.64,84288,18.8,15327,degrading
89.1,11.99,166.52,186.94,0.0019,0.0015,1.18,2.68,2.01,12.97,0.58,139693,14.0,24879,degrading
500.0,50.77,1370.05,1501.17,0.0675,0.0426,2.24,2.04,7.33,20.29,1.35,73228,103.3,13378,congested
104.02,8.08,162.11,268.87,0.004,0.0029,0.43,3.44,0.81,14.31,0.4,132155,19.2,15818,degrading
120.0,8.99,181.33,313.4,0.0045,0.0036,1.15,3.34,1.28,14.59,0.38,94299,16.3,9615,degrading
35.75,5.51,56.19,70.23,0.0001,0.0,0.23,4.33,-0.44,3.82,0.05,228114,5.0,29929,stable
45.55,7.51,60.28,80.66,0.0,0.0,0.01,4.65,0.22,4.86,0.27,404893,2.6,11009,stable
1571.11,55.44,5719.13,6811.31,0.2046,0.1551,9.05,0.66,8.75,79.62,1.99,3542,366.8,555,critical
248.08,73.36,657.48,824.96,0.054,0.0326,2.02,2.11,4.12,22.64,1.11,20417,31.3,7873,congested
56.96,3.02,80.63,99.05,0.0001,0.0,0.07,4.26,-0.24,1.04,0.16,304437,2.2,48381,stable
108.3,14.74,167.99,229.83,0.0034,0.002,0.32,2.64,0.93,5.63,0.58,72959,13.7,23587,degrading
47.85,3.31,70.75,81.62,0.0,0.0,0.13,3.55,-0.24,1.13,0.25,197358,2.8,2909,stable
120.0,12.45,192.31,261.78,0.0015,0.0011,0.35,3.18,1.46,8.97,0.36,83392,17.9,23763,degrading
33.34,7.82,50.53,55.26,0.0,0.0,0.07,4.37,-0.14,3.65,0.13,469591,0.5,11811,stable
28.22,6.11,38.39,52.03,0.0,0.0,0.03,4.85,0.38,3.99,0.27,321233,2.2,48429,stable
498.79,72.73,1260.89,1994.16,0.0563,0.0383,4.3,1.18,3.2,24.81,0.69,39992,114.0,7737,congested
54.3,6.37,77.26,100.59,0.0,0.0,0.04,4.82,0.33,3.61,0.08,473182,4.2,25466,stable
1745.49,194.84,4952.48,10077.79,0.2255,0.1778,7.2,0.97,8.12,37.45,1.72,28150,121.1,3945,critical
33.3,3.1,50.46,60.61,0.0,0.0,0.03,3.85,0.45,2.85,0.07,105233,0.3,33766,stable
120.0,16.48,211.67,250.09,0.0027,0.0021,0.65,2.65,2.16,12.92,0.7,52195,11.1,29363,degrading
53.52,6.95,74.73,102.73,0.0,0.0,0.09,3.55,0.38,4.3,0.05,174180,3.4,4859,stable
20.97,3.95,30.83,34.17,0.0001,0.0,0.28,4.87,0.05,2.47,0.25,229364,0.8,32335,stable
411.98,32.54,1006.04,1686.98,0.0597,0.0333,3.76,1.04,3.56,18.44,1.58,26024,97.0,13598,congested
339.03,73.97,678.9,1223.5,0.0503,0.0368,2.15,1.15,3.83,49.2,1.31,29055,56.2,13002,congested
54.37,2.03,71.34,103.68,0.0001,0.0001,0.23,4.86,-0.35,1.54,-0.05,243724,2.4,23618,stable
42.16,5.47,57.72,67.72,0.0,0.0,0.28,4.97,0.45,4.3,0.18,365330,0.5,14302,stable
24.62,2.49,36.25,43.26,0.0001,0.0001,0.08,4.06,0.34,4.44,0.15,333136,2.1,32159,stable
1186.61,221.79,4623.44,5052.85,0.2537,0.1753,7.36,0.55,17.8,108.64,2.0,26969,418.5,1260,critical
821.27,181.79,2632.38,4604.87,0.2169,0.1735,4.74,0.24,11.94,119.55,2.02,18639,570.9,2291,critical
120.0,16.98,228.56,311.01,0.0035,0.0005,0.79,3.35,2.36,8.49,0.31,106721,19.0,25262,degrading
927.63,287.74,2376.26,4381.81,0.2108,0.1687,9.83,0.76,18.31,66.73,2.46,1171,425.5,3743,critical
28.6,4.98,41.82,56.57,0.0,0.0,0.15,4.04,-0.23,4.89,0.1,442591,1.0,47032,stable
120.0,15.42,205.81,252.68,0.0044,0.0018,0.46,2.88,1.17,7.22,0.77,84484,5.9,27043,degrading
1021.89,76.11,3202.2,4460.0,0.2141,0.1712,4.42,0.48,7.35,70.54,2.03,15133,531.8,1027,critical
80.25,16.65,140.41,215.39,0.0014,0.0011,0.81,3.34,0.83,12.68,0.29,68967,18.8,787,degrading
292.77,37.56,599.15,1042.83,0.0609,0.031,4.12,1.78,4.5,48.19,0.96,47340,77.1,3283,congested
384.29,42.66,912.17,1230.8,0.0568,0.0445,3.14,2.34,7.1,32.64,1.54,64877,21.5,7882,congested
70.64,13.51,123.42,190.52,0.0026,0.0021,1.07,3.11,2.38,12.76,0.5,131362,16.9,27525,degrading
45.41,2.86,64.39,82.95,0.0,0.0,0.09,4.44,-0.24,4.09,0.1,134521,3.1,28892,stable
780.07,82.16,2143.01,3153.29,0.2269,0.1766,3.99,0.6,15.23,40.67,2.95,27586,539.1,2053,critical
44.2,2.16,65.16,81.28,0.0,0.0,0.11,3.52,-0.32,3.52,0.25,353112,3.3,6087,stable
99.15,13.46,164.35,264.12,0.0028,0.0022,1.02,3.1,0.7,11.11,0.66,68782,16.1,26418,degrading
32.67,4.64,48.78,57.25,0.0,0.0,0.25,4.38,-0.15,4.2,0.12,430372,3.2,39435,stable
88.57,17.72,158.72,181.18,0.0024,0.0008,0.77,2.59,2.98,10.56,0.69,106292,17.1,16265,degrading
87.53,14.27,133.11,181.55,0.0023,0.0018,1.04,3.49,2.35,9.43,0.29,54787,18.3,13676,degrading
52.2,2.26,79.85,95.47,0.0,0.0,0.23,4.88,-0.07,2.17,0.16,266291,3.0,21579,stable
388.13,75.06,879.11,1642.41,0.0656,0.0397,2.74,0.75,9.81,15.07,1.66,46855,28.6,1888,congested
31.25,3.2,49.73,56.46,0.0,0.0,0.23,4.85,-0.19,2.86,0.25,411431,2.0,42440,stable
34.75,6.57,45.78,69.47,0.0,0.0,0.02,4.68,0.34,1.65,0.24,374707,2.6,41682,stable
246.51,42.61,737.87,810.52,0.0648,0.0397,1.94,1.42,7.46,39.5,0.67,70701,101.8,4824,congested
28.59,5.53,41.1,54.44,0.0,0.0,0.23,3.93,-0.28,2.79,0.3,265067,1.0,47272,stable
95.43,10.44,168.0,233.01,0.0026,0.002,0.93,3.06,2.68,9.81,0.54,62880,17.5,12957,degrading
41.0,3.39,56.52,77.47,0.0,0.0,0.24,3.92,0.04,1.49,0.24,438179,1.5,8870,stable
56.1,4.56,81.97,90.26,0.0001,0.0,0.04,4.83,-0.03,4.51,0.13,369676,4.0,33298,stable
89.66,9.54,147.91,240.93,0.0034,0.0018,0.78,2.78,1.41,12.3,0.63,52809,19.2,8435,degrading
337.07,68.1,710.03,1395.33,0.0552,0.0441,3.63,2.15,4.08,46.65,1.61,57463,32.1,13953,congested
60.0,4.1,91.48,106.52,0.0,0.0,0.04,4.39,0.08,4.2,-0.02,216315,0.5,15471,stable
356.46,42.95,871.12,1240.84,0.0558,0.0331,1.3,2.13,9.59,27.04,1.4,60210,94.6,7267,congested
104.39,11.61,173.65,219.46,0.0033,0.0027,0.32,3.27,2.78,6.22,0.68,103430,9.3,27666,degrading
111.79,17.06,189.11,244.17,0.0023,0.0019,0.37,3.1,1.97,8.11,0.22,121785,5.4,5798,degrading
44.11,7.77,69.28,84.65,0.0,0.0,0.17,4.92,0.33,4.9,0.2,274947,4.7,21905,stable
1765.14,176.66,4429.26,9400.82,0.2179,0.1743,4.91,1.08,10.53,96.57,1.81,20163,590.1,2903,critical
20.0,7.49,26.75,35.35,0.0,0.0,0.02,4.64,-0.07,3.51,0.19,371726,2.4,20007,stable
30.29,2.28,45.38,54.27,0.0,0.0,0.1,4.84,0.08,1.41,0.02,130423,2.8,9490,stable
35.55,6.26,47.33,68.8,0.0001,0.0,0.01,4.94,0.18,3.53,0.01,199516,4.7,15615,stable
78.68,8.33,153.98,214.55,0.0035,0.0011,0.42,2.59,1.5,5.77,0.7,96312,13.8,17517,degrading
250.23,73.23,657.61,1086.79,0.0592,0.0379,4.32,1.78,7.7,26.43,0.52,68790,119.5,13009,congested
42.99,2.02,60.24,69.56,0.0001,0.0,0.05,3.76,-0.49,3.45,0.3,455687,3.5,39490,stable
24.57,5.27,37.59,48.12,0.0,0.0,0.0,3.93,-0.38,1.41,-0.07,337303,0.9,18700,stable
218.59,28.64,503.57,800.41,0.0517,0.0407,2.45,1.2,3.46,48.1,1.91,38582,105.4,5018,congested
104.72,19.34,175.73,286.83,0.0021,0.0016,0.86,2.96,2.27,14.93,0.35,105705,17.6,997,degrading
34.6,2.14,53.64,68.85,0.0,0.0,0.17,3.52,0.29,2.23,-0.08,335340,2.0,48716,stable
75.11,10.67,124.84,195.14,0.0033,0.0024,0.32,2.82,1.37,14.14,0.8,111774,12.8,13482,degrading
31.93,3.13,46.31,61.23,0.0,0.0,0.24,3.6,-0.31,3.62,0.24,201071,1.6,27318,stable
120.0,11.09,194.47,283.91,0.0016,0.0013,0.63,2.58,2.61,11.78,0.6,69367,15.0,7344,degrading
27.71,2.83,37.55,53.25,0.0,0.0,0.17,3.54,0.13,2.58,-0.1,369555,3.6,31813,stable
120.0,15.67,233.51,335.38,0.0012,0.0009,1.05,3.25,2.43,6.39,0.44,103735,6.9,11374,degrading
22.93,4.11,35.91,37.23,0.0,0.0,0.03,4.52,-0.29,3.67,0.24,360809,0.6,29105,stable
51.28,7.94,70.94,92.27,0.0001,0.0,0.27,3.99,-0.19,3.05,0.28,119112,1.8,42972,stable
320.29,26.57,726.09,968.12,0.0525,0.0389,4.39,1.98,8.34,37.53,1.06,34398,76.9,3795,congested
117.33,11.17,195.62,324.08,0.0022,0.0018,1.17,3.22,1.76,6.08,0.52,82005,9.1,18734,degrading
36.12,2.29,56.04,64.87,0.0,0.0,0.01,3.52,-0.02,1.38,-0.02,438706,2.9,32047,stable
68.84,13.48,107.22,151.29,0.0021,0.0017,0.51,3.43,2.25,14.59,0.59,127514,18.4,22897,degrading
118.93,11.64,233.3,324.56,0.0025,0.0007,0.84,2.5,1.13,6.62,0.33,136042,18.7,22773,degrading
42.26,4.12,62.34,68.93,0.0,0.0,0.28,4.59,0.11,2.67,0.27,446425,0.2,2291,stable
45.99,2.3,62.57,78.96,0.0001,0.0,0.11,4.01,-0.23,3.16,0.08,178529,0.1,8395,stable
78.55,13.77,138.59,195.26,0.0048,0.0038,0.75,2.52,2.32,7.75,0.36,53192,17.4,17575,degrading
27.64,5.89,36.76,44.68,0.0,0.0,0.18,4.61,0.14,2.67,0.02,369091,4.0,3191,stable
60.0,2.74,95.96,97.93,0.0,0.0,0.2,3.9,-0.42,4.66,0.02,144553,3.4,11617,stable
62.4,18.64,102.56,144.16,0.0023,0.0014,0.69,3.17,2.93,5.53,0.31,114022,18.4,24030,degrading
2000.0,215.55,7228.5,10433.7,0.2085,0.1668,3.07,0.93,7.04,98.25,1.46,6306,247.3,1294,critical
1169.74,106.94,3603.32,4795.81,0.2114,0.1691,5.52,0.25,7.77,113.87,1.01,28083,474.9,1790,critical
60.0,4.79,79.08,109.5,0.0,0.0,0.1,4.5,0.3,4.71,-0.01,259726,0.8,49631,stable
37.53,4.35,56.06,66.6,0.0,0.0,0.05,3.82,-0.13,4.52,-0.05,148893,2.5,14544,stable
27.34,4.94,41.47,49.87,0.0,0.0,0.13,4.4,0.47,4.51,0.01,302884,0.3,12796,stable
1250.39,283.78,3903.06,6563.2,0.2196,0.1655,5.52,0.27,17.16,69.72,1.94,15757,459.8,3424,critical
100.41,17.65,195.93,211.49,0.0029,0.0016,0.88,3.11,1.35,9.85,0.34,117711,11.3,1194,degrading
60.0,12.93,98.91,146.91,0.0031,0.0014,0.66,2.85,2.6,14.46,0.53,108187,6.1,21539,degrading
29.96,7.31,42.44,56.08,0.0,0.0,0.17,3.93,0.16,3.01,0.03,430600,3.6,20286,stable
61.54,16.97,100.64,142.33,0.0023,0.001,0.95,3.43,0.76,12.45,0.39,140191,9.2,20968,degrading
60.37,9.49,118.49,154.54,0.0021,0.0012,0.73,3.18,2.33,11.13,0.41,63189,14.7,23176,degrading
55.84,6.32,86.5,93.83,0.0,0.0,0.14,4.85,-0.35,4.3,0.02,423434,4.6,21947,stable
120.0,14.98,207.81,251.18,0.0018,0.0014,0.92,3.39,0.72,5.4,0.46,132801,11.1,26597,degrading
60.0,3.22,90.02,111.59,0.0001,0.0,0.27,4.74,-0.05,2.55,-0.0,248970,0.6,48584,stable
38.15,7.8,51.6,70.93,0.0001,0.0,0.07,4.98,-0.11,3.93,0.17,184832,1.2,14782,stable
120.0,17.44,189.34,333.0,0.0038,0.0013,0.34,3.43,2.56,8.95,0.48,136811,17.0,20902,degrading
48.96,7.1,64.64,97.78,0.0,0.0,0.22,3.58,0.39,1.91,0.12,357715,0.8,48835,stable
35.41,6.98,55.52,59.3,0.0,0.0,0.01,4.99,0.04,2.89,0.28,162344,0.9,40592,stable
1331.33,211.62,4875.33,6999.25,0.2119,0.1604,9.73,0.19,19.52,114.95,2.87,2515,301.6,4764,critical
39.87,5.61,63.4,67.34,0.0,0.0,0.0,3.88,-0.49,3.86,0.09,497607,3.7,26377,stable
1011.17,292.42,2637.84,4268.18,0.2189,0.1751,9.75,0.92,6.72,125.34,1.02,1862,472.9,4475,critical
29.76,7.31,47.01,53.62,0.0,0.0,0.04,4.88,0.46,1.55,-0.01,336848,0.8,8770,stable
823.5,123.16,2412.49,4585.15,0.2422,0.1634,6.69,0.45,12.4,73.81,2.25,25215,484.9,1710,critical
102.25,8.74,190.2,246.95,0.0044,0.0035,1.08,2.71,1.02,7.6,0.54,102068,7.6,20913,degrading
90.26,14.03,135.79,182.7,0.0041,0.0019,0.86,3.03,2.28,8.51,0.29,73621,15.3,14605,degrading
69.75,15.97,135.12,184.08,0.0034,0.0013,0.47,2.55,0.67,10.74,0.31,135161,13.9,26014,degrading
1296.28,113.35,3643.47,6267.72,0.2271,0.1814,4.52,0.79,19.64,132.29,1.75,21185,68.8,1102,critical
53.29,3.4,82.6,104.26,0.0,0.0,0.22,4.14,0.18,3.07,-0.0,342600,3.7,48721,stable
30.69,3.12,42.99,56.77,0.0,0.0,0.11,4.73,0.12,4.83,0.26,160454,0.2,20555,stable
58.36,7.59,93.32,110.19,0.0001,0.0,0.23,4.64,-0.19,2.64,-0.02,490624,3.2,46792,stable
89.99,17.85,139.7,233.14,0.0016,0.0012,0.81,3.27,2.62,13.21,0.44,86875,18.0,4721,degrading
77.59,11.36,119.62,197.25,0.0029,0.0018,1.04,2.65,2.78,9.83,0.3,103506,18.1,11985,degrading
60.0,8.21,105.13,164.28,0.0029,0.001,0.73,2.89,2.81,13.86,0.65,115930,8.1,18253,degrading
60.0,5.82,88.51,103.03,0.0,0.0,0.28,3.63,0.12,2.37,-0.07,185497,3.1,2385,stable
105.39,13.72,180.59,249.19,0.0021,0.0017,0.63,2.51,0.8,5.8,0.21,122221,19.3,829,degrading
341.67,56.45,911.68,1092.18,0.0612,0.0467,2.18,1.01,5.93,19.62,0.88,59102,102.7,304,congested
216.27,33.11,539.18,959.31,0.0543,0.0397,3.61,0.68,5.6,15.07,1.04,32262,81.3,7536,congested
85.92,13.54,158.51,229.24,0.0016,0.0013,0.76,2.73,1.0,5.2,0.55,70044,18.2,18311,degrading
573.89,96.25,1568.54,2532.75,0.2147,0.1718,4.36,0.44,17.19,100.06,2.02,27825,323.2,4735,critical
35.82,7.41,52.01,58.28,0.0,0.0,0.07,3.86,0.19,4.44,0.05,450247,1.7,10653,stable
35.62,5.71,47.24,64.04,0.0001,0.0,0.18,3.51,-0.4,1.83,0.04,316420,1.5,14533,stable
36.17,3.31,49.81,59.33,0.0001,0.0,0.18,4.3,0.18,3.55,0.25,334406,3.9,13186,stable
83.48,11.71,144.56,167.47,0.0032,0.0016,0.4,3.33,1.86,13.16,0.57,89185,14.0,19267,degrading
41.22,2.84,58.9,75.81,0.0,0.0,0.09,3.81,0.04,2.84,0.03,414405,0.5,48769,stable
328.22,65.41,902.23,1366.76,0.052,0.036,1.26,1.71,7.52,20.25,1.27,36984,27.6,7665,congested
90.36,10.47,158.08,241.76,0.0061,0.0015,1.06,2.82,1.88,11.8,0.33,142481,16.1,2072,degrading
73.35,11.8,145.44,197.04,0.0044,0.0032,0.43,3.35,1.52,12.0,0.53,67591,15.5,12912,degrading
48.93,5.13,71.75,96.88,0.0,0.0,0.24,4.75,0.08,3.03,0.01,362063,2.2,48568,stable
120.0,10.72,191.63,270.92,0.0045,0.0013,1.01,3.13,0.92,10.84,0.32,69755,13.9,20108,degrading
443.69,74.34,1191.44,1809.52,0.0569,0.0308,3.28,2.08,7.78,27.59,1.72,54523,36.0,11615,congested
92.77,12.77,148.43,252.07,0.0019,0.0007,1.18,2.83,1.2,8.4,0.65,83700,6.5,19507,degrading
60.04,11.5,97.05,149.68,0.0028,0.0022,0.51,2.94,1.5,11.31,0.58,91336,7.7,17666,degrading
261.37,61.9,642.41,871.3,0.0623,0.0326,1.29,1.32,9.61,43.82,1.89,17777,57.1,8369,congested
69.03,18.21,132.87,147.8,0.0077,0.0033,0.77,2.64,1.2,8.34,0.78,76403,11.5,22614,degrading
118.84,10.82,180.59,310.05,0.0015,0.0012,0.47,2.76,1.62,8.15,0.28,98232,12.7,5181,degrading
69.01,19.69,104.05,177.84,0.0013,0.0011,0.69,2.76,1.16,8.31,0.57,133838,12.5,12401,degrading
33.27,7.93,49.47,65.82,0.0,0.0,0.18,4.26,0.19,2.22,0.06,108544,3.1,21734,stable
108.63,12.21,211.04,246.79,0.0026,0.002,1.18,2.62,2.61,5.38,0.52,98447,17.8,21171,degrading
178.51,42.79,384.9,756.18,0.0614,0.0324,3.97,1.97,4.05,47.78,0.74,16253,36.3,2193,congested
60.0,5.0,83.52,108.76,0.0001,0.0,0.07,3.76,0.2,4.91,0.2,213832,2.1,19831,stable
245.86,56.84,698.15,947.65,0.0589,0.0401,4.31,0.94,9.03,29.83,0.59,67181,76.1,4843,congested
108.09,14.63,165.87,221.5,0.0022,0.0014,0.59,3.03,2.73,12.71,0.73,77807,15.4,3863,degrading
56.12,3.31,74.69,103.67,0.0,0.0,0.01,4.95,-0.16,3.78,0.22,211641,3.7,41788,stable
86.82,14.58,142.98,220.53,0.003,0.0017,0.89,3.44,1.44,14.51,0.44,93768,17.1,8192,degrading
1487.27,140.02,4931.8,8372.51,0.2339,0.1871,6.57,0.73,10.86,107.6,1.77,13362,288.2,4299,critical
120.0,12.53,185.35,280.66,0.0021,0.0017,0.63,2.73,1.13,10.98,0.25,55874,14.4,29466,degrading
36.03,3.12,48.14,70.2,0.0,0.0,0.05,3.8,0.39,4.65,0.14,406470,3.7,33429,stable
58.94,7.77,93.89,110.98,0.0,0.0,0.27,4.03,-0.29,2.83,-0.02,299360,4.5,31254,stable
38.47,5.76,50.16,65.33,0.0,0.0,0.2,4.43,-0.42,3.99,0.11,181898,2.8,30177,stable
60.0,19.16,97.29,150.24,0.0037,0.003,0.9,3.01,0.59,13.53,0.76,52622,16.8,11881,degrading
101.66,17.29,190.06,236.17,0.0021,0.0013,0.77,3.28,0.69,11.88,0.26,134411,13.0,29695,degrading
293.54,23.14,859.2,1017.98,0.063,0.0345,1.6,1.51,6.2,30.75,0.79,21479,97.8,9325,congested
53.91,3.1,77.6,86.55,0.0,0.0,0.24,4.65,0.3,4.52,0.28,262208,2.8,39742,stable
110.37,18.14,181.56,251.34,0.0034,0.0027,0.73,3.5,1.22,7.83,0.42,66931,16.1,11690,degrading
292.59,51.59,660.02,1049.77,0.0628,0.0361,4.39,1.34,7.09,29.61,0.83,54165,58.9,3815,congested
20.0,3.89,26.8,37.06,0.0,0.0,0.19,3.78,-0.47,2.14,0.08,346842,4.2,10616,stable
60.0,4.24,80.5,117.15,0.0001,0.0,0.05,4.55,0.19,2.84,-0.05,225920,1.6,35318,stable
28.47,6.47,38.3,47.03,0.0001,0.0,0.2,3.85,0.36,2.24,0.18,106449,1.9,18233,stable
324.29,68.61,785.15,1227.03,0.0681,0.0326,4.13,1.07,9.25,44.23,0.86,58541,64.2,3302,congested
60.0,2.16,87.73,114.84,0.0001,0.0,0.16,3.55,0.48,4.3,0.15,124302,0.4,27703,stable
425.74,52.56,1024.63,1413.49,0.0529,0.0408,2.15,2.01,5.24,28.69,1.92,42271,92.5,8292,congested
375.63,68.38,1121.36,1390.57,0.0548,0.0371,2.55,2.14,5.12,30.79,1.36,12472,80.9,5229,congested
1467.76,220.29,4072.57,6898.24,0.2033,0.1626,3.55,0.91,6.92,143.61,2.65,29109,81.9,1033,critical
30.31,6.31,46.9,57.34,0.0,0.0,0.24,4.2,0.22,4.37,0.09,414021,2.4,19938,stable
60.0,15.21,98.13,131.9,0.0023,0.0009,0.32,3.24,1.81,14.47,0.26,123229,9.5,11507,degrading
348.22,69.45,848.28,1429.39,0.0544,0.0435,2.15,2.22,8.8,45.08,1.74,19317,61.5,2953,congested
500.0,77.75,1212.25,2001.02,0.0608,0.0414,3.26,1.28,7.55,23.45,0.98,46160,31.8,3236,congested
80.06,17.81,136.12,187.36,0.0021,0.0014,1.13,2.83,0.78,14.45,0.52,147137,10.9,22843,degrading
47.9,3.94,65.91,79.73,0.0,0.0,0.02,4.05,0.08,2.84,-0.03,219710,1.5,49606,stable
37.7,4.3,57.26,60.62,0.0,0.0,0.24,3.87,0.4,4.64,0.28,308092,3.4,39147,stable
75.1,16.82,149.09,203.91,0.0021,0.0017,0.33,3.11,1.08,14.9,0.24,111729,8.8,26532,degrading
60.0,4.9,87.25,115.9,0.0001,0.0,0.18,3.75,-0.38,4.92,0.06,190968,0.9,33712,stable
1690.8,137.48,4355.75,7286.06,0.2245,0.175,8.17,0.94,8.76,132.78,2.86,22207,584.5,332,critical
170.44,41.35,358.26,689.51,0.056,0.0323,2.19,1.03,8.24,30.77,1.36,27436,74.8,2323,congested
83.8,13.07,130.22,228.31,0.0019,0.0015,0.72,3.26,2.38,12.5,0.35,111789,16.7,17075,degrading
28.6,5.0,43.59,52.2,0.0001,0.0,0.05,4.98,-0.03,4.47,0.24,304607,3.5,10444,stable
30.52,3.37,48.03,55.37,0.0001,0.0,0.06,3.66,-0.43,3.03,0.25,116943,1.1,34969,stable
58.92,5.27,93.02,108.83,0.0,0.0,0.22,4.35,-0.08,4.88,0.1,362983,0.1,15771,stable
36.9,5.41,54.15,60.79,0.0,0.0,0.08,4.23,-0.26,3.49,-0.05,150897,0.4,34985,stable
20.0,2.27,28.01,35.13,0.0,0.0,0.13,4.71,0.01,3.81,0.2,201387,4.4,23531,stable
60.0,6.96,94.68,105.89,0.0001,0.0,0.12,3.75,-0.43,1.94,-0.08,347444,4.0,17647,stable
25.69,7.49,34.86,41.6,0.0,0.0,0.02,3.83,-0.26,2.35,-0.08,461957,2.6,33875,stable
33.41,7.39,52.42,62.62,0.0,0.0,0.09,4.36,-0.06,2.39,0.2,457403,3.8,17268,stable
107.22,15.82,182.07,249.59,0.0019,0.0015,0.82,2.56,2.66,13.67,0.37,137982,16.2,14754,degrading
46.38,5.28,66.69,80.36,0.0,0.0,0.3,3.94,-0.06,1.41,0.0,119332,2.8,37802,stable
367.55,40.31,862.91,1492.44,0.0597,0.0323,3.48,0.91,5.54,17.8,0.65,20810,23.0,11459,congested
60.0,17.48,105.74,129.89,0.0017,0.0008,0.9,2.63,2.28,9.45,0.42,142940,5.8,6270,degrading
60.0,8.49,118.69,162.92,0.0015,0.0012,0.47,3.2,2.68,6.18,0.46,135055,10.6,8448,degrading
120.0,11.96,214.07,283.15,0.0044,0.0034,0.34,2.62,0.7,9.41,0.62,81269,5.4,21362,degrading
30.76,5.44,48.3,58.82,0.0,0.0,0.13,3.93,-0.4,4.57,-0.1,100660,4.1,49843,stable
283.09,23.12,798.54,1250.79,0.0574,0.045,2.32,1.68,6.78,39.66,1.37,13468,117.8,11475,congested
44.25,6.25,67.27,73.71,0.0,0.0,0.22,3.92,0.09,1.57,0.06,113296,1.1,4668,stable
65.79,8.5,129.72,157.0,0.0035,0.0026,0.48,2.74,2.98,7.24,0.72,57809,7.7,26225,degrading
73.55,19.69,142.32,150.91,0.0041,0.0021,0.95,2.7,0.68,10.52,0.65,104674,19.0,21022,degrading
60.0,5.4,89.78,103.39,0.0,0.0,0.01,4.58,-0.44,2.87,0.23,280486,0.7,49266,stable
59.1,2.96,94.13,102.01,0.0,0.0,0.24,3.64,-0.06,1.09,0.04,379592,0.5,44528,stable
60.0,10.86,104.52,160.26,0.0018,0.0015,0.46,3.39,1.12,13.07,0.32,105829,18.7,9232,degrading
429.46,41.9,898.42,1647.91,0.0539,0.0385,2.36,1.11,3.9,25.13,1.14,13451,60.3,7498,congested
47.2,2.31,71.95,84.55,0.0001,0.0,0.12,4.0,0.37,2.91,0.3,394821,4.3,5834,stable
33.84,7.77,51.03,56.2,0.0,0.0,0.07,3.62,-0.44,2.22,0.19,182248,1.5,45353,stable
37.89,6.88,51.91,66.02,0.0,0.0,0.11,4.68,-0.26,3.77,0.19,487462,1.2,5591,stable
71.01,16.78,129.26,185.97,0.0027,0.0007,0.69,3.27,1.52,9.87,0.78,137178,18.9,2791,degrading
57.11,4.44,89.16,109.25,0.0001,0.0001,0.24,4.15,0.32,1.48,0.12,102303,1.6,18956,stable
39.1,5.09,57.83,69.72,0.0,0.0,0.15,3.79,-0.02,4.47,-0.09,371821,2.7,9308,stable
107.46,13.51,183.35,288.14,0.0033,0.0008,0.41,3.2,1.95,10.64,0.35,73490,19.8,19048,degrading
33.28,7.47,49.41,58.73,0.0,0.0,0.1,3.64,-0.07,1.52,0.28,290068,1.6,38548,stable
73.33,13.51,133.31,147.39,0.0031,0.0012,0.43,2.52,1.91,13.8,0.72,60078,7.2,14988,degrading
47.82,6.18,76.45,76.77,0.0,0.0,0.08,3.88,0.13,4.05,0.25,440855,4.8,29487,stable
37.82,3.39,59.26,61.35,0.0,0.0,0.1,4.47,0.38,1.74,0.24,148622,1.1,2821,stable
97.22,14.29,173.04,244.29,0.0036,0.002,0.82,3.23,2.63,6.27,0.37,89759,15.0,12172,degrading
259.04,73.36,627.1,870.22,0.0599,0.0325,1.69,1.77,3.3,40.51,0.71,28667,54.5,5777,congested
30.1,3.47,47.64,53.21,0.0,0.0,0.12,4.53,-0.11,1.66,0.06,322794,0.2,33069,stable
352.38,77.59,716.1,1503.46,0.0642,0.0323,2.39,1.98,7.6,44.61,0.64,59009,44.5,3699,congested
1209.24,236.87,4037.16,6917.75,0.2062,0.1621,7.81,0.6,7.6,39.79,1.49,24797,405.9,2315,critical
330.46,39.72,895.8,1055.18,0.0551,0.0391,1.92,0.64,7.35,18.99,1.24,23784,39.8,7892,congested
36.45,7.52,53.22,59.78,0.0001,0.0,0.29,3.59,0.4,4.26,0.03,489410,1.4,44575,stable
60.0,8.4,94.41,163.25,0.0033,0.0026,0.32,2.65,1.78,9.31,0.52,130049,17.3,29321,degrading
78.43,19.17,118.47,157.37,0.0027,0.0014,0.61,2.96,0.67,10.8,0.54,149218,14.3,12227,degrading
34.52,7.12,52.52,59.85,0.0,0.0,0.19,4.37,0.44,1.93,-0.08,361398,3.7,14876,stable
923.12,184.41,2667.69,4902.77,0.2268,0.1722,9.11,0.92,19.36,79.06,1.94,21350,116.4,1059,critical
91.32,8.39,161.7,227.06,0.003,0.0011,0.55,2.61,1.69,5.45,0.27,71904,19.9,24350,degrading
27.08,2.4,39.9,54.04,0.0001,0.0,0.22,4.8,0.25,3.59,0.21,395398,2.4,17456,stable
100.19,9.48,189.59,265.74,0.0022,0.0018,0.72,2.53,0.79,8.75,0.49,58574,17.4,28408,degrading
38.43,3.19,58.69,66.87,0.0,0.0,0.19,3.64,0.12,3.05,-0.05,359641,2.2,11638,stable
86.08,18.74,130.79,240.31,0.0012,0.0008,0.4,3.19,1.09,5.42,0.3,70863,16.5,18935,degrading
120.0,18.35,225.34,318.27,0.0024,0.0019,0.86,2.74,1.44,12.09,0.68,81476,17.6,2209,degrading
40.34,2.08,52.53,74.41,0.0,0.0,0.17,3.65,-0.3,1.94,0.08,118244,2.5,46505,stable
82.25,9.57,148.4,188.0,0.0048,0.001,0.51,3.47,1.43,14.41,0.38,110919,12.8,29768,degrading
270.03,76.35,691.71,880.37,0.0568,0.0357,2.49,2.02,3.84,44.98,0.61,32330,58.9,5964,congested
81.97,15.84,163.92,194.47,0.002,0.0015,0.93,3.28,0.72,9.88,0.3,125325,14.9,21828,degrading
257.65,50.38,718.46,849.9,0.0558,0.0347,4.08,0.9,7.99,34.51,1.11,64786,117.9,1512,congested
769.06,59.15,2906.11,3773.74,0.2493,0.1632,5.53,0.44,7.44,84.92,2.11,24151,215.9,3871,critical
198.31,35.5,520.17,685.67,0.0573,0.0388,4.83,2.06,8.64,15.13,1.97,79320,70.7,14776,congested
60.0,2.34,87.12,116.9,0.0,0.0,0.24,4.18,0.32,3.13,0.04,363180,3.6,28344,stable
109.58,15.38,176.89,274.57,0.0019,0.0015,0.81,2.66,1.17,11.08,0.64,113599,15.7,17654,degrading
120.0,10.13,188.74,321.05,0.0022,0.0011,0.55,2.64,2.56,6.93,0.74,109568,13.3,23384,degrading
26.75,5.68,41.31,43.08,0.0001,0.0001,0.11,3.73,0.46,4.79,0.03,355899,2.7,40963,stable
118.93,19.99,225.68,297.59,0.005,0.0011,1.01,2.64,0.56,6.26,0.64,91071,6.8,22301,degrading
361.64,38.62,909.63,1115.41,0.0729,0.0315,4.79,1.39,3.56,21.59,0.68,23826,35.6,13850,congested
60.0,12.8,99.43,127.06,0.003,0.0007,0.8,2.74,1.97,9.32,0.22,123398,9.1,27645,degrading
86.33,9.77,153.81,222.9,0.003,0.0024,0.44,3.37,2.98,11.62,0.79,71988,17.4,5486,degrading
252.09,72.98,649.51,1067.27,0.0665,0.0368,4.96,1.98,9.54,28.95,1.85,60914,57.2,7683,congested
37.94,4.99,54.77,72.98,0.0,0.0,0.15,4.09,0.27,4.32,0.17,289398,1.1,42508,stable
60.0,6.26,91.74,97.61,0.0001,0.0,0.17,4.8,0.29,4.86,0.14,379386,4.3,42159,stable
30.02,6.07,44.45,50.05,0.0,0.0,0.1,3.73,0.13,3.7,-0.04,109845,4.0,1100,stable
318.77,50.64,643.77,1055.66,0.0562,0.0349,4.39,1.42,6.87,44.31,1.92,48640,101.2,8217,congested
43.12,6.55,60.03,74.66,0.0,0.0,0.13,4.39,0.16,3.59,0.0,423850,4.6,16480,stable
45.02,4.98,64.4,77.31,0.0,0.0,0.3,4.66,-0.25,1.27,0.18,221206,1.1,37011,stable
24.55,2.69,36.41,42.11,0.0,0.0,0.3,3.98,0.31,2.02,0.17,404091,3.0,24107,stable
60.0,14.03,116.55,155.09,0.0034,0.001,1.18,3.35,2.96,13.08,0.77,86810,12.5,7573,degrading
40.57,6.03,60.26,70.72,0.0,0.0,0.26,4.11,-0.37,1.12,0.2,348123,3.5,11435,stable
45.79,3.06,66.99,90.8,0.0,0.0,0.05,4.79,0.37,2.86,-0.06,453666,2.4,22499,stable
1253.7,275.38,4722.87,6351.05,0.2251,0.1801,3.89,0.38,16.42,100.03,1.07,13278,189.2,3739,critical
252.61,59.37,516.12,1122.47,0.0623,0.0371,1.79,1.93,9.47,34.87,1.3,49978,108.0,12020,congested
1211.83,58.33,3959.36,7023.28,0.2177,0.1742,4.28,0.2,14.15,147.82,1.78,8644,506.9,3569,critical
1127.44,242.53,4074.87,5910.23,0.2099,0.1679,9.83,0.65,10.69,99.88,1.47,6170,148.2,855,critical
53.11,6.48,72.62,92.12,0.0001,0.0001,0.04,4.31,0.27,1.95,0.24,233921,1.0,23800,stable
35.55,4.41,51.25,67.07,0.0,0.0,0.25,4.62,-0.29,4.5,0.11,455716,1.6,4040,stable
27.63,5.31,38.1,47.34,0.0,0.0,0.08,4.72,0.12,4.45,-0.04,252265,0.6,11560,stable
49.47,6.88,64.38,89.07,0.0001,0.0,0.06,3.81,-0.26,1.91,0.06,361515,2.2,39022,stable
1213.19,169.62,3619.44,6227.46,0.2247,0.1779,8.38,1.12,19.65,55.83,2.24,25837,579.6,722,critical
208.86,34.94,429.95,705.0,0.0525,0.037,3.31,2.24,6.83,32.2,0.89,44972,51.9,8510,congested
99.65,10.31,196.74,241.5,0.0035,0.0015,0.35,2.89,2.6,5.38,0.58,90326,8.1,18536,degrading
500.0,59.52,1348.76,2071.08,0.0538,0.0371,3.05,1.92,8.19,35.82,1.83,32528,87.3,1063,congested
366.2,74.42,1067.33,1289.37,0.0616,0.0339,3.34,1.13,6.35,48.52,1.01,60349,88.3,13047,congested
58.83,5.26,81.06,102.48,0.0,0.0,0.12,4.03,-0.4,3.17,0.02,364323,1.6,22127,stable
31.74,4.56,42.51,59.65,0.0,0.0,0.26,4.29,-0.09,2.24,0.02,222321,4.4,36465,stable
71.45,12.17,121.08,196.59,0.0035,0.0018,0.44,2.84,0.61,5.06,0.72,114126,13.8,15656,degrading
487.84,39.09,1314.38,1492.92,0.0577,0.0358,2.53,1.13,9.19,39.27,0.61,69037,63.0,11345,congested
1399.92,99.73,4803.2,6897.89,0.2528,0.1863,5.2,0.55,17.72,79.06,2.56,7746,380.6,2136,critical
48.87,7.45,78.0,87.87,0.0,0.0,0.03,4.69,-0.22,3.58,-0.06,444281,3.7,20032,stable
117.71,10.99,200.65,261.44,0.0022,0.0017,0.87,2.92,1.18,5.6,0.68,62216,11.2,7421,degrading
65.75,18.01,115.09,164.1,0.0022,0.0017,0.93,3.34,0.71,11.57,0.49,109762,12.6,13795,degrading
31.0,5.01,43.3,51.25,0.0001,0.0,0.07,3.84,0.02,3.25,0.28,178228,3.2,41045,stable
341.43,35.07,950.48,1413.68,0.0539,0.038,3.22,2.11,8.81,17.99,0.62,64249,43.3,8951,congested
60.0,6.21,81.09,108.0,0.0,0.0,0.04,4.54,-0.29,2.57,0.26,181726,2.5,21544,stable
120.0,19.2,217.68,287.69,0.0038,0.0028,1.01,2.78,1.85,12.84,0.53,61005,13.9,3975,degrading
413.0,32.71,1234.03,1814.73,0.0535,0.0389,3.6,1.28,3.69,41.86,0.62,29161,45.4,8720,congested
60.0,15.59,102.7,125.91,0.0019,0.0009,1.19,3.44,0.96,11.05,0.38,69442,15.3,23692,degrading
27.78,2.7,38.58,47.93,0.0001,0.0,0.21,4.08,0.35,4.84,0.13,282636,4.2,2189,stable
1267.18,150.64,4029.93,7272.93,0.211,0.1688,4.0,0.18,11.6,139.55,1.77,14100,527.2,1437,critical
359.38,23.77,897.31,1360.72,0.0657,0.0355,3.27,0.68,5.27,19.96,1.34,42185,46.5,14994,congested
34.74,3.29,47.22,67.94,0.0,0.0,0.21,4.06,0.03,4.91,0.03,369915,0.9,6965,stable
67.24,14.38,131.6,182.69,0.0024,0.0019,0.88,2.65,1.12,8.77,0.48,99721,18.5,3662,degrading
33.74,3.1,52.76,61.09,0.0,0.0,0.28,3.86,-0.25,2.42,0.26,303050,3.4,48836,stable
368.18,77.35,1038.1,1646.04,0.0649,0.043,2.03,1.85,8.62,35.5,0.94,49290,70.5,2932,congested
1408.42,102.73,5265.5,7645.32,0.2106,0.1685,6.16,0.1,18.66,76.36,1.64,10448,221.4,475,critical
70.91,12.88,126.9,198.1,0.0017,0.0013,0.44,2.96,2.96,14.88,0.67,133918,19.5,27859,degrading
60.0,7.87,90.91,102.01,0.0,0.0,0.02,4.57,-0.48,3.32,0.24,251976,0.2,35978,stable
76.85,16.99,151.69,163.23,0.004,0.0015,0.48,2.94,2.81,9.61,0.49,144244,16.0,16785,degrading
72.06,13.48,143.68,146.14,0.0031,0.0024,0.55,3.32,1.19,5.73,0.69,95007,10.9,13181,degrading
42.49,2.57,59.44,78.64,0.0001,0.0,0.09,4.14,-0.45,1.51,-0.06,118526,2.4,17356,stable
112.5,13.26,174.58,303.37,0.0043,0.0022,0.52,2.69,1.01,14.34,0.3,84574,12.3,16908,degrading
482.94,57.69,1075.59,1899.23,0.0618,0.0361,1.26,2.35,5.85,37.09,1.97,71786,56.2,7319,congested
787.64,261.54,2013.05,3801.34,0.2213,0.1583,8.94,0.55,19.72,101.24,1.87,27831,265.9,3746,critical
46.51,6.14,69.54,91.12,0.0,0.0,0.2,3.87,-0.04,2.97,0.09,339379,0.1,49494,stable
81.77,19.3,152.44,221.88,0.006,0.0014,1.02,3.01,1.66,6.46,0.65,132329,11.5,23024,degrading
40.48,2.94,60.77,76.97,0.0,0.0,0.16,4.37,-0.1,4.8,0.21,214162,4.2,22187,stable
76.03,9.89,128.71,201.32,0.0053,0.0013,0.85,2.8,0.85,14.64,0.54,50732,9.7,5206,degrading
60.43,18.74,103.32,142.17,0.003,0.0024,0.72,2.62,1.34,8.74,0.41,119322,10.2,10053,degrading
402.91,76.39,1206.63,1239.02,0.0565,0.0359,3.15,0.73,6.23,39.06,0.94,73838,105.0,8561,congested
284.53,70.47,772.33,1112.0,0.0521,0.0417,4.31,2.48,7.49,16.1,0.73,67421,83.9,3050,congested
33.3,3.02,47.36,58.01,0.0,0.0,0.26,4.0,-0.15,4.51,0.18,402505,3.4,6183,stable
53.34,3.5,73.16,86.58,0.0,0.0,0.09,4.38,-0.48,2.64,-0.03,486847,2.9,43536,stable
37.09,4.82,51.45,66.42,0.0,0.0,0.04,4.76,-0.39,3.05,0.11,488660,3.3,15104,stable
63.89,12.59,108.8,135.63,0.004,0.0009,1.15,2.97,1.37,7.14,0.36,147921,9.6,29345,degrading
37.79,2.19,57.19,63.88,0.0001,0.0,0.15,4.91,0.16,2.16,-0.03,268018,2.3,30463,stable
48.37,4.55,71.09,77.81,0.0,0.0,0.25,3.7,0.44,4.01,0.28,370646,1.8,46970,stable
115.36,18.66,195.89,254.64,0.0032,0.0025,0.96,2.55,1.27,5.5,0.34,78659,15.8,21702,degrading
120.0,19.94,184.41,284.31,0.0027,0.0011,0.64,2.77,1.13,8.55,0.43,98722,7.6,23755,degrading
102.43,17.19,168.31,256.73,0.0033,0.0014,0.47,2.87,2.23,14.59,0.33,79982,5.0,7146,degrading
87.58,12.25,170.19,230.26,0.0036,0.0017,0.77,2.5,1.59,6.58,0.47,149177,18.2,9663,degrading
24.7,3.58,32.41,42.55,0.0,0.0,0.17,4.92,-0.43,3.03,0.03,303324,0.1,16338,stable
120.0,19.62,204.9,313.34,0.0013,0.0011,0.6,3.37,0.89,12.11,0.38,75734,5.8,14716,degrading
48.39,7.55,72.46,91.55,0.0,0.0,0.09,3.93,-0.45,2.85,0.21,108861,0.6,36289,stable
442.92,68.55,996.27,1709.32,0.0545,0.0354,4.53,2.05,5.16,35.9,0.58,20261,114.7,245,congested
60.0,7.8,87.26,107.37,0.0,0.0,0.1,4.9,-0.35,3.53,0.14,148295,1.6,28586,stable
26.75,7.6,35.61,50.61,0.0,0.0,0.1,3.89,-0.28,1.64,0.3,218043,2.0,43696,stable
94.58,13.89,162.85,224.77,0.0015,0.0012,0.71,2.8,1.34,10.79,0.36,141073,11.3,29706,degrading
53.08,7.89,83.52,94.24,0.0,0.0,0.28,4.46,-0.19,3.1,-0.07,489027,1.8,24415,stable
60.09,12.26,113.59,133.0,0.0045,0.0024,0.71,2.64,2.81,12.5,0.37,144749,19.0,19955,degrading
32.43,3.68,46.18,61.15,0.0,0.0,0.21,4.6,-0.04,3.71,0.12,351920,3.0,33625,stable
43.58,6.25,69.35,80.82,0.0,0.0,0.21,4.96,0.4,2.17,0.03,248616,2.0,5915,stable
734.33,120.51,2145.86,3323.68,0.2675,0.1645,8.78,0.13,10.05,76.54,1.8,17200,326.6,821,critical
77.46,14.61,125.13,200.26,0.0041,0.0023,0.78,2.73,1.72,8.25,0.47,141139,9.2,25249,degrading
25.08,5.7,37.92,41.8,0.0,0.0,0.03,3.9,-0.44,3.12,0.27,115737,0.6,23157,stable
79.55,16.77,147.74,161.48,0.0017,0.0009,1.01,2.54,2.87,10.87,0.74,111514,12.3,22026,degrading
410.44,79.91,875.8,1623.85,0.0551,0.0399,2.07,1.76,7.27,17.95,1.0,24520,120.0,14859,congested
390.81,39.75,960.65,1561.86,0.0515,0.0412,4.25,1.73,4.67,36.39,0.91,51709,96.4,4607,congested
32.76,7.28,51.7,52.74,0.0,0.0,0.08,3.53,0.05,3.31,0.07,128914,4.5,30960,stable
91.61,12.11,150.26,251.23,0.0035,0.0017,1.17,3.29,2.62,8.98,0.44,130829,16.4,27078,degrading
34.9,3.13,53.42,60.69,0.0001,0.0,0.09,3.97,-0.38,2.67,0.29,214127,2.7,37418,stable
120.0,9.85,228.4,279.64,0.0049,0.0039,1.06,2.91,0.71,12.9,0.21,109934,15.5,6140,degrading
39.93,5.16,55.95,79.28,0.0,0.0,0.03,4.92,0.05,3.6,-0.09,484389,2.8,28604,stable
41.1,3.57,59.75,71.19,0.0,0.0,0.16,3.82,-0.02,2.27,0.01,486794,0.8,39578,stable
43.63,5.59,58.41,82.41,0.0,0.0,0.25,4.68,-0.49,4.65,0.01,455189,1.0,22542,stable
257.7,71.16,658.4,1042.46,0.0614,0.0474,1.94,1.79,3.96,42.34,0.81,14102,111.1,5064,congested
237.42,51.47,509.43,745.57,0.0737,0.0397,2.68,1.16,5.31,38.22,1.31,42734,64.7,2215,congested
43.02,5.76,60.29,80.89,0.0,0.0,0.23,4.71,0.32,2.89,-0.02,139889,3.7,44426,stable
39.07,2.96,60.6,69.03,0.0,0.0,0.07,4.41,-0.07,2.53,-0.06,153693,4.2,37737,stable
31.89,4.34,48.55,55.95,0.0,0.0,0.2,3.93,-0.3,4.75,-0.09,275110,0.1,24696,stable
76.12,14.56,117.54,188.05,0.0018,0.0014,0.82,2.68,1.33,14.11,0.38,113536,7.1,20261,degrading
95.91,14.89,160.83,262.48,0.0067,0.0031,0.73,3.2,1.83,6.34,0.49,146455,16.3,9355,degrading
32.57,6.73,49.41,54.53,0.0,0.0,0.22,3.82,-0.42,2.11,-0.0,193817,1.0,29163,stable
20.0,3.09,30.15,39.92,0.0001,0.0,0.07,4.96,-0.26,4.53,-0.03,369907,2.1,48628,stable
101.65,16.04,179.3,266.19,0.0025,0.0006,0.73,2.7,1.87,10.97,0.21,70377,8.6,7818,degrading
57.72,4.22,82.09,102.35,0.0,0.0,0.03,4.08,0.13,2.16,-0.07,132729,0.6,41956,stable
116.09,12.67,203.15,289.05,0.002,0.0016,0.81,2.64,1.37,5.64,0.64,138294,5.7,16000,degrading
1341.66,171.44,3600.05,6699.35,0.2372,0.1669,6.95,0.26,10.65,58.12,0.91,27478,352.8,752,critical
120.0,11.03,230.68,267.37,0.0021,0.0016,0.9,3.5,1.67,8.3,0.44,85028,11.0,26613,degrading
34.2,3.26,45.65,67.99,0.0,0.0,0.21,3.73,-0.26,4.37,-0.02,129008,3.5,20723,stable
35.7,4.89,55.89,67.32,0.0,0.0,0.04,4.27,-0.16,2.41,0.16,454243,2.8,34692,stable
68.07,9.49,103.7,188.85,0.0018,0.0014,0.42,3.4,0.75,14.8,0.27,116181,14.9,27971,degrading
200.29,57.29,491.8,833.04,0.0564,0.0388,2.91,0.98,6.49,20.54,1.32,77650,83.7,8509,congested
1134.26,107.39,3103.94,4585.2,0.2347,0.1686,6.57,0.34,8.59,31.41,1.86,3511,101.5,801,critical
275.17,76.94,555.97,862.61,0.0639,0.0436,4.29,1.18,4.55,27.17,0.57,77692,94.0,3280,congested
975.47,250.0,3813.68,4861.76,0.2109,0.1598,6.38,0.91,16.32,114.77,2.19,27227,370.8,1748,critical
359.14,22.78,955.67,1385.26,0.0541,0.0317,4.9,1.79,4.91,21.85,0.96,63322,85.7,3366,congested
82.82,15.87,137.89,210.36,0.0033,0.0016,0.31,2.76,1.04,6.11,0.76,63100,8.9,10387,degrading
60.0,8.89,97.24,156.93,0.0037,0.0015,0.48,2.66,1.96,12.7,0.34,119772,18.5,18836,degrading
24.84,5.13,32.46,44.03,0.0,0.0,0.14,4.48,0.15,4.8,0.24,417580,4.8,12307,stable
1265.77,89.69,3218.39,5161.63,0.2185,0.1713,3.11,0.22,19.73,141.33,1.48,10308,541.3,401,critical
85.14,11.02,134.05,189.59,0.0029,0.0008,0.49,2.59,1.42,6.72,0.5,102610,14.1,18283,degrading
29.98,4.54,39.35,56.91,0.0,0.0,0.09,4.52,-0.29,1.92,0.02,371571,4.4,34053,stable
189.37,32.89,409.31,602.41,0.0634,0.0412,2.63,1.39,5.48,24.28,0.99,61727,115.3,485,congested
2000.0,278.66,7389.34,9956.35,0.2318,0.1583,7.84,0.5,6.63,30.49,2.36,27073,426.2,147,critical
297.14,42.45,624.43,1291.25,0.0589,0.0367,4.75,0.87,9.58,17.44,1.86,64062,111.4,5555,congested
991.83,93.27,2707.61,3991.87,0.2259,0.1807,5.24,0.42,11.99,114.92,1.45,23547,192.6,622,critical
51.96,3.38,77.26,101.58,0.0,0.0,0.29,4.85,0.07,4.13,0.26,197440,2.9,24604,stable
43.14,2.66,61.32,82.91,0.0,0.0,0.15,4.93,0.01,2.89,0.08,233950,2.7,23175,stable
110.46,13.13,198.6,267.35,0.0046,0.0016,0.42,2.54,0.91,12.08,0.28,112233,18.0,1521,degrading
65.38,13.34,124.46,143.27,0.0015,0.0012,0.59,2.65,2.59,9.11,0.54,141844,7.0,16936,degrading
61.39,17.56,110.21,159.42,0.0024,0.0017,0.68,3.03,1.67,13.54,0.5,116784,5.3,19747,degrading
26.84,3.41,41.96,44.81,0.0,0.0,0.08,3.6,0.26,3.34,0.24,203920,3.3,6815,stable
71.7,12.61,128.51,178.92,0.0034,0.0014,0.67,3.03,2.56,5.36,0.79,144056,13.6,14686,degrading
47.48,4.03,71.83,76.87,0.0,0.0,0.18,4.21,0.2,2.73,-0.02,185573,0.0,15746,stable
20.0,3.84,30.99,39.48,0.0,0.0,0.28,4.34,0.17,1.45,-0.04,285789,4.8,18678,stable
120.0,12.95,197.98,294.04,0.0035,0.0007,0.94,2.66,2.99,6.08,0.56,103102,13.9,16246,degrading
69.3,11.45,128.48,160.68,0.0026,0.0012,1.17,3.11,1.52,8.9,0.21,50254,17.0,14959,degrading
120.0,9.78,190.12,296.81,0.0013,0.001,0.55,2.63,1.25,5.43,0.32,82495,7.2,20116,degrading
41.58,5.38,57.97,71.44,0.0,0.0,0.18,4.29,-0.3,2.81,0.22,336170,0.5,27853,stable
54.29,4.68,70.63,107.37,0.0001,0.0,0.07,3.68,0.01,3.15,0.17,403655,3.5,42425,stable
55.42,5.31,79.98,103.47,0.0,0.0,0.16,4.62,-0.09,3.68,0.1,274834,1.5,19747,stable
60.0,6.64,91.28,104.2,0.0,0.0,0.26,3.91,0.09,2.13,-0.06,373679,0.7,33717,stable
46.56,4.85,72.97,86.51,0.0,0.0,0.03,4.35,-0.22,3.64,0.16,382002,5.0,19948,stable
23.51,6.57,36.44,46.79,0.0,0.0,0.14,3.72,-0.1,1.41,0.11,139175,4.0,28763,stable
1070.82,169.22,3688.38,5128.93,0.2115,0.1631,8.57,0.49,9.43,91.93,0.91,11263,133.0,1275,critical
62.44,9.74,106.46,158.32,0.0024,0.0019,1.07,2.88,1.41,12.94,0.34,121703,6.2,19250,degrading
60.76,12.85,111.78,149.65,0.0032,0.0025,0.54,2.9,2.35,5.4,0.69,125813,12.5,12290,degrading
24.67,2.92,37.45,45.39,0.0001,0.0,0.04,3.99,0.32,3.39,0.06,289374,4.3,17660,stable
108.49,8.36,164.48,295.38,0.0031,0.0024,0.47,3.19,1.79,6.48,0.24,63695,7.0,9729,degrading
89.17,11.46,176.65,193.82,0.0052,0.0006,1.01,3.2,0.82,14.79,0.31,85044,15.6,4643,degrading
283.36,65.69,811.25,1069.7,0.0508,0.0406,4.95,1.89,5.69,41.3,1.52,48148,33.2,14204,congested
902.7,236.43,2488.68,3983.66,0.2041,0.1633,5.25,0.51,14.98,92.28,0.96,16911,305.6,4076,critical
39.36,5.51,57.56,64.33,0.0,0.0,0.15,4.53,-0.25,2.23,0.15,459174,4.0,29573,stable
249.07,27.84,626.48,868.29,0.0643,0.0313,3.08,0.59,6.84,44.71,1.09,48570,34.1,12648,congested
107.6,10.04,171.0,257.6,0.0038,0.0025,0.9,2.71,1.98,11.69,0.62,140926,19.2,24400,degrading
74.11,14.13,115.76,171.82,0.0022,0.0017,0.61,2.96,0.81,12.09,0.43,113212,11.4,1941,degrading
39.91,5.87,62.88,69.95,0.0,0.0,0.12,3.78,0.12,3.72,0.1,116207,3.3,42259,stable
58.77,7.66,92.79,99.22,0.0,0.0,0.25,4.77,0.13,4.68,0.23,188649,4.0,47706,stable
396.18,79.67,1035.65,1756.35,0.057,0.0345,1.33,1.84,9.36,45.62,0.61,51370,30.4,897,congested
279.07,65.83,646.71,1204.28,0.0511,0.0326,4.96,1.34,6.86,22.69,0.81,32986,103.5,14412,congested
109.44,15.91,169.78,299.52,0.0017,0.0013,0.49,3.07,1.01,10.5,0.42,86242,14.5,7929,degrading
39.96,3.54,61.34,67.18,0.0,0.0,0.27,4.72,-0.34,4.31,0.29,354887,1.4,30723,stable
120.0,14.93,238.63,263.73,0.0025,0.0015,0.54,2.97,0.72,10.17,0.28,59934,9.7,26295,degrading
59.29,5.55,94.1,113.73,0.0,0.0,0.15,4.05,-0.05,4.61,-0.03,422713,0.1,46108,stable
30.21,7.32,45.96,49.29,0.0,0.0,0.11,4.58,-0.48,3.57,0.21,233881,0.4,41136,stable
195.7,27.34,409.54,592.15,0.0595,0.042,2.84,1.89,8.63,18.12,1.38,13786,102.5,10035,congested
42.08,6.07,59.27,77.31,0.0,0.0,0.02,4.3,-0.36,1.05,0.07,218016,2.4,29282,stable
70.32,19.01,138.81,186.22,0.0015,0.0012,0.39,3.2,1.33,6.3,0.64,83164,16.0,5291,degrading
40.19,2.11,60.13,74.25,0.0,0.0,0.25,3.57,-0.26,4.56,-0.1,180559,4.8,31056,stable
92.26,16.38,171.85,206.12,0.0034,0.0027,0.58,2.93,2.97,8.63,0.6,81960,12.0,2971,degrading
60.0,5.6,91.0,99.25,0.0001,0.0,0.02,3.93,0.39,1.95,0.3,202736,3.7,21435,stable
39.16,2.45,51.91,70.31,0.0,0.0,0.12,3.99,-0.26,1.31,0.1,314915,1.7,48816,stable
45.77,2.41,65.24,75.36,0.0,0.0,0.24,4.42,-0.13,2.02,-0.06,241959,2.1,34115,stable
45.05,7.77,60.62,87.62,0.0001,0.0001,0.13,3.82,-0.2,4.87,0.02,185370,2.7,33876,stable
81.62,14.3,122.57,223.66,0.0027,0.0012,0.99,2.98,2.62,14.41,0.78,76019,16.5,13424,degrading
90.0,14.62,157.28,241.43,0.0065,0.001,1.14,2.54,2.66,12.92,0.69,109726,5.8,16404,degrading
79.84,8.81,155.4,164.43,0.0021,0.0017,1.15,2.78,1.83,13.68,0.55,130109,19.6,24234,degrading
29.52,3.09,40.55,47.97,0.0,0.0,0.14,4.83,-0.31,3.27,0.28,354846,2.2,36102,stable
48.28,4.8,72.74,94.9,0.0,0.0,0.05,4.57,0.19,4.55,0.13,329725,3.1,14415,stable
60.0,10.45,104.43,133.48,0.0026,0.0021,1.16,3.46,1.83,5.98,0.47,52698,11.2,27327,degrading
296.57,70.13,810.33,1278.26,0.0516,0.04,3.08,1.22,4.31,35.82,1.8,44478,41.9,12214,congested
33.0,5.32,47.95,55.94,0.0001,0.0,0.2,3.73,-0.23,3.04,0.25,117155,2.5,3499,stable
238.17,53.26,562.08,861.14,0.0539,0.0431,4.73,2.39,6.0,17.43,0.52,59366,28.2,5913,congested
102.19,12.29,200.05,205.11,0.0031,0.0006,0.63,3.09,0.71,10.48,0.65,108524,18.2,8942,degrading
34.88,3.88,51.69,69.29,0.0,0.0,0.01,3.78,0.19,3.78,0.13,488784,2.1,21434,stable
35.84,6.67,53.14,71.27,0.0,0.0,0.21,4.47,-0.13,4.8,-0.09,221489,4.6,16725,stable
120.0,13.31,197.03,281.36,0.0053,0.0007,0.57,2.85,1.35,6.8,0.29,98063,9.1,3209,degrading
20.94,5.58,33.06,37.24,0.0001,0.0,0.27,4.82,0.47,3.87,0.17,323601,0.6,10272,stable
54.15,2.09,85.5,104.61,0.0,0.0,0.04,3.58,0.28,4.62,0.21,430140,3.0,44499,stable
1419.81,101.87,5455.18,6067.85,0.2048,0.1534,8.17,0.54,5.33,131.6,1.42,25946,462.1,2039,critical
31.47,5.93,43.48,50.99,0.0,0.0,0.16,4.41,0.26,3.9,-0.08,421028,2.7,20193,stable
34.99,4.46,50.42,56.67,0.0001,0.0,0.04,3.88,0.42,3.33,0.11,338557,1.8,40548,stable
59.91,7.21,89.14,115.48,0.0,0.0,0.09,4.41,-0.14,4.1,0.16,193760,0.7,31823,stable
255.04,32.13,648.93,1068.86,0.0589,0.039,1.75,1.78,7.32,35.07,0.86,24418,111.2,8036,congested
97.55,10.87,147.58,260.05,0.0016,0.0013,0.88,2.59,1.49,10.47,0.63,113289,18.3,29775,degrading
43.91,4.28,61.7,80.08,0.0001,0.0,0.09,4.27,0.32,1.44,0.04,227546,4.2,39144,stable
1341.78,236.31,5055.48,6936.73,0.2151,0.1707,4.46,1.13,6.11,125.97,1.52,4827,417.3,3180,critical
83.3,11.77,166.29,207.85,0.0039,0.001,0.9,3.1,1.27,11.06,0.73,87552,8.6,14688,degrading
1320.63,219.48,3800.3,7764.58,0.2071,0.1657,6.24,0.27,17.27,90.38,0.94,1949,196.9,3571,critical
39.46,6.74,61.21,70.67,0.0,0.0,0.23,4.5,0.13,3.66,0.01,252944,3.1,4212,stable
99.35,16.51,189.49,261.38,0.0037,0.001,0.93,2.79,0.83,6.32,0.32,61521,8.3,17581,degrading
40.07,4.02,60.66,74.05,0.0,0.0,0.28,4.02,0.03,4.73,-0.07,143524,5.0,48598,stable
101.21,17.24,165.27,233.42,0.0043,0.0026,0.65,2.65,1.37,13.17,0.71,108089,15.2,16269,degrading
60.0,9.46,90.55,153.78,0.0034,0.0013,1.08,3.45,1.34,11.41,0.6,52140,11.6,25732,degrading
85.47,16.79,145.22,210.84,0.0028,0.0022,0.63,2.58,2.67,7.81,0.57,106980,8.0,1383,degrading
48.5,6.11,69.86,78.69,0.0,0.0,0.25,3.53,0.08,4.52,-0.01,173302,3.9,13499,stable
32.05,7.83,47.75,63.92,0.0,0.0,0.23,4.37,0.41,2.46,0.29,330331,4.9,2325,stable
119.03,16.82,204.46,276.64,0.0022,0.0008,1.08,3.35,1.39,11.16,0.67,126486,18.4,25042,degrading
1439.57,107.59,4608.26,5941.47,0.2158,0.1727,9.31,0.94,6.8,146.73,1.82,22750,352.6,3823,critical
53.85,7.16,70.38,91.57,0.0001,0.0,0.05,4.18,-0.18,2.13,0.24,268661,1.7,30572,stable
47.01,7.05,65.29,92.08,0.0,0.0,0.2,5.0,-0.35,3.95,-0.04,435546,3.0,46969,stable
60.0,5.24,87.05,107.42,0.0,0.0,0.22,4.73,-0.17,2.22,0.24,349569,1.5,35967,stable
1251.94,225.73,4123.58,5660.25,0.2013,0.1611,7.4,0.83,18.57,78.8,1.96,23651,206.3,3011,critical
37.53,4.16,55.55,62.39,0.0,0.0,0.29,3.71,-0.4,1.45,0.13,412389,1.8,48916,stable
60.0,12.99,98.46,134.02,0.003,0.0024,0.5,2.93,2.91,7.81,0.79,131939,9.0,23836,degrading
120.0,14.8,209.16,322.05,0.0022,0.0018,0.71,3.34,2.59,14.88,0.52,50207,18.5,28707,degrading
41.25,3.64,64.41,74.0,0.0,0.0,0.25,4.18,0.22,1.43,0.24,394287,1.1,8119,stable
347.02,38.3,715.34,1327.48,0.0656,0.0354,2.53,0.78,5.35,31.46,1.98,68657,99.3,8441,congested
41.54,3.91,59.36,78.75,0.0,0.0,0.2,4.35,0.5,1.87,0.07,151092,0.9,35935,stable
60.0,9.48,101.79,140.54,0.0038,0.0027,1.2,2.68,2.41,11.07,0.59,76444,6.5,16526,degrading
33.14,7.31,43.26,58.4,0.0,0.0,0.08,3.53,-0.02,4.44,0.26,482490,4.4,29422,stable
111.78,16.86,210.16,273.98,0.0021,0.0015,0.67,3.4,2.88,12.82,0.29,87471,7.7,19738,degrading
22.36,3.24,34.91,42.47,0.0,0.0,0.28,4.23,0.35,1.86,-0.03,455515,2.5,44862,stable
31.65,4.69,44.52,59.27,0.0,0.0,0.06,3.56,-0.01,2.8,0.03,483062,4.1,33417,stable
282.8,41.25,721.07,1203.15,0.0649,0.0475,4.03,1.02,3.88,25.27,0.76,39445,32.5,12581,congested
46.14,6.02,70.5,76.03,0.0,0.0,0.07,4.07,0.29,3.11,0.06,111777,3.8,48636,stable
60.0,8.1,112.04,165.38,0.0021,0.0017,0.72,3.25,0.82,8.29,0.27,119174,18.6,26727,degrading
47.79,7.63,65.16,81.36,0.0,0.0,0.09,4.18,-0.16,3.19,0.21,369784,1.5,26908,stable
170.25,58.91,440.53,536.96,0.0578,0.0321,4.43,1.66,9.04,44.99,0.83,55151,97.8,8459,congested
34.62,7.31,45.71,55.82,0.0,0.0,0.28,4.64,0.22,1.18,0.11,330180,1.9,16766,stable
31.47,5.3,42.58,52.21,0.0,0.0,0.06,4.48,0.05,4.93,0.23,265253,3.1,6747,stable
120.0,8.15,237.04,290.44,0.0016,0.0012,0.59,2.82,1.72,10.42,0.59,111770,10.6,9258,degrading
436.13,20.35,1270.01,1533.24,0.0507,0.0376,2.78,1.96,5.11,19.35,0.67,45399,58.3,3563,congested
120.0,9.35,197.38,250.52,0.0024,0.0019,1.2,3.07,1.33,8.93,0.27,99335,16.3,12577,degrading
37.19,5.52,50.08,62.63,0.0,0.0,0.03,4.7,-0.05,2.3,0.2,345731,3.9,4642,stable
367.19,43.21,1065.22,1379.84,0.0605,0.0327,2.91,2.04,9.33,15.47,1.48,51815,71.8,2486,congested
60.0,4.83,89.92,118.96,0.0001,0.0,0.26,3.95,-0.19,2.55,0.29,133756,4.1,17736,stable
44.62,3.15,64.81,75.03,0.0,0.0,0.29,3.54,0.04,1.87,0.12,286578,2.9,27997,stable
120.0,15.57,214.08,268.05,0.0039,0.0032,1.0,3.18,2.12,14.28,0.43,89973,11.2,14225,degrading
65.35,17.97,114.73,154.97,0.0053,0.0011,0.41,2.66,2.14,13.11,0.48,82558,10.0,18130,degrading
101.56,8.51,161.22,233.99,0.0025,0.001,0.35,3.42,2.47,9.42,0.53,53253,12.5,13076,degrading
34.61,4.93,45.57,69.21,0.0,0.0,0.13,3.99,0.12,3.01,0.03,375540,1.4,32515,stable
60.0,2.48,91.79,103.46,0.0001,0.0,0.01,3.94,0.41,2.7,0.28,185401,5.0,35181,stable
32.76,2.36,43.76,56.92,0.0,0.0,0.16,4.99,-0.36,4.45,0.1,109085,4.9,48287,stable
60.0,18.31,100.31,133.77,0.0045,0.0011,0.52,2.9,2.9,9.23,0.36,106924,17.2,1158,degrading
41.96,5.07,59.06,76.63,0.0,0.0,0.13,4.89,-0.2,4.18,-0.04,171328,2.3,12471,stable
79.69,13.78,136.28,207.51,0.0017,0.0013,0.99,2.61,0.61,11.16,0.22,68311,6.2,16261,degrading
402.46,27.51,1024.77,1372.45,0.074,0.0352,4.85,1.15,4.82,30.38,1.33,58345,89.2,1838,congested
60.0,7.49,82.97,105.05,0.0,0.0,0.05,4.87,-0.13,3.68,-0.01,196129,2.9,28471,stable
100.27,14.87,181.64,243.03,0.0025,0.002,1.19,2.77,0.55,14.62,0.33,108412,19.6,1958,degrading
35.69,3.34,49.05,64.8,0.0,0.0,0.17,3.69,-0.13,2.78,0.27,363674,4.4,38121,stable
108.43,13.06,162.86,238.67,0.0025,0.0008,0.33,2.84,1.82,8.36,0.41,134829,19.0,24908,degrading
43.13,6.44,67.8,85.0,0.0,0.0,0.0,4.81,-0.36,4.51,0.14,348422,4.1,25962,stable
1034.87,258.73,3733.48,4929.57,0.2158,0.1726,7.91,0.33,18.36,37.36,1.68,24470,335.8,4070,critical
115.94,16.8,225.68,318.09,0.0033,0.0027,0.31,3.24,1.35,9.29,0.54,61025,6.6,28845,degrading
52.53,7.23,80.48,102.77,0.0,0.0,0.27,4.72,0.06,4.98,-0.07,446876,2.1,23300,stable
45.22,3.5,62.35,72.36,0.0,0.0,0.15,4.88,-0.46,2.17,-0.02,195258,4.5,23935,stable
38.07,3.54,60.32,63.49,0.0,0.0,0.25,3.87,0.11,3.34,0.05,294423,1.6,7950,stable
222.49,63.99,594.27,688.08,0.0527,0.034,3.59,1.54,5.72,45.79,1.7,79888,61.3,677,congested
53.01,5.2,72.39,88.31,0.0,0.0,0.2,3.92,0.07,4.09,0.27,204450,1.7,23749,stable
40.6,5.76,60.57,74.47,0.0,0.0,0.14,3.78,0.44,1.04,0.07,470699,1.9,5562,stable
658.33,148.43,2183.74,3442.14,0.203,0.1624,3.09,0.31,7.8,100.6,2.83,10170,488.3,1655,critical
120.0,8.48,234.75,308.93,0.0024,0.0008,0.87,2.72,2.78,11.49,0.45,138167,18.0,515,degrading
423.71,42.92,933.81,1839.9,0.0607,0.0398,3.35,1.96,4.74,37.98,1.19,17872,103.0,12606,congested
112.86,19.9,210.31,253.11,0.0022,0.0018,0.35,3.37,0.69,9.64,0.38,79633,8.4,8513,degrading
280.09,36.96,804.08,1128.73,0.0545,0.0436,1.41,0.8,6.96,48.21,1.89,17943,107.5,3583,congested
91.01,19.82,145.04,235.28,0.0035,0.0012,0.33,3.13,1.93,8.29,0.51,118434,14.7,2672,degrading
119.53,18.96,231.84,297.77,0.0013,0.0011,0.36,2.79,2.18,5.5,0.4,85394,12.5,11190,degrading
1239.03,139.44,4530.88,5651.81,0.2234,0.1587,5.38,0.38,18.73,31.49,1.84,22188,549.6,4830,critical
242.91,24.27,489.13,840.36,0.0589,0.0399,4.83,1.34,6.41,44.29,1.95,10307,119.0,1224,congested
77.25,10.41,140.31,171.31,0.0022,0.0016,1.0,3.45,0.69,12.97,0.36,132281,10.1,3875,degrading
32.85,5.55,49.76,64.25,0.0001,0.0,0.1,4.12,0.1,5.0,0.1,183397,0.8,3075,stable
271.3,41.42,662.41,926.19,0.0589,0.0361,3.3,1.16,8.67,33.04,1.99,18646,38.4,12046,congested
40.32,6.14,62.11,67.75,0.0001,0.0,0.21,4.7,-0.16,4.26,-0.07,457926,2.7,41047,stable
243.79,23.42,706.71,743.6,0.0562,0.0397,2.92,1.53,9.71,38.62,0.72,51898,42.5,4714,congested
32.28,2.72,42.62,61.0,0.0001,0.0,0.03,3.55,0.49,1.93,-0.08,175950,0.2,20198,stable
492.9,73.36,1236.91,2558.2,0.2392,0.181,3.78,0.36,10.16,94.52,0.92,8997,488.8,251,critical
1189.12,236.33,4416.65,5258.61,0.2144,0.1715,3.99,0.35,14.32,82.31,1.85,14754,488.5,4158,critical
467.41,59.86,1104.73,1885.61,0.0619,0.0495,1.86,2.19,6.79,28.17,1.8,17965,79.4,11882,congested
58.51,3.96,82.2,107.57,0.0,0.0,0.04,4.51,0.36,4.85,0.15,173640,0.5,40829,stable
44.89,6.9,63.32,77.09,0.0,0.0,0.18,3.6,0.01,1.33,0.19,318600,4.8,9973,stable
76.0,12.28,125.28,177.01,0.0012,0.0009,1.1,3.06,1.2,13.64,0.37,115560,7.9,19060,degrading
45.48,6.42,61.22,83.86,0.0,0.0,0.2,3.64,-0.31,3.65,0.09,394519,1.4,33237,stable
63.44,8.52,119.58,129.5,0.0048,0.0013,0.77,2.55,0.9,10.88,0.41,61289,8.6,14499,degrading
93.52,14.09,171.54,215.93,0.0027,0.0011,0.79,2.67,1.12,9.37,0.6,65573,9.2,6605,degrading
99.59,8.03,193.42,248.05,0.0026,0.001,0.33,2.59,2.66,5.33,0.38,106691,8.2,7114,degrading
29.01,2.66,43.35,51.49,0.0,0.0,0.12,3.52,-0.15,3.0,0.28,476413,0.9,10072,stable
120.0,11.52,205.2,295.56,0.0011,0.0009,1.16,2.99,0.56,7.51,0.73,87570,15.3,18608,degrading
1604.87,155.14,4417.29,7429.47,0.2297,0.1647,8.28,0.41,19.86,50.01,0.8,16643,97.1,1854,critical
1611.43,154.49,5558.47,9078.68,0.222,0.1776,4.61,1.15,10.46,96.95,0.96,2206,219.6,71,critical
44.41,3.18,59.03,74.01,0.0,0.0,0.08,3.56,-0.04,4.56,0.13,432956,5.0,9017,stable
49.4,4.46,74.35,82.31,0.0,0.0,0.27,4.09,0.34,3.05,0.24,365129,2.5,16314,stable
116.62,18.27,185.32,314.52,0.0021,0.0017,0.68,2.58,1.07,13.63,0.39,135632,7.6,14312,degrading
732.37,265.87,2364.64,4156.85,0.2488,0.1785,4.72,1.1,10.06,136.07,1.1,13487,394.4,4817,critical
63.0,14.3,117.15,130.63,0.0028,0.0014,0.33,2.87,0.82,6.85,0.78,76178,12.3,26689,degrading
1726.48,116.78,5326.86,7393.08,0.2177,0.1742,5.11,0.76,6.24,128.75,1.33,10103,264.3,1041,critical
65.0,9.92,105.68,169.04,0.0024,0.001,0.85,3.17,1.5,14.11,0.23,131811,13.3,18530,degrading
45.96,5.99,67.49,89.29,0.0001,0.0,0.02,4.14,-0.26,3.52,0.22,486524,2.3,39524,stable
32.61,6.91,47.31,53.2,0.0,0.0,0.05,4.21,0.43,2.37,0.15,104833,3.6,30550,stable
31.63,2.67,47.11,53.67,0.0,0.0,0.23,4.96,0.44,2.06,-0.01,482996,2.3,11206,stable
194.38,32.76,560.77,696.84,0.054,0.037,4.08,0.74,9.94,35.92,0.95,67226,24.8,9850,congested
1327.69,163.37,3520.54,6486.24,0.2414,0.1856,3.27,0.27,13.78,48.37,2.46,7580,231.7,217,critical
60.0,5.15,91.9,97.23,0.0,0.0,0.0,4.49,-0.23,1.6,0.03,299633,2.5,18992,stable
857.37,114.95,3244.08,4392.55,0.2138,0.1653,9.95,0.6,8.78,37.17,2.26,1144,511.4,1560,critical
60.0,4.77,80.68,113.37,0.0,0.0,0.16,4.59,0.12,4.04,0.19,376812,4.1,32638,stable
20.0,4.04,27.06,39.51,0.0001,0.0,0.19,4.66,-0.23,3.96,0.21,432475,1.6,34398,stable
52.07,4.49,79.68,84.15,0.0,0.0,0.11,4.37,-0.16,1.34,0.3,150872,0.4,44048,stable
53.36,3.81,79.77,92.39,0.0,0.0,0.15,4.38,0.42,1.2,0.13,441451,1.2,43938,stable
60.0,9.15,104.9,151.98,0.0028,0.0022,0.61,2.89,2.15,11.57,0.33,81593,13.9,2981,degrading
118.13,11.69,228.37,272.48,0.0034,0.0027,0.42,2.79,0.67,8.81,0.29,134514,18.9,20248,degrading
43.95,2.23,63.27,84.7,0.0,0.0,0.17,4.03,0.07,2.03,0.08,212310,0.6,16771,stable
36.82,4.74,54.81,69.88,0.0,0.0,0.23,3.88,0.2,2.9,0.14,121588,4.4,12948,stable
33.99,3.18,44.47,61.42,0.0,0.0,0.18,4.21,-0.11,1.67,0.08,134097,4.3,3298,stable
44.63,4.16,70.9,79.27,0.0,0.0,0.24,4.7,-0.07,1.28,0.17,249765,4.4,39236,stable
42.67,3.07,66.14,81.53,0.0,0.0,0.29,3.57,-0.41,1.49,0.07,216312,4.0,24215,stable
35.14,4.74,46.74,64.98,0.0,0.0,0.3,3.93,0.03,3.73,-0.05,241695,4.0,12601,stable
82.59,13.75,152.21,196.51,0.0046,0.0019,0.86,3.08,1.57,7.85,0.52,86605,17.8,1349,degrading
60.0,2.64,78.86,114.84,0.0001,0.0,0.24,4.15,-0.38,4.76,0.12,346117,4.7,46647,stable
79.25,16.69,139.15,185.08,0.0011,0.0008,1.1,3.43,2.53,6.06,0.74,52395,11.7,15268,degrading
120.0,9.38,214.23,248.0,0.0027,0.0012,0.6,3.08,1.96,8.33,0.43,94106,10.6,22939,degrading
52.51,2.45,75.55,104.79,0.0,0.0,0.01,4.9,0.09,2.19,-0.04,431809,4.2,40910,stable
71.31,15.36,141.3,181.13,0.0028,0.0008,0.43,2.64,2.12,8.66,0.42,111232,8.3,4790,degrading
82.63,13.86,157.87,196.16,0.003,0.0024,0.49,3.37,2.3,5.77,0.63,53501,7.7,17987,degrading
788.9,264.54,2379.1,3940.89,0.2032,0.1626,9.09,0.56,18.1,48.12,0.97,24601,586.4,1709,critical
120.0,16.04,230.84,295.36,0.0051,0.0017,0.94,3.03,1.32,11.77,0.64,121211,7.9,21068,degrading
30.8,3.0,46.77,52.23,0.0,0.0,0.21,3.98,-0.38,3.18,-0.01,428544,0.2,5833,stable
20.0,4.82,29.07,37.09,0.0,0.0,0.23,4.75,0.38,3.43,0.24,106165,0.5,5536,stable
26.71,4.97,35.06,44.8,0.0001,0.0,0.06,4.03,0.48,4.93,-0.01,126578,1.4,20488,stable
37.89,6.02,54.6,66.44,0.0,0.0,0.19,4.19,-0.1,3.37,0.1,221393,2.8,33805,stable
70.79,13.12,112.17,145.75,0.0035,0.0028,0.83,2.62,0.69,6.96,0.67,142745,10.0,29255,degrading
172.39,23.17,362.8,626.69,0.0586,0.0308,1.77,1.28,4.99,37.83,1.44,42381,84.4,13676,congested
470.14,29.56,981.44,1660.05,0.0717,0.0379,3.0,1.48,9.45,46.7,0.6,77062,26.9,8288,congested
355.89,22.0,1051.97,1504.24,0.0549,0.0343,3.41,2.11,4.69,42.1,1.83,67291,82.2,12168,congested
745.79,136.76,2240.49,3489.72,0.226,0.1595,7.82,0.59,5.98,102.12,2.32,6861,565.1,1144,critical
44.61,6.22,60.32,79.88,0.0,0.0,0.07,3.57,0.2,4.91,0.08,203845,0.8,15084,stable
81.29,9.01,131.98,205.43,0.0023,0.0018,0.58,2.91,2.08,9.09,0.74,90121,7.7,7826,degrading
85.47,15.54,128.3,202.74,0.003,0.0011,0.39,3.44,0.94,9.7,0.48,112523,15.0,7370,degrading
37.28,4.69,50.56,62.34,0.0,0.0,0.1,3.81,-0.22,2.72,-0.03,485690,0.5,49293,stable
43.45,6.3,69.06,84.53,0.0,0.0,0.23,4.82,0.41,2.52,0.05,262682,1.9,33643,stable
111.18,11.44,192.52,300.13,0.0064,0.0012,0.96,3.41,1.07,14.77,0.37,55017,12.4,3754,degrading
32.41,2.78,44.32,52.94,0.0,0.0,0.18,3.93,0.44,4.15,0.19,455370,3.8,15050,stable
84.73,16.0,143.23,220.36,0.0065,0.0017,0.33,3.28,1.59,12.55,0.65,59993,14.2,11124,degrading
46.36,3.95,65.54,88.69,0.0,0.0,0.09,3.84,-0.36,1.74,-0.07,455380,4.7,29751,stable
1077.65,222.61,3389.15,5537.64,0.263,0.18,6.18,0.71,13.58,61.85,0.8,4025,508.6,555,critical
57.02,2.41,79.86,98.39,0.0001,0.0,0.07,3.95,0.14,3.4,0.18,245000,4.1,11000,stable
35.81,3.95,52.11,57.95,0.0001,0.0,0.18,3.95,-0.3,3.17,0.08,256045,3.4,34834,stable
72.67,13.22,132.3,176.05,0.0025,0.002,1.01,3.23,2.38,6.92,0.75,91414,5.2,20208,degrading
60.0,5.0,94.26,118.56,0.0,0.0,0.16,3.64,-0.33,2.29,-0.06,426136,1.5,48818,stable
48.57,4.02,72.69,96.84,0.0,0.0,0.15,4.9,-0.29,2.46,0.03,194385,5.0,19974,stable
412.53,39.89,1142.76,1401.67,0.0583,0.0467,1.63,1.69,6.54,29.6,1.02,20701,85.0,1853,congested
334.56,47.15,670.34,1201.24,0.0538,0.0424,1.63,0.89,5.0,21.13,0.53,42140,88.8,6376,congested
93.45,12.19,178.98,201.61,0.0027,0.0013,0.62,3.15,2.1,13.42,0.46,138982,15.2,17082,degrading
29.19,5.75,44.49,49.26,0.0001,0.0,0.28,4.0,-0.03,1.05,-0.07,203436,0.1,31937,stable
93.8,17.59,187.23,257.83,0.002,0.0007,0.82,2.55,1.7,8.79,0.41,73489,17.3,26516,degrading
86.75,8.25,151.43,242.21,0.0012,0.001,1.06,3.03,0.55,13.94,0.43,53968,17.3,12833,degrading
64.4,16.77,113.5,151.33,0.0027,0.0017,0.8,2.55,1.46,11.69,0.76,134918,19.4,23554,degrading
352.74,79.27,722.37,1398.24,0.0657,0.0392,2.13,1.34,7.19,20.1,1.95,17679,93.3,964,congested
1296.34,203.08,3643.67,6463.84,0.211,0.1677,5.71,0.26,12.57,118.04,2.46,9791,432.7,4827,critical
80.78,11.17,138.46,179.24,0.0058,0.0031,0.67,2.56,2.87,11.59,0.35,103353,14.5,7186,degrading
432.19,57.23,1202.83,1581.73,0.0615,0.0347,1.58,1.47,6.95,42.3,1.13,47849,43.8,12498,congested
290.95,52.72,738.03,1298.3,0.0546,0.036,4.0,1.16,5.99,16.56,1.07,70928,98.1,12144,congested
29.93,5.46,45.24,52.87,0.0001,0.0,0.27,3.98,-0.09,4.23,0.14,319165,4.6,27265,stable
794.69,139.84,2596.76,3783.13,0.2051,0.159,7.23,1.05,7.51,127.53,2.22,24817,98.3,364,critical
60.0,16.96,115.08,135.35,0.0018,0.0014,0.3,3.44,1.17,11.63,0.77,131829,6.8,24156,degrading
72.26,8.46,134.44,199.68,0.0051,0.003,1.18,3.36,1.88,14.23,0.41,120092,7.6,26913,degrading
50.76,5.43,66.89,100.71,0.0,0.0,0.12,3.94,-0.27,3.58,-0.05,444284,3.3,35826,stable
307.69,27.26,806.07,1080.66,0.0624,0.0327,3.8,1.58,5.65,48.02,0.73,22318,21.7,11116,congested
60.0,14.23,109.47,120.22,0.0024,0.0013,0.62,2.93,2.31,12.01,0.69,147466,10.9,10499,degrading
36.53,7.59,54.4,72.1,0.0001,0.0,0.13,4.68,0.44,4.51,-0.02,298411,1.7,20593,stable
82.45,16.54,163.84,180.88,0.002,0.001,0.35,2.99,1.52,14.97,0.46,118261,9.3,18631,degrading
264.25,32.5,600.65,1125.14,0.0662,0.0335,3.5,0.79,9.4,19.94,0.84,40282,69.8,1535,congested
36.36,5.38,48.35,71.58,0.0,0.0,0.12,4.29,-0.02,2.79,0.21,310707,1.6,13649,stable
500.0,53.89,1187.99,1714.75,0.056,0.0352,2.99,0.59,7.98,27.03,1.59,38767,72.7,8883,congested
39.05,3.09,53.95,69.03,0.0,0.0,0.11,3.72,0.46,1.06,0.17,452054,0.1,36533,stable
659.74,204.22,2414.0,2733.01,0.2091,0.1664,7.88,0.9,7.54,100.39,1.01,29033,116.7,4389,critical
60.0,14.86,94.84,123.77,0.004,0.0013,0.52,3.23,1.13,6.8,0.42,58325,7.2,4820,degrading
35.26,5.62,48.06,62.29,0.0001,0.0,0.01,4.21,-0.06,4.03,0.01,187012,1.3,15883,stable
253.25,59.8,671.44,833.96,0.0542,0.0357,2.28,1.27,3.31,17.36,1.89,63628,101.4,7231,congested
477.85,31.26,1243.93,1758.67,0.0725,0.0384,3.58,1.4,8.27,36.0,0.5,79790,63.0,8618,congested
25.11,7.16,37.93,46.56,0.0,0.0,0.01,3.66,-0.05,2.05,0.06,146978,0.7,40232,stable
1053.47,267.57,3021.46,5143.25,0.2183,0.1746,7.31,1.06,5.58,76.5,1.1,27351,254.4,1074,critical
68.26,9.26,120.22,160.51,0.003,0.0013,0.9,3.19,0.56,7.87,0.6,138973,15.0,8343,degrading
2000.0,269.88,7411.03,11738.11,0.2404,0.162,8.42,1.09,18.03,100.0,1.3,8367,260.5,131,critical
39.51,7.2,52.25,65.38,0.0,0.0,0.24,3.52,-0.45,3.2,0.3,236926,1.7,7579,stable
795.21,68.97,3103.72,4203.82,0.2091,0.1672,8.96,0.21,11.49,41.03,0.89,29016,363.8,4885,critical
339.71,71.52,825.58,1462.99,0.0586,0.0374,2.67,2.04,9.31,26.88,1.2,47619,88.8,12677,congested
120.0,15.83,184.87,278.43,0.004,0.0015,1.09,3.1,2.86,7.33,0.75,72165,12.9,23982,degrading
376.46,72.44,855.91,1687.63,0.0557,0.0381,3.47,1.99,3.95,40.33,0.58,52914,103.9,7297,congested
109.38,17.0,191.22,295.75,0.0022,0.001,0.87,3.33,2.1,5.65,0.79,85609,10.7,3000,degrading
31.28,3.57,49.86,60.03,0.0001,0.0,0.08,4.73,0.5,1.31,0.09,420825,3.9,38239,stable
81.32,10.51,132.3,168.1,0.0011,0.0009,0.39,3.12,2.54,6.73,0.28,75977,9.2,28967,degrading
28.85,3.43,43.39,49.29,0.0,0.0,0.12,4.99,0.35,4.9,0.25,410481,4.7,21571,stable
392.22,64.39,894.91,1526.64,0.0739,0.0361,1.68,2.37,4.17,46.12,0.75,13355,68.8,5409,congested
942.91,101.69,3648.33,5295.02,0.2233,0.1561,4.3,0.48,8.19,67.54,0.89,18813,190.2,4855,critical
24.07,2.33,33.72,46.25,0.0001,0.0,0.14,3.84,-0.05,1.56,-0.03,299347,2.1,45827,stable
60.0,9.39,100.0,146.47,0.0025,0.0011,0.99,3.14,2.01,9.54,0.29,127883,12.2,18956,degrading
315.21,28.86,712.56,1024.25,0.0654,0.0323,3.59,0.53,3.53,29.33,0.76,54226,37.5,14904,congested
88.99,8.3,152.14,224.99,0.0026,0.002,0.39,2.75,1.89,13.98,0.26,65375,14.8,9177,degrading
327.87,34.02,981.22,1248.52,0.0584,0.0338,2.2,0.74,8.58,32.97,1.38,52476,81.3,6868,congested
404.79,77.22,1118.5,1353.8,0.0526,0.0315,2.79,1.22,6.68,18.51,1.12,51819,100.4,11520,congested
97.11,13.59,156.76,231.53,0.0021,0.0016,0.34,2.54,2.75,6.31,0.38,148589,18.9,1764,degrading
60.0,5.47,78.67,116.23,0.0,0.0,0.13,3.97,-0.18,2.78,0.17,346591,4.7,26368,stable
40.07,7.52,59.8,70.5,0.0,0.0,0.25,3.81,-0.25,1.77,-0.04,481324,3.0,32254,stable
38.02,4.52,59.88,60.97,0.0,0.0,0.24,4.32,0.4,4.87,0.09,189066,2.6,49487,stable
41.61,2.05,63.99,71.32,0.0001,0.0,0.13,3.75,-0.41,2.89,0.09,361383,2.4,8030,stable
43.42,3.96,61.73,85.84,0.0,0.0,0.24,3.74,-0.25,3.69,0.29,250451,1.1,43587,stable
59.03,6.9,92.96,101.48,0.0,0.0,0.02,4.85,-0.2,3.0,0.07,168733,1.8,10453,stable
88.12,14.8,140.91,177.14,0.0027,0.0022,1.15,2.64,2.23,5.67,0.44,134171,11.9,1491,degrading
816.94,110.2,2836.79,4310.4,0.221,0.1716,8.44,0.22,16.82,52.8,1.3,8076,234.8,2510,critical
30.2,4.63,43.59,56.15,0.0001,0.0,0.1,4.85,-0.05,3.05,0.28,491710,3.3,47295,stable
244.54,66.6,733.31,860.89,0.0553,0.0417,2.04,0.7,5.98,41.72,1.68,52519,81.5,1897,congested
60.0,2.54,88.91,98.15,0.0,0.0,0.14,3.81,-0.5,1.97,0.1,251983,2.2,49051,stable
28.91,4.03,37.68,48.58,0.0,0.0,0.3,3.89,-0.23,1.51,0.09,138464,1.4,24651,stable
84.66,13.29,134.57,177.2,0.0032,0.0018,0.38,2.58,0.96,13.5,0.33,85481,13.6,15586,degrading
41.36,4.88,61.26,74.1,0.0,0.0,0.05,4.78,-0.36,2.6,-0.07,318084,3.3,47119,stable
1343.51,225.38,4231.93,7499.65,0.2264,0.1684,8.13,0.64,7.7,62.91,1.42,20285,522.4,693,critical
1219.29,155.89,3827.41,5536.37,0.2498,0.1775,7.67,1.08,5.4,71.34,0.95,8708,359.4,2216,critical
1152.63,68.04,4389.15,6211.76,0.2217,0.1774,7.73,0.85,16.3,126.02,0.96,28095,354.5,2673,critical
40.01,3.82,61.4,76.27,0.0,0.0,0.13,4.47,0.25,1.93,0.06,207664,1.0,39385,stable
96.71,15.44,177.93,224.07,0.0017,0.0013,1.13,3.32,2.34,14.45,0.65,97095,14.0,9520,degrading
30.03,7.13,47.2,58.26,0.0,0.0,0.27,3.53,0.2,4.82,0.18,497564,3.4,2683,stable
91.05,16.69,154.56,210.36,0.0023,0.0012,0.83,2.91,0.7,11.82,0.57,114266,17.2,8964,degrading
30.19,3.99,43.76,51.29,0.0,0.0,0.04,3.61,-0.49,4.82,0.02,283801,2.0,36792,stable
47.54,6.72,75.14,91.97,0.0,0.0,0.15,3.97,-0.34,3.44,0.13,404481,4.4,11798,stable
361.58,65.7,772.82,1439.88,0.0695,0.0421,1.24,1.3,3.83,22.88,1.53,49990,72.7,8503,congested
111.06,13.76,204.01,238.62,0.0027,0.0022,0.45,3.45,1.05,7.01,0.26,95335,9.1,22353,degrading
30.11,5.19,43.46,50.87,0.0,0.0,0.15,4.81,0.21,3.32,-0.06,377596,0.8,39532,stable
1084.05,191.94,4266.94,4433.41,0.2071,0.1657,5.2,0.1,7.32,38.59,2.43,6505,468.8,2692,critical
114.91,14.48,179.3,230.59,0.0014,0.0011,0.39,3.34,2.19,8.83,0.29,69418,6.8,5222,degrading
113.59,8.69,198.26,264.81,0.0033,0.0012,0.63,2.5,0.91,9.48,0.52,65292,16.2,6075,degrading
120.0,11.32,211.54,333.34,0.0018,0.0007,0.59,2.74,0.52,6.16,0.78,89112,10.8,8367,degrading
210.94,76.1,520.97,778.58,0.057,0.0336,4.6,0.56,8.33,36.81,1.41,71272,79.0,10767,congested
120.0,8.61,209.53,321.81,0.002,0.0016,0.8,3.31,1.44,7.47,0.62,57080,17.5,28332,degrading
43.13,4.54,62.19,73.58,0.0,0.0,0.22,3.81,0.43,3.11,-0.06,258833,3.0,18288,stable
23.72,5.16,35.13,42.37,0.0,0.0,0.29,4.28,-0.31,2.28,0.23,240664,3.6,39090,stable
32.94,7.09,43.54,56.39,0.0,0.0,0.05,3.88,0.22,2.5,0.17,305643,0.7,25454,stable
42.45,2.38,64.29,76.87,0.0,0.0,0.14,4.94,-0.24,3.73,0.28,365383,4.4,41546,stable
29.72,7.95,46.39,54.79,0.0,0.0,0.04,3.83,0.05,3.73,0.03,319498,1.7,35128,stable
45.03,6.57,71.92,86.06,0.0,0.0,0.09,4.0,0.18,2.4,-0.01,249734,1.4,5327,stable
49.63,7.67,71.12,91.31,0.0001,0.0,0.1,4.31,0.41,4.39,-0.05,137212,2.9,27073,stable
103.03,13.93,204.94,270.96,0.0019,0.0015,0.88,3.27,0.73,12.61,0.79,115749,16.1,29395,degrading
35.3,7.92,48.69,58.27,0.0,0.0,0.18,3.68,-0.34,3.56,0.23,239789,3.0,9361,stable
58.42,5.62,87.8,112.28,0.0001,0.0,0.24,4.28,-0.06,1.59,0.03,273607,0.4,11809,stable
114.57,9.17,222.6,303.0,0.0014,0.0012,0.52,3.21,1.84,8.58,0.38,70074,5.5,29325,degrading
75.0,12.13,137.49,203.66,0.0047,0.0038,0.52,2.75,2.95,8.57,0.68,57136,6.3,20741,degrading
120.0,18.23,224.66,324.42,0.0039,0.0008,0.69,2.64,0.52,7.37,0.76,145499,12.9,19567,degrading
25.42,7.51,35.21,47.39,0.0001,0.0,0.28,3.84,-0.38,1.81,-0.03,136269,4.0,25281,stable
46.49,5.48,66.86,92.56,0.0,0.0,0.15,4.58,-0.46,4.06,-0.09,306911,2.9,38300,stable
281.6,78.49,814.4,1083.71,0.0686,0.0454,3.63,0.95,5.77,32.24,1.9,78429,44.7,2066,congested
26.47,5.8,37.79,42.52,0.0,0.0,0.24,4.63,0.42,1.86,0.23,462208,2.0,16376,stable
23.12,3.8,35.99,41.68,0.0,0.0,0.13,4.69,0.45,1.04,0.14,446392,3.3,40240,stable
48.9,5.12,76.08,92.09,0.0,0.0,0.13,3.57,0.09,3.2,-0.07,477265,0.5,42886,stable
42.49,5.58,67.24,78.34,0.0,0.0,0.14,4.83,-0.15,2.5,0.24,306149,2.7,43179,stable
197.13,35.34,581.35,681.72,0.0546,0.0331,4.48,1.25,6.6,42.62,1.27,13317,41.5,13424,congested
76.67,8.91,128.09,185.22,0.0019,0.0015,0.57,3.47,2.58,11.84,0.56,72478,16.0,10740,degrading
40.55,2.09,55.85,72.18,0.0,0.0,0.07,4.32,0.19,3.06,0.3,344536,1.9,38835,stable
335.94,61.5,932.88,1444.71,0.0508,0.0391,4.74,1.71,7.06,37.61,1.63,41144,118.1,1418,congested
94.92,19.92,183.68,207.37,0.0034,0.0011,0.8,3.41,0.94,13.55,0.46,82233,5.9,16091,degrading
75.24,16.48,117.62,183.8,0.0054,0.002,0.36,3.19,1.83,11.39,0.51,117534,18.6,17830,degrading
870.68,218.48,2873.88,5072.89,0.2205,0.1764,8.21,0.71,10.36,113.38,1.96,25352,207.6,519,critical
36.59,7.83,51.43,71.25,0.0,0.0,0.09,3.52,0.2,3.48,0.16,249753,1.0,36295,stable
27.7,4.06,38.02,48.73,0.0001,0.0,0.27,3.66,0.48,4.44,0.18,475499,3.6,10332,stable
56.69,6.77,87.45,99.55,0.0001,0.0,0.16,4.73,0.31,1.35,0.14,293257,4.7,15535,stable
92.68,14.05,169.16,239.98,0.0018,0.0015,0.53,3.41,1.03,7.33,0.51,114115,5.0,13975,degrading
89.69,18.72,139.32,233.5,0.0057,0.0029,0.91,2.91,2.92,5.31,0.43,80695,19.0,3433,degrading
405.93,53.83,864.23,1449.85,0.0698,0.0356,3.14,1.32,5.91,49.21,1.85,60810,52.4,7753,congested
30.5,7.56,44.59,59.07,0.0001,0.0,0.01,3.95,-0.24,2.44,-0.06,474783,2.8,15970,stable
73.27,10.05,142.02,166.0,0.0037,0.0022,0.78,3.06,2.12,13.51,0.36,105524,10.1,9902,degrading
35.83,4.66,52.94,59.09,0.0,0.0,0.07,3.86,0.3,1.26,0.13,222736,1.3,25781,stable
60.0,18.45,97.33,135.07,0.0026,0.0017,0.63,2.7,1.35,12.13,0.7,132076,16.4,660,degrading
27.41,3.17,36.79,50.68,0.0,0.0,0.1,4.88,-0.21,2.88,0.26,383088,0.3,8217,stable
29.59,6.24,40.99,50.51,0.0,0.0,0.25,3.85,0.18,2.72,-0.05,385705,1.1,9654,stable
73.13,16.98,125.27,204.3,0.0025,0.002,0.49,3.43,0.58,14.39,0.74,118378,5.5,7147,degrading
212.33,58.19,474.77,809.83,0.0601,0.0398,2.83,1.85,4.18,49.98,1.32,51624,62.5,9128,congested
903.94,282.78,2717.29,3669.58,0.2185,0.167,3.46,0.43,15.06,103.61,2.22,17221,154.9,3374,critical
1823.38,113.18,5225.1,8448.46,0.2157,0.1635,8.18,1.02,11.66,94.86,2.53,14503,419.9,1081,critical
47.01,4.72,75.19,75.22,0.0,0.0,0.24,3.94,-0.23,3.63,0.06,154367,0.3,39604,stable
41.66,4.81,60.29,74.32,0.0,0.0,0.16,3.57,-0.37,4.45,0.24,239110,1.7,46889,stable
103.07,8.63,182.37,256.68,0.0024,0.0012,0.44,3.17,1.1,14.69,0.72,124454,10.1,2175,degrading
60.0,13.05,110.86,139.49,0.0025,0.0017,0.48,3.38,1.44,14.17,0.79,127117,14.3,4922,degrading
26.75,5.68,39.82,50.65,0.0,0.0,0.01,4.32,-0.41,4.98,0.26,108432,4.3,46052,stable
965.49,218.13,3026.7,5653.98,0.2235,0.1605,7.13,0.65,17.58,42.35,2.22,18992,597.3,1647,critical
120.0,14.93,230.66,240.97,0.0029,0.001,0.65,2.69,0.63,11.56,0.78,61825,16.6,11256,degrading
60.0,17.8,112.58,160.41,0.0021,0.0017,0.99,2.79,1.18,13.0,0.31,61066,5.2,9303,degrading
35.24,6.82,54.71,66.13,0.0,0.0,0.2,4.18,0.33,3.87,0.27,130722,2.5,35630,stable
94.2,13.12,154.6,225.76,0.0014,0.0007,0.45,3.33,0.6,13.04,0.37,98312,13.2,23128,degrading
41.19,6.65,56.45,71.6,0.0001,0.0,0.25,4.92,0.38,3.96,0.01,212646,4.8,1503,stable
60.0,12.2,96.57,122.97,0.0018,0.0015,0.47,3.4,1.81,6.66,0.59,82700,5.7,2820,degrading
26.05,3.17,34.76,49.39,0.0,0.0,0.29,3.89,-0.29,1.32,0.12,105441,2.1,4595,stable
33.86,4.37,45.86,56.3,0.0,0.0,0.22,4.94,-0.28,4.54,0.27,466568,3.2,31861,stable
76.44,16.69,117.14,184.92,0.0047,0.0014,0.36,3.03,2.18,12.42,0.51,131258,16.3,6222,degrading
90.59,15.6,176.4,230.4,0.0024,0.0019,1.17,3.24,2.37,6.67,0.35,108576,5.5,20203,degrading
38.65,6.29,57.89,66.16,0.0001,0.0,0.01,3.56,0.36,3.81,0.09,139133,2.5,24200,stable
20.0,4.07,29.47,37.83,0.0001,0.0,0.05,4.87,-0.37,4.48,0.04,142173,1.4,9890,stable
309.83,48.11,909.86,1036.67,0.0558,0.0357,3.88,1.58,8.94,17.04,1.4,46767,23.9,289,congested
49.45,3.67,76.12,89.22,0.0,0.0,0.06,3.91,-0.21,3.96,-0.04,411034,2.6,19844,stable
52.81,4.78,70.16,101.32,0.0,0.0,0.19,4.83,0.15,4.25,0.11,387188,4.5,38885,stable
48.31,3.45,73.25,91.88,0.0,0.0,0.23,4.8,0.38,4.13,0.06,492723,1.9,32292,stable
1159.25,58.86,3509.18,4953.93,0.2138,0.1711,9.86,0.98,10.7,37.87,2.91,2490,61.4,1450,critical
60.0,2.33,83.12,115.66,0.0,0.0,0.18,4.68,0.16,3.44,0.06,289523,2.1,42266,stable
237.76,34.04,662.41,766.42,0.052,0.0416,2.41,1.69,4.55,27.56,1.19,58212,107.3,13005,congested
42.6,3.14,61.62,79.1,0.0,0.0,0.24,4.83,0.34,2.94,-0.07,248684,2.1,48052,stable
120.0,14.48,204.54,309.05,0.0022,0.0016,0.89,2.98,1.09,13.8,0.66,110107,15.5,12752,degrading
73.52,8.9,123.7,188.73,0.0034,0.002,0.44,2.66,2.96,11.23,0.3,76856,10.6,2149,degrading
47.54,2.75,74.84,78.72,0.0001,0.0,0.17,4.54,0.03,2.74,0.05,436676,1.1,36976,stable
120.0,13.69,197.48,294.76,0.0018,0.0014,0.55,2.67,1.48,6.82,0.28,135735,5.8,21469,degrading
35.45,7.93,53.41,57.55,0.0001,0.0,0.16,3.71,-0.21,3.09,0.3,245716,0.8,25356,stable
41.41,6.02,61.54,75.22,0.0,0.0,0.22,4.11,0.39,4.67,0.07,196289,3.2,47774,stable
60.0,3.44,89.37,97.42,0.0001,0.0,0.28,4.21,-0.05,3.12,-0.07,463397,3.3,31261,stable
99.06,8.29,155.31,223.79,0.003,0.0019,1.09,3.14,2.12,14.64,0.66,89744,11.5,4768,degrading
49.95,3.98,67.63,90.11,0.0,0.0,0.29,4.92,-0.02,4.98,0.17,127543,0.6,45889,stable
120.0,14.9,231.08,281.41,0.0025,0.002,0.4,3.06,2.91,5.57,0.45,130197,10.5,15849,degrading
26.16,2.72,36.66,51.72,0.0,0.0,0.01,4.41,0.0,1.21,0.01,463306,1.2,8099,stable
416.44,50.5,890.68,1590.19,0.0526,0.0369,1.42,2.47,7.4,43.26,1.38,65043,63.4,8693,congested
75.58,15.57,125.36,155.18,0.0024,0.0017,0.71,3.02,1.18,12.36,0.42,56749,7.5,4289,degrading
29.92,5.67,42.16,49.0,0.0001,0.0,0.27,3.8,-0.28,4.38,0.26,189122,0.3,5425,stable
238.28,50.32,533.83,878.49,0.0763,0.0329,4.28,1.87,9.46,25.85,1.82,70466,64.8,9482,congested
39.23,3.69,53.77,73.46,0.0,0.0,0.11,3.94,-0.26,3.63,-0.06,481423,1.5,15474,stable
114.61,9.96,226.79,276.48,0.0031,0.0013,0.69,3.33,0.93,8.67,0.44,81279,8.3,10475,degrading
120.0,8.87,216.84,310.69,0.0021,0.0017,0.39,3.15,2.17,7.61,0.22,116535,15.6,1268,degrading
78.55,18.1,149.34,218.56,0.0021,0.001,0.38,3.43,1.14,13.87,0.75,99006,11.2,8705,degrading
990.05,134.29,2508.71,4426.4,0.2049,0.1597,5.13,0.78,13.35,148.51,0.91,25689,383.7,4414,critical
79.76,12.41,147.68,191.1,0.0024,0.001,0.38,2.68,1.66,11.37,0.58,116820,15.7,15420,degrading
60.0,6.45,81.94,98.71,0.0001,0.0,0.29,3.69,0.08,4.17,0.11,263678,3.3,14236,stable
76.37,17.94,128.84,175.13,0.0032,0.0013,0.62,2.51,2.85,9.37,0.78,117735,6.9,10145,degrading
41.98,5.75,64.11,81.28,0.0001,0.0,0.21,3.61,-0.3,1.37,-0.07,207100,2.9,48269,stable
35.17,7.76,47.79,69.65,0.0001,0.0,0.06,4.69,0.41,4.77,0.28,308583,4.9,38108,stable
25.51,2.66,33.46,44.36,0.0001,0.0,0.23,3.55,0.26,4.75,0.06,196385,1.1,25094,stable
120.0,18.15,231.5,287.13,0.0031,0.002,0.48,2.95,0.76,5.7,0.62,141293,19.6,8478,degrading
97.14,10.76,179.95,254.11,0.004,0.0008,0.35,3.45,1.12,9.67,0.22,69272,15.4,3798,degrading
120.0,18.38,235.79,316.19,0.0026,0.0017,1.0,2.85,2.84,8.68,0.22,113780,10.4,5034,degrading
60.0,11.52,103.55,133.96,0.0054,0.0043,1.11,3.26,1.99,6.99,0.37,110276,7.1,5926,degrading
60.0,7.53,89.29,99.49,0.0001,0.0,0.01,3.65,-0.41,3.19,-0.01,444082,2.2,35080,stable
117.54,13.98,181.32,312.4,0.004,0.0032,1.11,3.25,2.57,9.57,0.48,103400,8.7,22138,degrading
120.0,10.61,191.69,279.16,0.0039,0.0011,0.91,2.75,2.46,13.66,0.49,55412,16.1,14282,degrading
55.11,4.02,84.24,105.3,0.0,0.0,0.1,4.57,0.04,3.17,0.24,288161,4.2,18807,stable
120.0,13.21,227.36,300.84,0.0019,0.0012,0.88,3.31,1.51,10.72,0.79,146456,12.6,3336,degrading
379.28,23.23,816.28,1173.97,0.056,0.0358,2.42,0.96,5.47,43.77,1.7,34551,86.0,5652,congested
383.15,38.84,910.07,1488.04,0.0503,0.0364,4.39,2.46,9.13,43.58,0.81,70193,36.6,7739,congested
116.61,13.55,192.68,270.68,0.002,0.0016,0.6,2.71,3.0,8.41,0.58,137411,18.8,12598,degrading
40.53,4.33,62.94,70.97,0.0,0.0,0.13,4.81,0.34,4.77,0.02,254841,0.1,47204,stable
27.64,4.02,42.96,48.5,0.0001,0.0,0.09,3.98,0.46,3.36,0.21,118150,0.5,40912,stable
33.5,3.87,48.7,55.05,0.0,0.0,0.26,4.27,-0.26,1.77,0.28,181086,4.0,19079,stable
50.69,7.87,72.8,97.77,0.0,0.0,0.27,3.67,-0.13,2.46,-0.05,139250,1.9,49611,stable
80.28,8.9,132.09,165.92,0.0016,0.0013,1.0,2.54,0.7,5.96,0.37,109112,14.7,21521,degrading
59.33,6.4,94.23,112.98,0.0001,0.0,0.04,3.54,0.02,3.33,-0.09,306148,2.7,3572,stable
99.18,15.1,184.76,221.2,0.0034,0.0006,0.98,2.99,1.64,6.8,0.58,142367,15.8,15434,degrading
33.5,4.13,47.64,59.08,0.0001,0.0001,0.18,4.49,-0.1,4.64,0.16,407667,1.8,48040,stable
1062.2,92.34,3923.82,5617.89,0.2555,0.161,9.24,0.87,18.66,77.85,2.17,14770,508.2,2819,critical
47.73,2.73,70.97,93.23,0.0,0.0,0.17,3.62,-0.28,4.05,0.02,494306,2.5,26310,stable
58.33,4.11,78.76,94.11,0.0,0.0,0.04,4.33,-0.23,1.26,-0.08,146222,0.4,38267,stable
1406.37,166.41,3530.46,7912.44,0.2346,0.1699,8.22,0.78,17.43,101.33,0.81,4948,528.3,647,critical
30.94,5.92,46.7,53.77,0.0001,0.0,0.28,4.82,-0.21,2.82,0.2,466614,1.7,22777,stable
41.94,7.29,55.14,71.41,0.0,0.0,0.17,4.64,0.31,2.37,0.07,439388,1.8,39902,stable
153.88,23.49,426.96,614.73,0.0574,0.0373,3.98,1.01,5.04,21.31,1.57,21902,109.8,4388,congested
60.0,3.05,79.4,112.79,0.0,0.0,0.07,4.64,0.07,1.13,0.12,422376,1.4,44970,stable
819.95,101.84,2797.48,4001.69,0.2137,0.1683,6.08,0.5,16.0,78.85,2.9,8334,74.4,3020,critical
38.12,2.28,57.63,73.97,0.0,0.0,0.27,4.96,0.4,1.51,0.23,263935,5.0,24141,stable
1844.56,85.72,5712.39,9125.74,0.2056,0.1594,5.97,0.85,11.92,100.56,1.85,9926,298.1,1564,critical
33.29,3.12,45.41,59.82,0.0,0.0,0.27,4.31,0.09,4.59,0.28,390724,1.7,24993,stable
41.09,6.53,59.54,75.5,0.0,0.0,0.23,3.77,-0.26,2.58,0.03,228660,0.8,15399,stable
52.47,2.81,76.26,96.82,0.0,0.0,0.26,4.14,0.02,1.02,-0.09,133507,3.5,24823,stable
49.69,6.0,76.85,79.76,0.0,0.0,0.19,3.76,0.37,3.45,-0.04,484935,2.6,4572,stable
39.63,7.05,61.3,67.06,0.0001,0.0,0.02,3.74,-0.11,1.74,0.22,266428,0.5,24732,stable
76.54,8.01,130.14,162.12,0.006,0.0013,0.72,2.86,1.19,6.86,0.72,133331,11.3,21775,degrading
54.42,3.5,76.18,108.11,0.0001,0.0,0.08,4.36,0.34,4.68,0.09,355875,0.0,13407,stable
65.47,17.23,109.09,156.82,0.0015,0.0012,0.35,2.54,1.34,12.3,0.27,113554,9.0,19724,degrading
38.58,6.85,53.58,76.11,0.0,0.0,0.23,4.5,0.25,3.7,0.09,153973,3.9,2508,stable
108.36,15.19,190.69,284.1,0.003,0.0024,0.62,3.23,1.34,12.96,0.6,112997,19.0,26855,degrading
127.11,26.95,371.92,442.17,0.0705,0.0422,2.03,1.08,5.53,34.23,1.33,24023,24.6,11604,congested
500.0,38.1,1306.44,2218.73,0.0529,0.0399,2.39,1.14,4.93,42.01,1.01,23693,79.6,7025,congested
45.08,3.6,63.42,89.08,0.0,0.0,0.26,4.72,0.49,4.75,0.04,259710,3.7,7570,stable
1103.72,265.37,3993.11,5151.31,0.2242,0.1794,6.84,0.65,18.03,123.49,1.43,16137,264.2,1772,critical
51.67,4.21,77.58,84.53,0.0,0.0,0.02,4.94,-0.33,3.67,0.27,379110,1.1,16474,stable
48.68,4.31,74.66,91.99,0.0,0.0,0.16,4.08,-0.4,4.21,0.27,402637,4.1,11608,stable
29.02,7.04,45.69,51.1,0.0,0.0,0.21,3.87,-0.48,2.96,0.08,124025,0.7,25986,stable
51.58,3.68,74.97,101.42,0.0,0.0,0.23,3.85,-0.33,4.68,-0.08,393895,0.2,42057,stable
37.08,4.5,57.41,66.22,0.0,0.0,0.01,4.42,-0.2,3.97,0.26,155756,3.6,26211,stable
25.09,2.02,36.83,42.6,0.0,0.0,0.16,3.7,-0.3,1.57,0.18,311439,2.1,40118,stable
31.37,6.66,49.79,58.94,0.0,0.0,0.15,4.69,-0.02,3.15,0.21,364506,2.0,44875,stable
30.9,7.69,45.5,58.83,0.0,0.0,0.22,3.78,-0.15,3.65,0.09,395428,4.8,6710,stable
50.54,5.63,71.23,85.27,0.0,0.0,0.12,3.56,-0.47,2.55,-0.04,109340,3.8,23467,stable
120.0,14.06,212.26,267.86,0.0045,0.0035,0.98,2.82,1.6,12.55,0.6,89970,6.1,27687,degrading
46.57,3.64,63.31,78.21,0.0,0.0,0.12,4.82,0.26,2.36,-0.06,373048,0.7,15395,stable
464.74,48.42,1383.36,1839.3,0.078,0.0346,4.98,2.35,8.83,32.53,1.71,49124,65.8,3430,congested
79.24,16.12,126.96,163.36,0.0027,0.0022,0.89,3.26,1.92,10.78,0.56,128415,8.4,20605,degrading
99.95,12.39,194.07,279.57,0.0042,0.0018,0.35,3.33,1.93,12.73,0.6,93439,15.5,935,degrading
1149.03,118.15,2951.29,5686.74,0.2127,0.1562,5.74,0.57,12.78,145.87,1.28,27523,587.0,2130,critical
39.9,5.85,56.29,78.19,0.0,0.0,0.08,4.94,-0.09,2.83,0.18,309699,1.9,4755,stable
29.6,3.42,40.84,49.97,0.0001,0.0,0.23,4.77,0.27,1.3,0.2,118306,0.5,22583,stable
120.0,17.2,188.84,332.42,0.0039,0.0016,0.4,3.3,1.65,5.33,0.33,128518,16.0,6056,degrading
1007.55,222.29,3031.07,4111.92,0.2101,0.1681,3.67,1.13,5.09,120.28,2.96,26936,446.7,2629,critical
110.01,8.2,203.7,235.61,0.0057,0.0019,1.05,2.75,2.39,8.93,0.28,50364,16.2,5994,degrading
1576.25,246.67,3976.47,8947.74,0.2349,0.1626,4.99,0.99,11.5,82.15,1.88,25231,584.2,863,critical
35.83,5.39,53.43,67.92,0.0,0.0,0.26,4.93,0.18,3.2,-0.1,116007,1.0,10114,stable
86.59,12.96,143.14,231.0,0.0024,0.0015,0.77,3.02,2.68,5.26,0.39,138248,8.6,4537,degrading
120.0,9.13,199.87,267.9,0.0018,0.0015,0.67,2.66,2.9,14.5,0.47,52762,10.6,26905,degrading
101.71,17.97,153.76,282.54,0.0032,0.0025,0.81,3.12,1.61,6.56,0.46,137867,11.9,10610,degrading
1019.32,287.74,2913.18,5459.94,0.2241,0.1731,4.43,0.65,10.33,129.13,1.09,27519,497.8,85,critical
45.43,7.05,70.96,90.79,0.0001,0.0,0.13,3.82,0.04,4.45,0.29,399283,0.0,7600,stable
406.2,40.37,1176.58,1648.0,0.067,0.0403,1.79,1.35,6.7,31.24,0.6,20349,35.4,8980,congested
120.0,17.53,197.38,306.15,0.0019,0.0007,0.31,3.06,0.67,7.2,0.54,116795,10.8,12859,degrading
35.71,4.61,55.51,58.67,0.0001,0.0,0.24,3.55,-0.27,2.38,0.17,227732,0.2,9519,stable
407.93,55.91,1053.78,1444.88,0.0614,0.0302,1.35,1.55,5.25,25.3,0.62,57690,59.3,14240,congested
120.0,17.36,229.99,302.24,0.0023,0.0019,0.53,3.08,2.27,13.66,0.78,139178,12.0,22534,degrading
36.09,3.01,53.18,64.04,0.0,0.0,0.17,4.9,-0.15,1.74,0.28,284506,2.1,14110,stable
1473.7,265.63,4889.06,6740.11,0.2334,0.1799,4.05,0.79,8.45,34.18,2.72,13598,479.8,4273,critical
40.76,3.86,59.96,75.63,0.0001,0.0,0.16,3.74,0.39,4.33,0.27,449992,3.7,10059,stable
36.97,7.0,48.27,60.81,0.0001,0.0,0.05,4.39,-0.25,2.34,0.09,110708,0.5,34610,stable
31.28,6.01,47.4,57.33,0.0001,0.0,0.21,4.13,0.35,4.09,-0.07,348450,1.2,28318,stable
32.09,7.61,46.67,64.12,0.0,0.0,0.04,4.71,-0.28,2.67,-0.09,141952,4.5,42020,stable
343.86,31.67,867.93,1443.26,0.0562,0.034,1.24,0.71,8.67,33.38,1.49,62153,50.0,4538,congested
40.4,3.08,64.28,66.46,0.0,0.0,0.14,3.9,-0.21,3.63,0.29,341454,0.4,4703,stable
50.29,3.66,74.64,99.44,0.0,0.0,0.07,4.54,0.42,4.36,-0.02,226755,2.6,29008,stable
44.94,3.66,59.1,80.45,0.0,0.0,0.23,4.61,0.39,1.82,0.24,220410,4.7,14772,stable
33.67,6.73,51.34,57.01,0.0001,0.0,0.3,4.52,0.12,4.96,-0.08,129774,2.8,18574,stable
28.61,5.77,42.59,46.16,0.0,0.0,0.16,4.34,0.11,3.34,0.1,420839,4.7,14218,stable
108.09,12.95,165.0,217.79,0.0052,0.0016,1.1,3.42,2.11,13.64,0.24,60039,13.4,25471,degrading
33.96,7.43,49.36,67.74,0.0,0.0,0.03,3.97,-0.24,2.55,0.23,160150,1.5,13794,stable
25.86,7.62,35.06,47.96,0.0,0.0,0.0,4.6,0.25,3.99,0.04,308915,1.8,1785,stable
47.59,4.86,67.24,83.66,0.0001,0.0,0.08,4.76,-0.46,4.61,0.08,354880,3.3,44860,stable
1207.55,274.51,4526.52,6253.07,0.2063,0.1608,5.25,0.39,12.06,127.97,2.5,13885,229.0,665,critical
109.49,19.06,197.46,265.86,0.0028,0.0018,1.05,3.1,0.89,6.08,0.77,92139,14.7,27223,degrading
95.71,12.88,146.85,251.52,0.0035,0.0008,0.96,3.26,2.19,13.68,0.53,102084,15.5,5397,degrading
433.31,45.72,1201.22,1499.28,0.0545,0.0327,2.53,2.37,6.26,28.98,0.79,31276,20.2,9932,congested
44.04,7.39,57.79,71.22,0.0,0.0,0.05,4.09,-0.31,3.81,0.17,319159,3.5,32338,stable
335.58,56.15,808.71,1446.59,0.0581,0.042,3.96,2.48,8.68,24.3,1.7,53951,31.9,8532,congested
588.77,154.38,2002.48,3012.22,0.2294,0.1658,3.17,0.18,14.86,55.69,1.32,5319,198.5,3801,critical
162.23,69.43,437.28,711.14,0.0696,0.0342,2.81,1.08,6.88,48.65,1.12,52222,34.1,6998,congested
38.78,4.11,56.67,73.68,0.0,0.0,0.16,4.09,-0.02,1.79,0.1,160015,3.7,30101,stable
29.73,3.4,41.72,57.94,0.0,0.0,0.25,3.88,-0.42,1.13,0.14,224629,2.2,41113,stable
120.0,18.78,214.01,255.14,0.0022,0.0017,0.84,2.5,1.0,14.5,0.51,120364,9.6,17768,degrading
85.17,8.55,153.94,190.13,0.0032,0.0025,0.78,3.45,0.88,11.78,0.62,55318,9.2,28496,degrading
52.08,2.59,76.46,96.31,0.0,0.0,0.07,3.61,-0.33,4.97,0.06,459474,0.9,21842,stable
120.0,15.08,216.85,278.38,0.0016,0.0013,0.56,2.92,2.18,6.87,0.29,110779,15.2,2967,degrading
36.62,6.39,51.4,63.17,0.0,0.0,0.28,4.96,0.15,1.79,0.08,298614,3.8,33721,stable
38.51,5.33,58.29,62.23,0.0001,0.0,0.05,4.69,-0.22,4.79,0.22,373816,3.6,3333,stable
76.26,13.33,146.86,178.54,0.0017,0.0014,0.33,3.34,1.37,12.93,0.38,68790,10.8,24022,degrading
27.0,6.82,39.15,46.21,0.0,0.0,0.26,4.82,0.07,4.81,0.23,266253,3.1,6967,stable
55.51,3.92,82.92,92.09,0.0,0.0,0.02,4.13,0.29,4.22,0.26,120586,2.6,6263,stable
120.0,9.55,229.2,242.55,0.0018,0.0013,0.96,2.92,0.79,11.61,0.21,79729,18.6,3278,degrading
60.0,16.21,97.36,147.18,0.0026,0.0021,1.2,2.88,1.74,5.11,0.56,82529,13.0,16020,degrading
372.87,25.2,910.71,1394.12,0.056,0.037,3.07,1.63,3.6,32.28,1.79,13653,84.2,14832,congested
34.33,2.16,52.7,55.08,0.0,0.0,0.29,4.26,-0.05,2.11,0.28,157125,2.9,14844,stable
93.68,8.69,171.34,246.91,0.0015,0.0008,1.03,2.52,1.35,9.59,0.55,68997,12.5,20725,degrading
60.0,17.88,106.53,160.23,0.0039,0.0014,1.17,3.39,2.73,7.81,0.37,90260,18.2,25829,degrading
380.16,68.08,1111.99,1395.67,0.0579,0.037,2.33,1.5,6.48,19.59,1.06,18349,25.7,929,congested
67.98,11.74,104.62,183.86,0.0031,0.001,0.76,2.76,2.09,11.16,0.25,141068,11.9,6257,degrading
28.87,3.16,42.67,52.48,0.0,0.0,0.13,3.87,-0.1,2.0,-0.1,360182,0.2,11309,stable
26.98,2.23,35.37,52.14,0.0,0.0,0.23,4.14,0.36,1.6,0.01,137396,1.1,12697,stable
60.0,16.62,98.64,146.15,0.0014,0.0011,0.55,2.67,2.85,9.22,0.59,130921,15.3,17157,degrading
28.84,2.13,44.17,53.55,0.0,0.0,0.1,3.64,-0.07,3.44,-0.05,352234,4.5,17548,stable
33.22,5.23,49.3,55.15,0.0,0.0,0.06,4.12,-0.19,4.15,-0.08,178617,1.1,49655,stable
33.7,7.33,47.36,62.46,0.0001,0.0,0.27,3.65,0.12,2.36,0.22,335924,1.9,49209,stable
55.23,2.84,81.23,107.54,0.0,0.0,0.29,4.94,-0.25,2.39,0.26,486648,2.2,16728,stable
47.72,7.46,63.54,95.26,0.0,0.0,0.11,4.6,0.44,1.37,0.02,285330,2.5,27567,stable
352.43,32.0,936.58,1091.27,0.0627,0.0336,4.65,1.26,4.62,21.71,1.82,26185,73.1,5042,congested
120.0,11.7,196.91,288.43,0.0024,0.0019,0.63,2.69,1.62,9.09,0.56,144210,7.8,12814,degrading
440.48,36.02,974.88,1806.81,0.0576,0.0306,3.12,0.54,3.74,26.38,1.22,58567,49.3,10038,congested
104.03,9.22,160.6,286.64,0.0016,0.0013,1.11,3.21,0.64,10.5,0.43,124858,13.9,21893,degrading
102.28,18.49,161.34,278.05,0.0022,0.0017,0.37,2.79,2.85,7.23,0.48,85692,6.3,5845,degrading
33.26,5.72,47.75,61.73,0.0,0.0,0.29,4.65,0.42,3.8,0.04,149206,4.6,24991,stable
47.21,3.27,70.03,83.3,0.0,0.0,0.19,4.18,0.09,1.67,0.19,445118,1.1,5690,stable
940.67,191.41,3504.56,4209.84,0.223,0.1616,3.64,0.46,19.61,95.78,1.0,28870,547.5,4034,critical
31.69,6.74,43.27,59.29,0.0,0.0,0.22,4.07,-0.2,2.84,0.23,471968,2.7,33411,stable
113.1,14.36,216.96,228.7,0.0025,0.0017,0.5,3.06,1.86,5.82,0.76,120023,18.3,29484,degrading
1170.75,268.84,4609.05,5625.73,0.2051,0.1629,5.3,0.32,17.98,44.22,2.49,19324,411.0,4385,critical
60.0,5.47,83.59,108.2,0.0,0.0,0.15,3.73,0.43,3.6,0.03,486375,4.4,8031,stable
69.58,15.67,113.88,168.52,0.0029,0.0023,0.92,3.18,2.15,14.85,0.34,53011,15.2,5583,degrading
60.0,2.69,80.58,102.54,0.0001,0.0,0.27,4.56,-0.43,2.93,0.11,472855,2.1,22891,stable
1153.45,159.35,4000.63,6500.58,0.2522,0.1879,6.79,0.95,13.0,82.14,2.86,3212,134.6,3428,critical
68.93,16.79,123.13,170.45,0.0021,0.0016,0.98,3.05,1.06,12.59,0.6,69159,19.7,5734,degrading
473.18,57.3,987.78,1612.03,0.0595,0.0365,3.84,1.08,9.47,35.07,1.01,42202,60.6,14035,congested
60.0,4.37,88.28,119.79,0.0,0.0,0.26,4.9,-0.41,4.54,0.0,132400,4.8,20217,stable
60.0,18.67,110.27,152.58,0.0014,0.0009,0.61,2.76,2.63,11.85,0.44,99856,10.2,16760,degrading
32.33,2.02,51.34,64.6,0.0,0.0,0.27,4.81,-0.07,2.31,0.16,422795,3.7,31164,stable
118.05,8.58,224.51,252.2,0.0094,0.0012,0.87,3.28,2.87,6.23,0.31,106757,19.1,13849,degrading
41.9,2.06,59.61,72.56,0.0,0.0,0.3,3.84,0.16,3.44,0.27,162544,3.8,28845,stable
39.58,6.14,62.68,74.14,0.0,0.0,0.04,4.93,-0.17,3.65,0.2,424778,4.7,16333,stable
60.0,5.57,84.72,118.42,0.0,0.0,0.02,4.93,-0.3,3.64,0.27,199154,4.7,20045,stable
60.0,9.13,102.21,127.72,0.0014,0.0007,1.05,3.24,2.17,9.18,0.54,69371,14.3,15671,degrading
90.77,16.54,168.67,206.17,0.0021,0.0017,0.79,3.18,1.41,7.09,0.44,50901,17.4,11819,degrading
99.99,17.16,193.48,220.09,0.0018,0.0014,0.93,3.45,0.72,7.42,0.34,100907,11.8,21942,degrading
120.0,10.15,215.67,318.11,0.0016,0.0013,0.48,2.82,0.97,13.77,0.3,112354,19.1,28603,degrading
47.94,7.86,74.27,79.77,0.0,0.0,0.26,3.99,0.32,4.98,0.24,238457,3.6,27162,stable
32.08,4.03,50.71,63.04,0.0,0.0,0.14,4.44,0.06,3.97,0.01,325981,0.4,21269,stable
286.05,50.37,653.0,996.1,0.057,0.0422,3.33,1.73,3.95,44.82,1.07,20665,72.1,6388,congested
103.54,17.37,195.18,275.6,0.0023,0.0012,0.96,3.4,2.55,10.37,0.79,102973,13.0,5175,degrading
25.1,2.68,39.28,46.34,0.0,0.0,0.27,4.2,-0.26,4.78,0.19,356050,3.7,4723,stable
120.0,10.18,226.09,244.69,0.0028,0.0009,1.0,2.78,2.03,8.63,0.66,119248,6.4,25403,degrading
230.27,59.88,478.74,731.14,0.0582,0.0362,3.41,0.51,8.13,43.09,0.68,38183,34.5,14237,congested
32.95,4.48,43.86,65.49,0.0,0.0,0.04,4.14,-0.49,2.85,0.11,348642,0.5,9869,stable
52.7,7.05,80.32,105.24,0.0,0.0,0.02,3.62,-0.2,3.06,0.06,117926,4.8,47690,stable
379.43,70.19,867.8,1680.14,0.0597,0.0358,1.64,1.56,8.18,38.89,0.66,32522,81.2,8806,congested
36.36,3.96,54.07,59.0,0.0,0.0,0.06,3.98,0.09,1.29,-0.04,129298,4.1,37868,stable
21.81,2.92,31.32,42.53,0.0,0.0,0.23,4.91,-0.1,1.83,0.12,144297,1.4,11186,stable
38.77,6.77,50.8,71.06,0.0,0.0,0.27,4.5,0.33,4.52,0.13,306978,2.2,16530,stable
92.35,8.24,176.64,211.78,0.0025,0.002,1.14,2.5,1.38,8.7,0.22,131726,15.3,16078,degrading
44.2,7.0,59.49,81.87,0.0,0.0,0.29,4.79,0.23,4.73,0.04,460351,1.6,36907,stable
1111.57,261.37,3080.77,5066.57,0.2571,0.1644,6.62,1.06,15.81,143.78,1.05,6170,256.0,1229,critical
1111.01,212.76,3574.14,5275.73,0.2105,0.1684,9.84,0.17,15.95,113.64,1.95,3477,217.8,814,critical
34.96,3.44,50.86,63.9,0.0,0.0,0.09,4.01,0.44,1.66,-0.08,281622,4.0,38811,stable
73.5,10.12,115.62,196.63,0.0016,0.0012,0.75,3.14,1.26,9.8,0.34,102771,16.8,2276,degrading
219.29,49.84,647.94,710.81,0.0515,0.0412,1.99,1.27,9.97,38.54,1.16,43930,112.2,3026,congested
1176.02,152.71,4124.61,5842.28,0.2209,0.1767,4.01,0.26,11.72,71.01,1.4,9968,197.4,562,critical
29.2,2.63,41.13,50.21,0.0001,0.0,0.17,4.98,0.29,2.52,0.13,349323,4.1,37086,stable
40.53,5.64,59.34,68.61,0.0,0.0,0.22,4.54,0.49,1.51,-0.06,389735,2.9,14433,stable
45.98,6.3,72.61,85.19,0.0001,0.0,0.0,3.66,0.48,1.15,0.01,319398,0.9,12370,stable
233.13,48.77,518.14,993.26,0.057,0.0393,2.81,2.43,6.1,31.41,1.99,19195,45.6,6854,congested
22.76,5.24,33.51,41.68,0.0,0.0,0.05,4.98,-0.18,1.44,-0.05,224137,0.2,26062,stable
63.69,17.88,120.12,146.05,0.0078,0.0018,1.05,2.76,0.81,14.48,0.62,67705,17.3,23720,degrading
32.91,6.63,42.98,65.26,0.0,0.0,0.06,3.58,0.02,2.39,0.12,478602,0.7,1096,stable
71.27,9.44,109.23,173.41,0.0015,0.0012,0.47,2.62,2.99,9.48,0.3,139455,8.5,27804,degrading
36.93,6.02,55.14,62.69,0.0,0.0,0.28,4.86,0.03,1.88,0.22,185485,1.3,12429,stable
38.14,3.23,58.06,71.81,0.0,0.0,0.26,4.26,0.03,3.34,0.21,291388,2.1,15128,stable
1179.02,213.32,4553.88,4829.91,0.21,0.1575,8.59,1.01,13.48,124.53,1.57,2004,141.4,845,critical
60.0,5.93,86.95,96.77,0.0001,0.0001,0.25,4.74,-0.12,3.36,0.19,196482,0.8,48632,stable
72.76,15.53,140.65,173.22,0.0031,0.0021,0.84,2.81,1.16,14.56,0.42,106474,13.0,2329,degrading
120.0,9.16,223.46,263.55,0.0025,0.0011,0.8,2.64,1.17,10.3,0.36,108849,5.2,29210,degrading
38.47,7.28,56.26,75.5,0.0,0.0,0.23,4.45,0.48,3.74,0.29,122955,0.7,23121,stable
32.12,5.55,49.71,55.87,0.0,0.0,0.21,4.76,0.2,3.72,0.15,401086,0.8,44162,stable
38.11,4.92,49.6,70.88,0.0,0.0,0.18,3.78,-0.0,2.48,0.22,228195,2.3,36342,stable
25.77,6.36,39.48,50.72,0.0,0.0,0.14,3.66,-0.37,2.85,0.19,433499,2.7,24262,stable
101.55,13.89,172.51,280.38,0.0013,0.001,0.34,2.71,1.33,5.71,0.31,123684,15.3,23210,degrading
37.57,4.76,59.07,73.23,0.0,0.0,0.21,3.53,-0.35,3.84,0.18,356465,2.4,34070,stable
54.41,3.5,84.01,89.87,0.0001,0.0,0.01,4.96,0.32,1.29,0.08,354007,1.0,29321,stable
72.01,16.05,128.1,200.92,0.0013,0.001,1.07,3.11,2.53,6.76,0.74,55831,10.6,917,degrading
213.49,59.82,547.52,876.96,0.0576,0.0346,2.71,1.23,5.41,27.21,0.59,23018,49.6,13345,congested
53.82,7.96,74.84,106.15,0.0,0.0,0.03,3.87,0.18,4.58,0.07,324164,1.1,21198,stable
81.32,19.55,160.39,196.44,0.0023,0.0017,0.48,2.92,1.33,10.35,0.69,148227,8.8,3641,degrading
60.0,9.58,93.42,167.68,0.0017,0.0007,1.1,2.71,0.66,6.19,0.45,79934,6.1,13918,degrading
342.51,67.16,1005.28,1310.31,0.0714,0.0462,4.04,2.11,3.26,25.79,1.97,22440,38.3,8910,congested
1292.65,151.18,3231.82,5956.23,0.2157,0.1725,6.84,0.7,19.26,70.67,2.69,13509,460.1,2420,critical
58.24,6.63,85.05,104.96,0.0,0.0,0.2,4.23,-0.49,1.44,0.18,125468,4.3,16254,stable
107.85,14.27,214.78,281.62,0.0023,0.0011,0.54,2.82,2.45,13.67,0.22,110515,14.5,22250,degrading
414.96,23.99,1223.64,1532.52,0.0571,0.0422,1.99,1.11,7.38,47.88,1.35,61297,29.4,7887,congested
22.16,3.64,35.16,43.91,0.0,0.0,0.23,4.01,0.13,1.77,-0.04,475225,4.6,44485,stable
105.07,12.62,164.01,211.22,0.0014,0.0012,0.45,3.25,0.95,10.59,0.25,54732,12.0,3597,degrading
120.0,13.89,196.04,280.62,0.0013,0.0011,0.77,3.33,2.03,11.19,0.28,147856,12.9,3526,degrading
26.24,3.17,38.14,46.59,0.0,0.0,0.02,4.61,0.25,3.6,0.19,135186,3.6,7697,stable
72.85,15.0,113.8,176.72,0.0014,0.0012,0.49,2.51,0.73,6.9,0.33,124204,10.8,10073,degrading
46.13,6.38,65.02,85.63,0.0,0.0,0.02,4.65,0.2,2.33,0.17,258374,3.8,23254,stable
49.04,3.22,66.51,88.06,0.0,0.0,0.02,4.79,0.28,1.98,0.21,105057,1.1,4191,stable
198.76,72.17,528.93,639.56,0.0695,0.0367,3.39,1.53,5.16,28.67,0.77,12325,35.5,294,congested
1080.14,111.32,2943.74,4334.2,0.2233,0.1667,5.7,0.08,13.87,71.01,1.91,24046,357.6,3329,critical
91.54,10.95,138.1,204.49,0.0022,0.0018,1.01,2.88,1.85,7.31,0.55,123069,8.0,10626,degrading
51.45,3.17,72.21,89.22,0.0,0.0,0.05,4.68,0.23,2.54,-0.09,435598,0.1,35481,stable
228.25,77.59,484.04,1002.81,0.0585,0.0425,3.71,2.18,3.17,32.24,0.55,71130,36.1,972,congested
46.43,6.39,68.69,77.18,0.0,0.0,0.06,3.96,0.02,2.73,0.02,344741,0.7,15315,stable
83.12,12.57,146.72,171.93,0.0015,0.0012,0.84,3.33,1.9,6.65,0.6,53014,17.6,27684,degrading
387.09,23.08,966.65,1711.79,0.0635,0.0325,2.5,1.98,3.51,26.73,1.65,65637,51.9,14408,congested
95.95,19.21,164.91,196.26,0.0033,0.0015,0.37,3.46,1.89,9.48,0.5,117045,17.9,20341,degrading
29.4,2.48,44.88,47.15,0.0,0.0,0.08,4.79,-0.13,1.07,0.06,361808,1.3,22167,stable
34.02,5.26,53.66,63.04,0.0001,0.0,0.07,4.33,-0.34,3.32,0.14,267360,1.9,13027,stable
28.29,3.98,41.04,48.47,0.0,0.0,0.03,3.9,-0.43,3.41,0.3,140326,4.1,6821,stable
256.93,59.84,602.63,948.88,0.0657,0.0359,4.61,1.98,4.87,28.91,0.58,10436,62.5,10946,congested
54.09,7.21,79.82,108.1,0.0,0.0,0.09,4.37,-0.07,1.77,0.22,124895,4.2,14471,stable
60.22,18.04,98.8,134.45,0.0049,0.0012,0.42,3.43,0.57,14.08,0.53,121004,9.5,5627,degrading
51.13,5.44,74.02,96.81,0.0,0.0,0.25,3.61,-0.15,4.29,0.16,215983,4.2,25171,stable
249.62,64.74,597.29,946.26,0.0591,0.0337,4.75,0.88,7.58,46.71,1.21,33473,110.6,3942,congested
42.19,7.15,58.89,67.96,0.0,0.0,0.01,4.11,0.17,1.69,-0.05,256084,1.4,32805,stable
60.0,2.25,82.78,110.44,0.0001,0.0,0.25,4.55,0.21,2.85,0.27,377838,3.6,43222,stable
53.98,3.22,78.13,94.32,0.0001,0.0,0.2,3.84,0.01,4.65,0.1,162929,3.1,30017,stable
60.85,18.14,103.16,157.38,0.0033,0.0026,0.55,2.73,1.91,6.97,0.43,112869,9.3,11575,degrading
327.3,79.91,655.16,1319.06,0.0599,0.0346,3.47,2.23,9.85,36.1,1.28,68836,38.8,9487,congested
58.15,4.17,90.59,102.49,0.0,0.0,0.19,3.84,0.05,2.49,0.16,156489,2.9,10078,stable
34.77,3.62,49.73,62.41,0.0,0.0,0.15,3.96,0.41,3.21,0.21,469695,0.8,21965,stable
114.87,15.61,189.18,304.35,0.0013,0.001,0.34,2.56,1.39,10.38,0.4,135693,7.5,11256,degrading
31.92,5.81,49.14,56.13,0.0,0.0,0.08,4.98,-0.36,1.81,-0.03,457595,3.3,8453,stable
35.1,3.69,54.82,57.74,0.0,0.0,0.09,3.95,0.24,1.19,0.26,440905,3.3,30067,stable
22.35,2.05,34.53,36.76,0.0,0.0,0.11,4.18,0.34,1.35,0.14,331286,2.1,41658,stable
1382.59,84.4,4728.12,5608.05,0.2118,0.1694,8.2,0.95,10.64,135.17,1.24,18713,284.3,1674,critical
70.11,9.25,120.41,179.23,0.0027,0.0022,0.74,2.71,2.62,8.94,0.36,99041,17.8,7373,degrading
415.42,49.5,975.11,1543.04,0.0637,0.0404,2.67,0.79,3.05,37.68,1.1,15577,47.9,7084,congested
39.45,7.76,62.39,77.37,0.0,0.0,0.1,4.55,-0.21,3.0,0.23,162710,4.9,4440,stable
294.44,35.38,678.86,1154.11,0.0512,0.0362,4.5,1.62,8.36,21.33,1.12,60078,48.9,6863,congested
969.19,167.57,3517.47,3981.07,0.2142,0.1689,9.03,0.99,15.06,78.66,1.89,21399,222.2,2981,critical
40.52,2.48,55.2,67.19,0.0,0.0,0.15,4.46,-0.09,2.38,-0.01,408213,3.5,18675,stable
87.41,10.15,138.72,226.13,0.0024,0.0014,0.94,2.91,2.4,11.4,0.42,93224,15.6,16275,degrading
40.94,5.52,62.38,72.57,0.0,0.0,0.05,3.87,-0.34,1.75,0.01,169349,4.5,4931,stable
117.98,18.84,192.85,262.12,0.0044,0.0025,1.16,3.4,0.67,10.21,0.52,55697,5.6,650,degrading
39.76,5.76,51.7,75.76,0.0,0.0,0.22,3.66,0.48,3.92,0.24,119260,2.5,35231,stable
104.73,10.81,159.91,213.85,0.0014,0.0011,0.94,3.49,1.99,13.61,0.7,144026,15.8,6786,degrading
26.52,7.89,39.36,50.85,0.0,0.0,0.16,4.61,0.01,2.69,0.06,110578,1.7,48824,stable
40.95,6.09,63.8,71.66,0.0001,0.0,0.24,3.73,0.04,4.07,0.3,453758,4.3,13125,stable
1243.12,163.62,4426.69,6408.77,0.2299,0.1579,4.54,0.16,16.29,53.28,2.84,12918,448.4,4126,critical
264.56,44.28,608.25,883.03,0.0666,0.0345,4.44,1.57,3.94,20.46,1.22,53214,117.9,12486,congested
41.0,5.32,64.05,77.49,0.0,0.0,0.05,4.5,0.18,2.15,-0.09,179938,2.0,9210,stable
23.22,3.52,35.5,43.54,0.0001,0.0,0.06,4.37,0.01,2.59,-0.05,266683,0.4,5839,stable
32.06,2.83,45.51,63.86,0.0001,0.0,0.09,3.63,0.44,2.51,0.13,416801,1.6,36092,stable
52.36,5.2,69.04,88.15,0.0,0.0,0.18,4.97,0.14,1.12,0.19,462187,4.0,29607,stable
29.6,6.21,43.51,54.32,0.0,0.0,0.18,3.78,0.2,1.28,0.01,367345,1.6,3442,stable
30.09,7.45,43.87,54.96,0.0,0.0,0.01,4.41,0.02,4.13,-0.09,412338,2.6,19155,stable
73.87,10.89,142.82,192.16,0.0019,0.0008,1.17,2.51,1.81,9.53,0.45,100383,11.1,10648,degrading
45.48,4.54,66.84,79.42,0.0001,0.0,0.03,4.72,0.22,3.92,-0.06,387104,3.4,41715,stable
82.57,17.68,151.68,179.65,0.0066,0.004,1.13,3.19,2.05,11.44,0.44,148440,7.0,22304,degrading
113.77,15.73,196.1,268.41,0.0013,0.0011,1.17,3.24,2.77,6.13,0.27,65460,15.5,11996,degrading
21.85,5.44,29.25,38.05,0.0001,0.0,0.11,4.43,-0.39,2.25,0.07,163784,2.5,5175,stable
26.09,6.37,40.3,42.29,0.0001,0.0,0.04,3.91,0.13,4.91,-0.05,157083,1.8,41974,stable
71.8,9.41,128.34,177.76,0.0034,0.0011,1.17,2.93,2.98,8.23,0.24,107245,18.0,18715,degrading
94.69,12.12,157.19,228.47,0.0012,0.001,0.3,2.58,2.51,12.39,0.36,109475,13.0,16049,degrading
60.0,7.56,88.68,112.11,0.0,0.0,0.29,3.99,-0.02,3.82,0.26,297480,0.5,19064,stable
220.23,24.43,533.09,927.99,0.0569,0.0319,4.57,1.98,5.49,30.7,1.46,25387,90.2,9781,congested
33.52,6.68,45.59,54.7,0.0,0.0,0.02,4.67,0.35,4.2,0.1,193160,4.2,36630,stable
2000.0,262.31,7590.64,10215.08,0.2102,0.154,8.18,0.6,9.71,142.74,2.17,19590,325.2,936,critical
33.34,3.82,47.69,65.28,0.0001,0.0,0.13,4.52,0.27,2.9,-0.01,409323,1.6,9580,stable
117.98,15.05,204.8,327.77,0.0039,0.0028,0.52,2.92,1.03,9.17,0.72,147707,13.7,4807,degrading
371.54,50.96,916.06,1568.91,0.0605,0.0395,4.43,1.35,6.73,20.53,1.17,11157,103.8,3181,congested
60.0,7.08,78.17,105.67,0.0,0.0,0.21,4.79,-0.35,2.81,0.06,374985,1.2,32372,stable
34.93,3.83,51.78,61.75,0.0,0.0,0.22,3.87,0.33,3.45,-0.01,360815,1.2,13996,stable
60.0,6.16,85.32,114.77,0.0,0.0,0.22,3.91,0.07,1.97,0.24,292223,3.2,39910,stable
442.62,47.18,1277.5,1462.76,0.0596,0.0438,1.93,0.73,6.39,41.07,0.81,26343,51.6,12185,congested
316.48,37.91,664.42,1357.32,0.0609,0.0487,2.28,1.59,5.48,47.25,1.16,30067,25.7,2267,congested
120.0,18.92,190.0,266.58,0.0074,0.0011,0.74,3.43,1.92,10.3,0.63,65229,7.2,10689,degrading
25.7,6.81,36.05,45.69,0.0,0.0,0.23,3.87,0.04,4.97,0.24,138946,3.5,17933,stable
114.38,17.68,211.24,270.01,0.0041,0.0025,0.37,2.58,2.66,7.31,0.27,85258,15.7,10519,degrading
41.19,2.61,61.25,71.77,0.0,0.0,0.18,3.69,-0.07,1.64,0.18,403547,0.5,25800,stable
30.81,2.59,42.54,49.65,0.0,0.0,0.1,4.56,0.46,4.92,0.16,177439,0.6,47356,stable
34.91,6.93,54.3,58.82,0.0001,0.0,0.2,4.61,-0.18,3.58,0.06,385282,1.0,44620,stable
120.0,18.05,234.98,300.1,0.0019,0.0016,0.81,3.32,2.81,10.19,0.64,116241,15.1,15753,degrading
323.33,20.79,894.37,1293.47,0.0649,0.0427,1.6,0.82,7.65,28.01,1.05,37486,99.6,10515,congested
231.41,25.43,610.41,1011.14,0.0518,0.0368,4.61,2.39,3.01,26.7,1.44,31582,85.6,10752,congested
85.11,8.65,138.35,182.22,0.0041,0.001,1.19,3.07,1.16,8.73,0.59,120137,18.3,27310,degrading
80.06,14.72,144.19,182.65,0.004,0.0011,0.49,3.43,2.13,10.18,0.21,60361,16.8,11997,degrading
369.71,68.75,862.97,1115.4,0.0529,0.0424,3.07,2.06,9.68,17.63,1.56,23401,23.4,5088,congested
60.0,7.86,95.23,97.45,0.0,0.0,0.09,4.86,0.37,3.23,0.03,217355,0.2,40975,stable
837.08,120.91,2558.89,4948.33,0.2122,0.1648,4.62,0.25,12.61,125.57,2.35,13337,126.9,4774,critical
28.13,4.0,40.81,45.16,0.0,0.0,0.2,4.51,-0.49,4.94,0.25,458042,3.3,17894,stable
1110.74,252.82,3192.64,6205.38,0.2189,0.1721,5.68,0.24,9.25,149.28,2.68,9888,393.7,4989,critical
1296.0,289.13,4218.98,6462.44,0.2062,0.1594,3.64,0.35,5.06,116.26,2.67,26506,546.1,2024,critical
809.41,251.87,2642.68,3796.03,0.2133,0.1706,5.39,1.08,13.62,35.54,2.48,23262,470.1,3086,critical
561.13,76.45,1644.25,2668.58,0.2018,0.1615,9.05,0.37,18.24,129.91,1.17,3727,425.5,2002,critical
1793.69,244.97,4941.56,10112.78,0.2215,0.1772,6.04,1.08,16.72,72.51,1.23,14357,469.3,3429,critical
78.02,15.2,118.92,184.3,0.0041,0.0021,0.73,2.85,0.79,10.52,0.28,141502,18.0,14518,degrading
40.23,3.77,55.74,77.12,0.0,0.0,0.25,4.0,-0.06,3.46,-0.07,479282,2.9,25883,stable
80.21,10.7,135.62,216.08,0.0027,0.0022,1.13,2.53,1.86,14.85,0.57,105486,15.2,9034,degrading
31.82,5.36,45.79,56.76,0.0,0.0,0.02,4.13,-0.49,3.65,0.1,150732,2.7,45022,stable
49.28,7.28,70.47,86.96,0.0,0.0,0.28,3.7,-0.0,1.86,-0.08,230201,0.7,35786,stable
34.5,6.37,51.04,67.8,0.0,0.0,0.15,3.73,0.28,2.1,-0.06,194083,1.8,2730,stable
36.18,5.5,56.17,60.5,0.0,0.0,0.19,3.91,-0.27,2.0,0.19,227726,1.4,2101,stable
27.0,5.68,40.96,51.01,0.0,0.0,0.24,4.11,-0.47,1.23,0.24,484240,3.4,18854,stable
118.82,11.1,181.53,260.93,0.0038,0.003,1.17,3.24,0.99,7.85,0.77,72098,11.6,10990,degrading
32.29,3.05,46.05,61.91,0.0001,0.0,0.28,4.31,0.27,1.36,-0.02,300852,0.1,13389,stable
36.78,3.5,53.5,66.73,0.0,0.0,0.11,4.26,0.44,4.51,-0.06,257092,2.8,25653,stable
34.05,5.82,53.75,65.98,0.0001,0.0,0.26,4.32,-0.43,3.03,0.22,311552,0.8,22807,stable
25.22,4.05,36.12,47.48,0.0,0.0,0.13,3.8,0.05,1.46,-0.09,120452,4.8,7972,stable
274.29,35.28,757.03,1136.02,0.0555,0.0328,2.15,1.63,7.34,42.19,0.56,22214,97.7,8024,congested
654.91,105.71,2168.26,3310.5,0.2303,0.1842,6.71,0.76,7.31,126.15,2.73,16111,429.8,4100,critical
32.61,7.4,46.78,55.76,0.0,0.0,0.08,4.65,0.39,1.89,0.09,288129,4.4,38377,stable
281.97,64.88,591.94,1129.97,0.0518,0.0414,1.37,2.37,7.21,33.71,0.86,57896,119.5,5017,congested
46.91,3.89,67.69,90.75,0.0,0.0,0.1,3.65,-0.14,1.18,0.06,322195,4.9,41101,stable
341.31,46.87,797.56,1279.36,0.061,0.0341,3.99,0.86,8.92,16.79,1.26,27787,56.2,11379,congested
23.63,6.06,37.3,39.14,0.0,0.0,0.28,3.62,0.01,4.07,0.14,109277,4.9,15614,stable
89.92,18.69,175.51,187.95,0.0039,0.0021,1.0,2.81,2.05,8.62,0.25,102479,9.6,2603,degrading
64.32,17.07,100.17,163.83,0.0035,0.0017,1.12,2.74,2.24,7.43,0.26,145374,6.9,20742,degrading
28.96,7.3,38.28,55.94,0.0,0.0,0.1,4.84,-0.48,4.1,0.0,253318,2.1,15931,stable
29.88,2.17,45.75,58.35,0.0,0.0,0.26,3.68,-0.29,4.88,0.25,194090,3.1,18769,stable
271.26,76.22,808.27,981.98,0.0677,0.0448,4.63,1.34,7.0,42.56,0.87,17235,88.2,5620,congested
36.29,6.59,56.02,68.48,0.0001,0.0,0.09,3.96,0.3,3.16,0.02,344133,3.6,14358,stable
56.08,7.13,80.73,104.56,0.0001,0.0,0.09,4.69,-0.1,3.66,0.27,108250,0.1,38743,stable
2000.0,152.49,5386.76,9070.79,0.2227,0.1507,7.26,1.1,13.49,33.57,1.02,29038,358.1,954,critical
323.47,25.37,830.72,980.82,0.0517,0.0413,2.48,0.71,4.78,28.55,1.01,44691,68.8,11057,congested
25.49,7.73,37.56,47.86,0.0,0.0,0.0,4.83,0.39,3.17,-0.05,368722,0.7,25869,stable
115.04,16.87,212.6,264.56,0.0016,0.0013,0.38,2.99,0.64,9.48,0.63,92125,5.0,11393,degrading
100.7,8.61,176.09,229.33,0.0019,0.0015,0.5,3.1,2.14,12.26,0.79,96803,10.5,25640,degrading
79.57,13.19,147.6,177.08,0.0024,0.0012,0.51,2.92,0.56,9.19,0.43,144949,10.4,25126,degrading
36.37,4.23,57.01,67.11,0.0,0.0,0.04,3.88,0.18,2.54,0.15,314521,2.7,13178,stable
37.54,2.52,55.1,67.62,0.0,0.0,0.11,3.58,0.25,4.82,-0.0,229409,0.9,29269,stable
418.01,25.58,980.53,1433.35,0.057,0.0336,3.14,0.58,8.03,19.96,0.82,49373,109.1,407,congested
60.0,11.58,93.2,133.91,0.0012,0.001,0.42,2.98,0.62,12.22,0.22,99543,15.1,7507,degrading
30.15,4.9,40.53,49.91,0.0,0.0,0.25,4.54,-0.04,1.12,0.01,391558,2.6,22341,stable
87.82,13.16,155.12,226.03,0.0028,0.0013,1.16,3.34,1.66,7.26,0.73,113824,11.1,3793,degrading
63.99,9.53,99.84,162.18,0.0013,0.0011,1.08,3.14,0.85,7.58,0.58,141194,18.4,11095,degrading
2000.0,186.49,5941.23,8645.65,0.2286,0.1766,7.26,0.48,10.59,110.62,1.29,29426,445.0,814,critical
96.88,14.51,180.13,266.24,0.0019,0.0015,0.88,2.9,2.75,9.35,0.32,147698,11.6,6638,degrading
398.75,56.55,972.27,1767.75,0.063,0.0316,4.85,0.54,5.15,46.48,0.55,76985,58.8,1810,congested
310.21,32.63,680.65,975.23,0.053,0.0424,3.72,1.48,5.1,41.6,1.83,47576,24.3,4150,congested
1135.41,134.7,4371.36,4687.67,0.2056,0.1645,9.11,0.1,19.77,97.85,2.82,5327,436.0,2297,critical
48.22,5.95,76.84,79.31,0.0,0.0,0.15,3.59,0.06,4.19,-0.05,129084,0.9,37558,stable
93.01,12.92,157.47,207.89,0.0026,0.0011,0.57,2.88,1.69,12.91,0.29,65705,8.0,2067,degrading
30.36,2.11,40.98,59.4,0.0,0.0,0.12,3.85,-0.28,4.84,0.15,322751,2.1,22018,stable
30.03,6.49,44.46,52.42,0.0,0.0,0.0,3.96,-0.44,2.27,0.06,468344,0.4,39079,stable
60.0,10.85,104.5,121.71,0.0034,0.0027,0.89,3.08,0.97,9.1,0.61,79765,12.6,8018,degrading
34.11,5.4,50.79,55.27,0.0001,0.0,0.11,4.08,-0.38,3.72,-0.0,351547,1.1,20005,stable
37.16,7.03,50.19,62.4,0.0001,0.0,0.12,4.39,-0.22,4.38,0.29,148061,0.1,39699,stable
114.87,19.32,207.96,310.91,0.0014,0.0011,1.02,2.94,2.5,5.45,0.78,117103,5.7,637,degrading
103.52,19.3,178.91,241.5,0.0054,0.0017,0.71,2.84,1.42,10.79,0.61,51265,18.1,11247,degrading
42.25,2.11,64.41,73.27,0.0,0.0,0.29,4.65,-0.3,4.91,0.27,165266,2.8,28220,stable
98.79,14.27,181.81,220.23,0.0026,0.0021,1.08,3.14,0.52,7.96,0.45,115281,10.9,24920,degrading
74.22,16.13,141.86,168.36,0.0023,0.0018,0.32,2.57,1.86,13.39,0.24,61318,5.1,8827,degrading
1820.48,148.3,7243.63,8945.97,0.2439,0.1619,6.17,0.4,11.42,142.58,2.58,6848,440.3,2902,critical
60.0,10.34,101.53,150.3,0.0051,0.0014,0.69,2.91,2.64,6.68,0.56,132186,15.7,29508,degrading
40.78,4.05,63.79,81.47,0.0,0.0,0.01,4.59,0.15,3.6,0.07,106270,3.4,41644,stable
31.8,2.01,50.85,53.56,0.0001,0.0,0.14,4.76,0.35,4.38,0.14,290782,1.6,1164,stable
47.35,3.43,68.01,81.88,0.0001,0.0,0.13,3.51,0.44,1.06,0.16,229156,2.4,27816,stable
34.54,4.48,49.56,58.41,0.0,0.0,0.13,4.45,-0.4,1.36,0.09,460081,3.2,33791,stable
43.11,5.74,63.2,72.66,0.0,0.0,0.26,3.61,-0.37,4.58,0.07,133383,0.7,44239,stable
68.66,10.67,111.78,139.15,0.0029,0.0013,1.11,3.25,1.11,12.02,0.65,104310,17.1,2602,degrading
47.2,3.22,69.68,88.75,0.0,0.0,0.25,3.78,0.17,4.91,-0.06,103327,2.2,5538,stable
60.0,4.14,80.5,109.69,0.0,0.0,0.27,4.28,0.06,2.47,0.06,473240,1.1,6951,stable
1276.59,117.4,3639.47,7218.98,0.2114,0.1691,5.03,0.12,18.77,115.94,0.96,9628,409.4,1053,critical
64.54,13.64,110.67,178.78,0.0017,0.0013,1.14,3.44,1.36,8.12,0.64,115409,10.9,7245,degrading
51.56,5.92,71.98,87.51,0.0001,0.0,0.23,4.16,-0.35,4.23,0.08,130124,3.6,15300,stable
42.62,5.21,55.61,72.47,0.0,0.0,0.27,4.18,-0.22,4.67,0.06,301361,1.6,33479,stable
101.53,15.77,192.83,205.05,0.0017,0.0009,1.06,2.94,1.62,12.72,0.5,76664,19.9,18796,degrading
35.92,3.76,52.52,62.02,0.0001,0.0,0.08,3.99,0.43,3.71,0.23,208444,2.7,48598,stable
120.0,12.92,233.44,251.48,0.0028,0.0022,0.81,2.71,1.66,9.81,0.34,66379,10.3,1646,degrading
47.9,5.39,74.16,84.49,0.0,0.0,0.1,3.75,0.41,2.08,0.08,457896,2.8,46709,stable
60.0,2.06,79.93,109.99,0.0,0.0,0.21,3.62,0.41,3.09,0.26,460644,1.0,19648,stable
101.2,8.98,182.52,243.49,0.0024,0.0012,0.9,2.69,1.64,10.49,0.48,89750,16.1,19854,degrading
69.62,10.41,127.29,190.58,0.0035,0.0007,0.89,2.8,0.71,6.27,0.7,62135,10.0,8985,degrading
70.59,15.28,125.99,180.69,0.0046,0.0018,0.97,3.2,0.74,8.87,0.37,89842,14.7,6191,degrading
27.33,7.74,38.24,54.25,0.0001,0.0,0.0,3.83,-0.22,2.77,-0.03,449301,3.5,5174,stable
32.87,7.19,51.37,64.57,0.0001,0.0,0.15,3.89,0.45,1.24,0.01,457243,2.4,30404,stable
38.24,3.84,50.11,66.12,0.0,0.0,0.14,4.64,-0.29,3.84,-0.09,267573,3.9,17597,stable
860.09,69.02,2646.33,4661.44,0.2062,0.165,3.21,0.8,7.96,126.83,1.39,12630,338.5,3053,critical
901.8,97.66,3411.76,4195.31,0.2202,0.1544,7.31,1.09,14.73,69.91,1.01,15117,371.1,2785,critical
37.78,6.16,58.61,74.72,0.0,0.0,0.2,4.09,0.15,1.43,0.16,499765,0.2,48881,stable
60.0,2.78,90.26,104.94,0.0,0.0,0.16,4.19,0.4,4.63,0.23,250119,3.6,20369,stable
400.46,68.08,1177.04,1783.77,0.0608,0.0487,4.29,2.0,5.58,29.68,1.84,61287,89.0,10704,congested
107.53,10.61,205.88,236.61,0.0069,0.0011,1.08,2.55,2.89,5.77,0.63,70717,17.6,25939,degrading
39.65,7.3,59.79,73.33,0.0,0.0,0.11,4.12,0.19,1.56,0.25,101908,4.9,9214,stable
113.84,17.5,189.66,306.44,0.0025,0.002,0.64,3.19,0.6,11.25,0.66,51277,16.2,4341,degrading
41.75,7.55,56.52,81.9,0.0,0.0,0.2,4.05,-0.44,4.32,-0.03,248903,3.0,24630,stable
97.2,13.79,187.64,213.08,0.0041,0.0019,0.36,2.84,1.19,5.02,0.61,73593,7.5,24039,degrading
60.0,2.63,80.05,116.38,0.0001,0.0,0.1,4.7,0.32,3.46,0.02,284650,3.5,4396,stable
48.18,3.46,70.29,87.8,0.0001,0.0,0.17,4.53,0.48,2.54,0.19,243811,4.3,43043,stable
60.0,14.5,95.82,150.08,0.0011,0.0008,0.78,3.25,0.88,14.2,0.36,76275,17.2,10352,degrading
60.0,2.24,92.39,111.07,0.0,0.0,0.15,4.43,-0.13,2.85,0.2,114673,1.3,35954,stable
26.53,4.01,37.22,46.67,0.0001,0.0,0.08,3.98,0.05,4.1,0.06,477902,4.1,49255,stable
60.0,13.9,101.27,163.65,0.0024,0.0019,0.78,2.8,2.31,14.37,0.63,85531,14.0,26711,degrading
120.0,15.92,220.25,270.81,0.0027,0.0022,0.76,3.24,1.82,5.97,0.71,137048,9.0,23699,degrading
95.59,12.8,155.51,258.23,0.0019,0.0015,0.68,2.82,0.92,6.56,0.57,54708,13.9,23352,degrading
156.07,47.79,449.34,511.54,0.0643,0.0396,2.53,1.14,5.67,29.84,0.88,43131,97.9,9404,congested
267.35,65.83,673.46,1101.8,0.0538,0.0358,3.86,1.51,6.96,38.72,0.54,10869,37.8,10802,congested
68.7,13.29,127.43,173.67,0.0018,0.0014,0.86,2.67,1.51,10.1,0.41,72615,8.8,17763,degrading
26.93,7.79,42.14,47.5,0.0,0.0,0.19,4.14,0.19,3.99,0.21,300919,4.0,2248,stable
48.89,7.82,69.97,82.81,0.0001,0.0,0.05,4.7,0.05,2.59,-0.05,446118,0.8,16179,stable
291.93,47.79,826.98,1016.87,0.0552,0.0441,4.22,1.39,5.08,25.29,1.37,72652,81.9,9342,congested
40.38,2.49,60.62,75.05,0.0,0.0,0.23,3.59,0.34,4.77,0.17,185186,1.8,24384,stable
51.4,3.22,79.88,88.03,0.0,0.0,0.19,3.68,0.01,4.94,-0.01,388911,2.2,32970,stable
281.92,34.53,793.29,1254.71,0.0585,0.0313,2.62,2.28,6.76,46.44,1.49,15543,63.5,2728,congested
31.33,6.4,50.09,60.4,0.0,0.0,0.08,4.65,0.35,4.12,0.15,305586,3.5,20150,stable
161.95,32.85,450.64,705.41,0.0577,0.0382,2.39,1.03,4.21,23.78,1.8,63923,24.4,2300,congested
40.56,4.05,60.43,80.02,0.0,0.0,0.01,4.81,0.47,4.88,0.2,152034,3.8,2204,stable
1029.66,144.65,2796.9,5781.14,0.236,0.1697,4.58,0.42,5.14,67.89,2.0,1559,347.2,4000,critical
27.16,5.83,42.81,53.36,0.0001,0.0,0.04,4.59,0.03,2.54,0.15,408942,4.7,13970,stable
120.0,8.88,234.2,274.19,0.0034,0.0018,0.99,3.32,1.34,9.83,0.45,109351,7.3,24267,degrading
72.94,18.0,111.5,153.35,0.0039,0.0011,1.01,3.19,1.02,13.39,0.72,138243,9.1,4445,degrading
32.54,2.18,45.34,62.56,0.0,0.0,0.17,4.76,0.26,3.64,0.1,100869,3.1,18441,stable
54.1,3.09,70.55,103.26,0.0,0.0,0.13,3.95,-0.04,1.28,0.22,197320,3.6,4349,stable
500.0,34.77,1353.95,1509.13,0.0581,0.0344,4.68,2.4,6.5,45.15,1.02,68667,54.7,9163,congested
21.46,6.97,33.85,39.8,0.0,0.0,0.2,4.41,-0.39,3.62,0.27,164443,3.0,17751,stable
120.0,15.54,223.0,257.68,0.0032,0.0026,0.36,2.71,2.85,12.4,0.7,101412,10.9,19711,degrading
1312.81,286.54,5221.04,6935.68,0.2385,0.1565,9.25,0.23,18.13,107.49,2.82,27932,290.4,3573,critical
56.23,3.84,76.77,101.33,0.0,0.0,0.18,4.22,-0.32,4.85,-0.1,376992,2.5,45226,stable
23.34,4.12,30.54,46.5,0.0,0.0,0.05,4.33,0.34,1.61,-0.09,198724,4.9,41609,stable
228.62,43.96,606.09,705.5,0.069,0.0312,3.83,1.04,7.16,36.14,0.96,50011,31.4,10931,congested
614.07,91.78,1732.41,2531.32,0.211,0.1579,4.3,1.16,12.17,142.31,1.37,4147,403.9,4258,critical
60.0,3.19,92.75,117.87,0.0001,0.0,0.04,3.85,0.4,1.71,0.17,312185,0.4,14977,stable
62.87,10.63,97.55,130.3,0.0025,0.0009,0.33,3.2,1.15,8.86,0.38,111484,7.3,21757,degrading
32.8,2.97,47.33,61.9,0.0001,0.0,0.0,4.04,0.43,1.91,0.15,188830,1.6,42554,stable
711.15,294.35,2168.28,2889.68,0.2798,0.1839,4.18,0.85,14.06,68.54,1.23,26451,133.7,2923,critical
31.01,7.66,44.64,55.27,0.0001,0.0,0.19,3.66,0.47,1.23,0.08,314727,4.0,6935,stable
36.39,7.15,50.32,67.5,0.0,0.0,0.05,4.53,-0.16,2.81,0.03,289574,3.1,42078,stable
340.8,50.72,864.28,1510.81,0.0569,0.0417,1.31,0.96,8.56,35.91,1.04,26906,100.0,6922,congested
39.33,5.13,57.37,76.59,0.0001,0.0,0.18,3.99,-0.0,1.8,0.13,263126,4.2,21370,stable
120.0,13.86,231.71,243.4,0.006,0.001,0.71,3.37,1.56,10.83,0.33,101268,8.3,7143,degrading
33.83,2.39,50.45,65.42,0.0001,0.0,0.2,4.44,-0.18,1.08,-0.02,333772,0.8,44307,stable
77.5,12.35,153.12,189.25,0.004,0.0027,1.16,3.2,1.48,6.83,0.31,97774,12.0,12824,degrading
36.1,2.28,50.59,63.7,0.0,0.0,0.13,4.68,0.42,3.4,-0.03,412877,4.8,29431,stable
344.9,79.97,782.65,1274.07,0.051,0.0364,2.33,1.35,8.59,26.64,0.91,68789,101.1,11920,congested
56.41,4.36,83.63,100.29,0.0,0.0,0.27,3.73,0.1,3.66,0.07,380439,2.1,25727,stable
1363.15,218.93,4006.38,8163.32,0.2055,0.1644,6.28,0.26,18.76,133.83,1.35,10537,502.9,4861,critical
47.65,2.72,75.37,79.7,0.0,0.0,0.23,4.85,-0.42,2.57,-0.06,106636,3.3,30520,stable
1514.48,280.72,4884.27,7471.95,0.2742,0.1852,9.73,1.03,8.08,99.28,1.83,11128,244.8,4854,critical
41.97,4.93,61.5,78.82,0.0,0.0,0.27,3.99,0.07,2.59,-0.07,245145,2.0,44889,stable
218.07,23.24,491.95,703.61,0.0605,0.0318,3.87,0.76,8.72,34.11,0.86,72911,34.2,9057,congested
60.0,12.22,119.75,121.37,0.0041,0.0029,0.74,2.77,1.87,6.55,0.39,121323,18.1,17886,degrading
59.95,3.8,85.72,118.97,0.0,0.0,0.23,3.64,-0.49,4.26,0.18,264882,4.7,38563,stable
34.83,3.9,52.36,59.76,0.0,0.0,0.04,3.59,-0.19,1.63,-0.03,404303,0.1,28332,stable
95.34,12.79,184.28,254.74,0.0031,0.0021,1.15,3.26,2.29,12.63,0.6,52211,8.8,28718,degrading
60.0,2.53,94.08,105.34,0.0001,0.0,0.28,3.87,0.08,2.1,0.23,102129,2.8,17620,stable
347.33,32.39,807.39,1382.56,0.0734,0.0463,2.72,2.2,7.18,31.92,0.63,61604,88.9,8887,congested
44.47,4.91,67.37,77.58,0.0001,0.0,0.2,4.74,-0.31,3.25,0.05,302311,3.1,44786,stable
53.14,2.99,81.9,101.86,0.0,0.0,0.04,4.96,-0.27,4.09,0.04,157232,4.3,16134,stable
34.03,6.0,47.54,66.67,0.0,0.0,0.02,3.64,0.5,2.31,0.2,422666,4.3,49883,stable
120.0,12.03,224.91,281.52,0.0028,0.0022,0.33,2.75,1.3,9.32,0.78,56760,7.5,6489,degrading
422.72,31.67,1123.9,1831.23,0.0629,0.0387,2.42,0.61,8.02,15.69,0.6,33388,113.1,7298,congested
1270.53,168.34,4574.43,5782.64,0.204,0.1632,7.81,0.79,8.96,139.49,1.59,24641,129.7,1440,critical
81.72,15.2,155.15,166.81,0.0031,0.0012,0.67,2.87,2.57,5.91,0.29,140655,17.3,23358,degrading
88.57,15.2,175.28,226.63,0.0019,0.0015,1.0,3.33,1.36,7.07,0.77,126107,17.1,7071,degrading
41.68,7.71,62.03,73.03,0.0,0.0,0.09,4.36,-0.29,2.54,0.24,186395,4.1,14860,stable
35.14,6.45,49.14,63.15,0.0,0.0,0.22,4.72,-0.47,1.19,0.22,313231,2.9,3576,stable
32.4,2.56,45.06,61.11,0.0,0.0,0.06,4.37,-0.49,3.85,0.07,177307,3.8,40721,stable
68.69,18.39,104.9,191.8,0.0038,0.0011,0.4,3.38,2.96,13.95,0.46,146141,11.1,3854,degrading
294.33,52.74,659.92,939.67,0.0645,0.037,4.54,0.6,8.61,29.9,1.86,56693,36.5,14396,congested
42.16,2.89,63.49,72.52,0.0,0.0,0.12,3.65,0.45,2.66,0.04,278688,1.1,5910,stable
973.61,284.4,3542.94,5065.95,0.2054,0.16,7.54,0.96,13.96,140.74,2.73,23326,309.6,3067,critical
244.62,53.23,511.35,1072.05,0.0557,0.0432,1.48,2.31,4.97,46.5,1.18,47014,80.5,4398,congested
276.87,61.19,716.76,967.0,0.0626,0.0438,3.46,0.61,9.39,23.0,1.21,62640,72.2,164,congested
1188.33,208.34,4293.88,5935.67,0.2079,0.1547,6.11,0.24,12.09,43.28,2.29,17935,199.9,4962,critical
34.66,2.31,49.19,62.55,0.0,0.0,0.17,4.94,-0.45,1.39,-0.08,174110,2.7,32633,stable
44.07,7.28,68.8,74.72,0.0,0.0,0.11,4.66,0.46,1.82,0.11,214855,4.0,29302,stable
37.98,3.66,56.13,74.63,0.0,0.0,0.07,4.96,-0.32,4.42,0.1,198892,4.4,22819,stable
31.99,3.65,46.65,55.33,0.0,0.0,0.12,4.93,0.43,3.64,-0.1,260133,4.6,44370,stable
40.08,6.73,60.5,77.83,0.0001,0.0,0.13,4.67,-0.09,2.28,-0.06,118600,2.2,17996,stable
100.14,8.03,170.94,252.85,0.003,0.0013,0.92,2.92,0.55,10.57,0.41,68571,12.5,10570,degrading
33.9,5.35,49.61,57.02,0.0001,0.0,0.2,4.78,0.44,3.32,-0.01,259451,3.8,32893,stable
301.78,39.26,878.66,1057.4,0.066,0.0319,3.33,0.64,9.49,38.6,0.73,27080,20.5,4033,congested
120.0,16.44,204.06,330.04,0.0013,0.0011,0.73,2.98,1.13,6.66,0.33,106798,13.9,6995,degrading
22.17,6.87,34.59,41.44,0.0,0.0,0.0,4.73,-0.14,3.16,0.17,381051,4.8,27035,stable
987.35,200.2,2546.06,4801.75,0.2296,0.1706,9.1,0.38,11.41,70.48,2.99,11052,202.9,4534,critical
120.0,12.03,189.56,266.56,0.0021,0.0017,0.5,2.97,2.64,6.0,0.72,99700,14.9,24553,degrading
1999.57,57.99,5617.86,11208.19,0.2019,0.1616,9.15,0.85,5.15,30.43,1.19,23113,510.9,1131,critical
97.01,17.54,191.57,247.86,0.0014,0.0011,0.31,2.72,1.61,12.06,0.53,57732,16.1,25242,degrading
49.14,3.94,78.29,92.89,0.0001,0.0,0.18,3.85,0.25,3.06,-0.01,297516,0.0,43274,stable
838.52,128.59,2313.64,4781.14,0.2461,0.171,5.35,0.14,18.47,58.83,1.95,28313,396.5,3119,critical
54.35,7.18,76.71,91.5,0.0,0.0,0.1,4.01,0.18,1.23,0.27,189008,5.0,9404,stable
54.99,4.99,75.14,105.69,0.0,0.0,0.09,4.22,-0.11,1.54,0.13,384133,3.4,20294,stable
42.03,7.61,65.17,81.42,0.0,0.0,0.17,4.5,0.41,2.38,0.15,115519,0.9,41731,stable
120.0,17.18,225.71,251.26,0.0016,0.0013,0.64,2.93,2.59,11.63,0.21,70345,9.3,11281,degrading
450.5,47.18,1303.04,1568.4,0.051,0.0377,1.44,2.22,4.89,38.78,1.81,47529,84.1,5168,congested
35.88,3.07,47.03,63.5,0.0001,0.0,0.25,3.69,-0.37,1.9,0.12,200689,2.5,15797,stable
32.79,6.45,50.85,64.06,0.0,0.0,0.13,4.72,-0.22,2.2,0.14,499193,2.6,46879,stable
40.61,3.37,55.77,65.04,0.0,0.0,0.13,4.34,-0.21,2.21,0.07,225658,4.6,3055,stable
39.55,4.6,58.46,66.98,0.0,0.0,0.09,4.69,-0.37,4.05,-0.07,105037,4.5,29485,stable
43.47,5.55,64.48,82.06,0.0001,0.0,0.05,4.06,0.43,2.77,0.22,470873,4.9,45017,stable
51.75,2.12,74.62,98.71,0.0,0.0,0.24,4.42,-0.34,4.41,0.15,423043,3.9,15595,stable
83.77,17.7,155.26,225.37,0.002,0.001,0.92,2.98,0.71,12.01,0.37,57587,7.5,8972,degrading
39.85,7.66,59.31,67.86,0.0001,0.0,0.12,4.91,0.47,2.79,0.29,224328,3.4,4677,stable
55.5,4.98,78.87,103.87,0.0,0.0,0.26,3.62,-0.43,4.4,-0.01,367501,2.7,41811,stable
74.06,13.58,135.21,161.7,0.0031,0.0021,0.63,3.45,1.42,11.96,0.3,96040,18.1,9939,degrading
71.92,19.91,143.08,189.78,0.0037,0.0009,0.39,3.28,1.55,11.49,0.59,104683,7.7,18674,degrading
120.0,19.68,222.99,301.31,0.0032,0.0017,1.11,2.77,0.9,12.12,0.53,76286,18.1,8943,degrading
33.58,7.73,47.82,66.52,0.0,0.0,0.25,4.74,-0.26,2.29,0.09,338665,1.4,30031,stable
37.8,2.17,51.92,73.82,0.0,0.0,0.02,4.54,0.07,4.63,-0.05,313614,4.4,21091,stable
593.99,202.56,2248.41,2443.43,0.2021,0.1617,5.23,0.92,11.31,33.41,1.93,9064,307.4,4417,critical
120.0,11.9,205.45,323.73,0.0053,0.0041,0.9,3.3,0.59,14.35,0.7,133376,12.0,23991,degrading
34.14,4.37,53.78,63.63,0.0,0.0,0.29,3.71,-0.21,1.52,0.1,472866,0.5,22603,stable
1499.94,218.45,5663.66,7671.23,0.2133,0.1706,9.44,0.42,18.13,106.95,2.66,5139,485.0,158,critical
937.99,117.56,2774.94,4606.36,0.2408,0.1704,4.46,0.67,16.34,109.97,0.98,7873,431.4,2646,critical
73.79,15.81,131.92,179.54,0.0026,0.0021,0.57,2.55,1.51,8.15,0.42,105909,5.5,11438,degrading
1177.1,77.42,3481.93,5266.18,0.2071,0.158,8.63,0.85,9.79,145.38,0.93,11796,503.5,1756,critical
27.29,4.43,39.04,54.39,0.0,0.0,0.17,3.76,-0.16,2.27,0.0,237254,2.6,42888,stable
60.0,13.15,93.5,121.23,0.0038,0.0015,0.99,2.97,1.83,11.13,0.26,144774,8.8,18844,degrading
314.75,52.45,932.98,1059.32,0.0621,0.0457,3.77,0.76,5.5,41.71,1.64,18545,66.2,13047,congested
339.85,22.15,967.5,1262.71,0.0559,0.0447,1.74,2.29,4.87,19.32,0.6,62554,87.5,1894,congested
60.0,3.14,86.7,118.22,0.0,0.0,0.0,3.84,0.21,2.62,0.03,448913,4.6,47451,stable
57.73,3.01,85.98,94.34,0.0,0.0,0.14,3.67,0.06,1.99,0.29,418632,2.1,8415,stable
1463.2,288.51,4884.94,6736.01,0.2464,0.1693,7.35,0.32,17.77,74.03,1.3,23588,145.8,4764,critical
54.47,3.24,70.99,90.13,0.0,0.0,0.01,3.75,0.24,1.33,0.14,198139,1.9,15145,stable
120.0,9.49,227.37,265.92,0.0029,0.0022,0.75,2.64,2.07,10.15,0.38,119265,12.7,25300,degrading
41.0,4.12,62.14,75.75,0.0001,0.0,0.22,4.61,-0.12,4.49,0.12,275435,4.1,12934,stable
120.0,9.3,204.9,280.79,0.0015,0.0012,0.94,3.22,2.64,13.48,0.6,145696,5.3,27947,degrading
120.0,15.58,229.99,312.68,0.0035,0.0009,0.72,3.27,1.29,10.29,0.62,145197,6.5,5138,degrading
500.0,23.81,1336.45,1719.05,0.062,0.0424,3.75,1.48,3.69,20.39,1.3,33254,40.8,14509,congested
99.88,8.15,151.7,220.18,0.0055,0.0035,0.95,2.81,2.95,6.44,0.75,117644,15.0,26342,degrading
323.95,37.46,675.37,1327.07,0.0532,0.0315,1.45,1.81,7.23,21.51,1.28,62196,93.2,8976,congested
104.1,14.7,173.69,279.17,0.0014,0.0011,0.43,3.21,1.8,8.18,0.39,138925,18.3,8601,degrading
42.28,3.11,57.17,69.31,0.0001,0.0,0.06,3.68,0.12,4.1,0.16,312120,0.2,48455,stable
93.94,13.65,187.57,189.57,0.0044,0.0025,0.6,2.98,1.48,10.21,0.32,68404,10.3,14474,degrading
296.87,31.91,867.93,1138.84,0.0518,0.0359,2.94,1.83,8.69,42.56,1.06,75496,21.6,6816,congested
66.92,13.31,114.01,142.48,0.0017,0.0014,1.0,3.25,1.71,9.04,0.31,77877,10.1,24475,degrading
1182.83,296.82,3658.25,5843.52,0.2232,0.1574,5.78,0.86,14.22,93.89,1.26,25634,293.2,2233,critical
60.0,3.44,78.61,113.44,0.0001,0.0,0.13,4.04,-0.04,3.61,0.05,409995,4.5,14833,stable
733.26,217.92,2188.38,3435.38,0.2253,0.1571,7.04,0.15,10.22,125.25,1.88,21136,405.9,4717,critical
1307.07,87.49,3737.82,6741.02,0.222,0.1597,6.93,1.15,19.98,36.85,2.4,22656,486.7,4586,critical
1345.23,52.86,4038.49,7492.04,0.2055,0.1644,5.95,1.02,7.22,104.5,1.31,11967,62.7,4847,critical
44.28,3.87,63.43,77.23,0.0,0.0,0.1,4.21,-0.22,1.02,-0.01,380025,3.9,14729,stable
43.31,5.78,61.86,84.93,0.0,0.0,0.05,4.7,-0.02,3.3,-0.04,229830,2.1,40602,stable
40.77,2.39,55.04,74.71,0.0,0.0,0.2,4.18,-0.26,1.55,0.13,390219,1.4,37021,stable
60.0,4.62,79.02,119.42,0.0,0.0,0.26,4.0,-0.27,2.94,-0.04,218785,1.9,14585,stable
221.21,51.34,507.9,976.54,0.0874,0.0445,3.79,1.96,6.42,19.4,1.85,28221,53.9,11629,congested
60.0,4.26,80.86,110.08,0.0,0.0,0.12,3.63,-0.5,4.59,-0.01,270431,4.9,41511,stable
36.58,2.85,48.74,67.39,0.0001,0.0,0.28,4.63,-0.45,1.03,0.21,321000,3.6,8683,stable
436.55,58.59,1031.73,1351.31,0.064,0.0346,4.83,0.72,6.89,48.89,0.53,14843,110.9,11059,congested
244.67,68.82,619.83,842.83,0.0543,0.0427,4.28,1.64,8.38,43.35,1.0,53635,63.6,1561,congested
60.0,6.7,92.05,106.99,0.0,0.0,0.02,4.94,0.44,4.14,0.3,317792,4.8,4704,stable
88.48,10.81,176.61,214.6,0.0065,0.0011,1.1,2.7,1.25,14.58,0.29,75440,13.7,29430,degrading
895.51,178.44,2528.95,4025.45,0.2289,0.1586,5.46,1.01,13.96,131.18,2.06,7594,167.8,1982,critical
42.4,5.69,56.15,69.33,0.0,0.0,0.2,4.7,0.43,1.08,-0.04,454468,2.3,28664,stable
36.39,3.22,51.83,68.89,0.0,0.0,0.15,4.89,0.24,4.97,0.25,265684,3.8,24090,stable
62.76,8.13,124.07,164.3,0.0033,0.0018,0.49,3.4,2.56,5.6,0.69,92348,13.4,3697,degrading
39.55,5.2,62.29,78.24,0.0,0.0,0.15,4.88,0.12,3.89,0.03,175393,1.3,27125,stable
88.73,12.61,152.12,206.54,0.003,0.0016,1.17,2.5,1.3,8.1,0.41,129998,10.3,16048,degrading
85.51,13.85,170.81,195.96,0.0012,0.001,0.73,3.38,1.71,8.46,0.35,74329,9.7,29763,degrading
144.06,74.62,326.71,525.94,0.0748,0.0331,2.77,1.83,6.9,32.72,1.69,59540,111.4,3539,congested
269.56,34.84,666.61,835.67,0.0524,0.0368,1.71,0.56,6.15,34.87,1.16,22330,27.7,1982,congested
120.0,12.67,201.2,248.23,0.0031,0.0025,1.17,2.57,2.73,11.58,0.72,65495,18.6,28757,degrading
46.4,2.98,62.4,83.56,0.0001,0.0,0.1,3.7,-0.03,4.17,0.29,300637,0.8,34464,stable
28.17,5.77,44.35,45.48,0.0,0.0,0.27,4.94,0.27,4.62,-0.01,179032,0.0,35635,stable
270.45,39.25,787.15,896.07,0.0598,0.0359,3.22,0.63,8.65,25.24,0.91,60077,57.1,7761,congested
31.32,3.78,49.04,53.89,0.0,0.0,0.03,4.82,-0.06,3.5,0.1,449026,2.7,24558,stable
27.24,5.64,39.55,48.96,0.0,0.0,0.07,4.52,0.08,4.03,0.2,441273,1.9,17908,stable
40.38,2.76,59.93,77.7,0.0,0.0,0.06,3.77,-0.41,4.42,0.13,203582,4.2,40329,stable
44.77,6.76,62.56,80.63,0.0,0.0,0.17,4.41,0.38,4.27,0.14,401275,2.2,27821,stable
28.85,2.27,42.6,54.49,0.0,0.0,0.14,3.54,-0.01,1.34,0.29,335244,1.3,28622,stable
24.73,3.83,33.43,42.19,0.0001,0.0,0.09,3.87,0.41,1.01,0.14,466401,2.5,1145,stable
45.62,5.94,65.68,90.59,0.0001,0.0,0.17,4.14,-0.24,4.04,0.11,127070,1.8,44360,stable
69.59,18.26,138.49,142.93,0.0034,0.0017,0.93,3.37,1.52,12.75,0.53,131227,6.3,14171,degrading
1023.39,98.26,3207.01,4592.35,0.2118,0.1695,7.28,0.67,10.37,30.31,1.21,28467,251.5,1492,critical
37.04,3.84,53.0,66.64,0.0,0.0,0.25,4.15,0.07,4.89,0.24,277940,3.3,39427,stable
66.77,12.92,101.93,149.67,0.0019,0.0012,0.89,3.33,0.79,5.67,0.44,80347,8.9,6736,degrading
80.72,9.83,155.74,175.31,0.0043,0.0014,0.51,3.14,1.6,12.99,0.64,143548,10.6,22752,degrading
500.0,74.6,1224.83,1666.7,0.0537,0.042,3.3,2.35,4.05,31.03,1.15,38818,113.1,12756,congested
42.56,5.42,63.59,77.59,0.0,0.0,0.09,4.26,-0.37,2.54,-0.03,205905,3.5,42885,stable
45.87,4.89,61.25,75.7,0.0,0.0,0.09,4.18,-0.49,1.29,0.06,291975,3.0,15291,stable
120.0,16.46,199.72,320.9,0.0024,0.0015,0.73,2.54,0.63,5.54,0.5,108896,5.1,19160,degrading
42.4,6.72,57.55,78.86,0.0001,0.0,0.22,4.85,-0.18,1.35,-0.08,440853,3.7,35232,stable
61.64,10.56,110.68,161.35,0.0015,0.0012,0.51,2.55,0.64,7.57,0.28,87243,7.6,10657,degrading
104.43,11.58,197.62,252.38,0.0042,0.0028,1.1,3.43,2.76,8.97,0.37,144217,18.2,24684,degrading
23.62,3.68,37.6,39.25,0.0,0.0,0.08,4.93,0.42,2.83,0.24,280929,2.1,8681,stable
81.15,12.54,135.73,202.15,0.0046,0.0011,1.02,2.9,0.55,13.11,0.47,134708,16.6,15200,degrading
29.39,2.85,42.79,50.0,0.0001,0.0,0.14,3.88,-0.28,4.83,0.04,118572,4.9,39947,stable
843.06,99.21,3274.99,3951.8,0.2198,0.1609,3.54,0.85,18.24,44.4,1.94,2532,307.8,3938,critical
20.91,4.92,28.59,35.09,0.0,0.0,0.14,3.52,-0.07,3.42,0.12,360534,0.8,32680,stable
44.37,4.17,69.13,87.66,0.0,0.0,0.19,4.54,-0.28,4.57,0.17,445762,4.8,7156,stable
33.63,2.11,53.18,57.46,0.0,0.0,0.25,3.99,-0.09,4.17,0.15,276690,1.2,38445,stable
50.21,3.51,77.09,97.36,0.0001,0.0,0.14,4.31,0.05,3.61,0.1,202727,4.3,33218,stable
27.02,3.71,39.22,48.97,0.0,0.0,0.12,4.81,-0.2,1.05,0.02,331230,1.9,27208,stable
38.1,7.65,56.65,72.26,0.0,0.0,0.11,4.45,-0.31,4.0,0.12,181625,1.5,37681,stable
330.2,64.6,661.89,1087.09,0.0518,0.0307,3.05,2.25,4.73,33.68,1.05,51390,77.6,8612,congested
85.28,19.19,165.41,208.06,0.0022,0.0018,0.84,3.37,1.24,8.83,0.42,79369,15.5,19846,degrading
37.74,2.11,49.95,69.55,0.0,0.0,0.04,4.25,0.42,2.76,0.23,298337,0.5,8244,stable
120.0,12.8,205.56,303.19,0.0022,0.0011,0.42,2.6,1.6,6.04,0.47,136271,16.7,17660,degrading
36.75,3.99,51.87,60.27,0.0,0.0,0.08,3.84,0.39,1.72,0.25,421189,1.5,2685,stable
1169.92,104.22,3599.25,6708.55,0.2167,0.1734,7.31,0.96,10.35,79.24,1.72,2702,455.6,3845,critical
316.8,71.63,877.73,1338.94,0.0676,0.0361,1.44,2.25,3.61,37.88,1.01,17010,95.7,10508,congested
681.44,167.07,2465.08,3351.45,0.2129,0.1578,4.36,0.55,17.42,107.05,2.29,28270,280.8,4990,critical
45.6,6.16,62.08,74.03,0.0,0.0,0.05,4.41,-0.21,4.19,0.22,410165,2.6,14943,stable
302.54,37.39,767.34,1360.2,0.0621,0.0486,1.76,1.83,3.8,28.94,0.74,36744,91.4,4238,congested
312.42,35.05,897.75,1237.28,0.0515,0.0396,3.88,1.93,5.84,39.45,1.93,11958,87.1,7887,congested
60.0,2.5,93.88,115.29,0.0,0.0,0.13,3.74,-0.49,3.24,0.11,387741,4.5,4890,stable
40.61,4.08,63.83,80.39,0.0,0.0,0.07,4.35,-0.42,3.63,0.17,167757,3.0,30741,stable
52.12,5.21,78.38,101.61,0.0001,0.0,0.02,4.4,-0.07,2.32,-0.06,325061,2.4,6123,stable
1156.4,262.14,3310.2,5375.9,0.2187,0.1578,8.01,0.86,11.3,71.85,2.34,28519,488.1,1154,critical
75.17,13.06,119.61,156.14,0.0019,0.0015,0.74,3.05,2.18,11.7,0.67,111694,18.2,21422,degrading
60.0,6.92,80.45,112.94,0.0,0.0,0.07,4.16,-0.03,3.26,0.18,118891,0.4,3982,stable
90.09,15.05,160.07,224.56,0.0024,0.0014,0.67,3.37,1.04,6.9,0.79,104060,7.9,5391,degrading
60.0,17.55,91.68,137.97,0.0036,0.0018,0.3,2.67,2.82,5.33,0.56,90912,11.4,12324,degrading
94.93,19.74,185.86,254.35,0.0017,0.0013,0.86,3.27,1.67,8.22,0.52,147500,5.7,16095,degrading
71.16,9.97,109.43,154.61,0.0029,0.001,0.45,3.03,2.23,11.39,0.57,116250,18.1,11279,degrading
226.29,73.17,667.2,985.06,0.0536,0.0429,2.09,1.62,9.46,42.0,1.48,27220,26.3,10687,congested
41.29,3.96,53.81,79.71,0.0,0.0,0.16,3.65,-0.33,3.27,0.02,475326,4.1,49194,stable
120.0,14.72,200.22,254.72,0.0016,0.0006,0.54,3.07,2.23,10.08,0.57,128937,13.2,29327,degrading
265.99,30.38,662.0,1154.98,0.0556,0.0334,3.21,1.57,5.98,36.59,1.13,58227,28.8,542,congested
413.41,40.85,1071.89,1399.72,0.0553,0.037,2.45,0.74,3.52,30.77,1.93,18608,110.3,11971,congested
54.73,5.05,80.27,105.63,0.0001,0.0,0.06,4.89,-0.47,2.85,0.03,366030,4.2,18658,stable
73.29,14.88,143.16,200.5,0.0029,0.0016,0.36,3.05,0.77,8.95,0.46,95183,15.7,2895,degrading
60.0,7.31,88.72,106.72,0.0,0.0,0.3,3.63,-0.33,2.92,0.25,242352,3.8,34125,stable
44.75,5.13,66.09,84.67,0.0001,0.0,0.03,4.98,-0.27,3.54,0.01,361298,1.1,39478,stable
55.79,3.07,79.58,98.69,0.0,0.0,0.26,3.98,-0.07,4.22,-0.06,443797,1.6,1071,stable
71.51,10.07,132.78,160.7,0.0049,0.0011,0.97,2.85,1.15,8.59,0.33,79965,13.5,25988,degrading
1487.98,288.2,5372.74,7229.99,0.2273,0.1577,3.84,0.83,6.19,98.8,2.96,26315,515.9,3752,critical
44.89,4.86,68.36,72.36,0.0,0.0,0.19,4.81,-0.43,3.23,-0.05,110798,3.4,34410,stable
56.53,7.74,88.4,99.59,0.0,0.0,0.1,3.64,0.02,1.85,0.11,434144,3.1,32055,stable
33.06,7.25,51.66,55.22,0.0,0.0,0.23,4.76,0.07,4.48,0.16,478469,1.4,30170,stable
424.84,57.61,1146.81,1801.49,0.0603,0.0443,4.92,2.29,6.55,34.15,1.42,65357,107.4,2283,congested
54.37,7.8,82.93,100.02,0.0,0.0,0.29,4.69,-0.47,4.5,0.09,245907,1.7,30162,stable
60.0,3.38,92.47,107.52,0.0001,0.0,0.15,4.24,0.42,3.14,0.15,206787,4.4,2194,stable
51.8,5.63,71.13,86.8,0.0001,0.0,0.03,4.2,0.09,1.19,0.06,203064,0.2,7157,stable
345.47,62.18,938.79,1330.25,0.067,0.041,1.73,0.94,6.5,32.76,1.23,67822,32.5,11904,congested
62.49,11.95,97.89,158.38,0.0028,0.002,0.34,3.39,1.63,10.26,0.8,137004,18.6,17773,degrading
60.0,2.08,92.35,103.87,0.0,0.0,0.09,3.64,0.39,3.71,0.16,123561,4.1,28736,stable
37.85,7.26,59.57,64.59,0.0001,0.0,0.21,3.94,0.06,2.2,-0.03,262869,1.2,27205,stable
337.94,36.4,898.92,1459.36,0.0506,0.0371,2.03,2.01,7.86,37.21,1.01,32259,95.9,4190,congested
28.12,5.3,40.07,47.08,0.0,0.0,0.02,4.56,0.47,4.44,0.11,415496,4.7,11584,stable
60.0,9.98,102.05,136.97,0.0025,0.002,0.38,3.49,2.11,12.09,0.65,111296,12.1,29547,degrading
457.72,35.15,1018.25,1793.31,0.0577,0.0305,1.76,1.45,4.25,45.84,1.55,12196,20.2,14758,congested
37.44,6.2,50.1,60.7,0.0,0.0,0.11,4.12,-0.13,3.15,0.08,455838,3.5,45034,stable
106.96,14.96,189.62,294.45,0.0026,0.0012,1.14,3.33,0.94,7.52,0.55,91359,8.2,23839,degrading
28.75,3.27,38.42,51.99,0.0,0.0,0.3,4.29,0.08,4.79,0.06,322273,1.9,27747,stable
52.09,6.5,74.89,86.75,0.0,0.0,0.1,4.34,-0.15,2.67,0.22,164843,3.1,25774,stable
587.76,286.28,2237.37,2864.91,0.2422,0.1754,9.16,0.43,18.28,37.52,1.97,9495,562.4,245,critical
96.15,18.77,168.47,230.27,0.0019,0.0015,0.66,2.52,2.71,13.84,0.48,120073,7.7,15362,degrading
60.0,3.23,88.97,112.18,0.0,0.0,0.29,4.33,0.43,3.7,-0.09,131085,3.6,28173,stable
106.8,15.18,203.01,245.5,0.0027,0.0022,1.04,3.48,2.1,11.9,0.39,59957,6.6,19555,degrading
1111.69,254.34,3897.53,6314.3,0.2512,0.2009,9.33,1.06,8.56,76.91,2.57,23697,585.8,4737,critical
219.36,37.27,516.67,959.93,0.0551,0.0418,4.17,1.01,8.38,26.07,1.76,12135,45.8,2746,congested
22.45,5.67,29.62,43.18,0.0001,0.0,0.04,4.9,-0.34,1.91,-0.05,288116,4.6,13938,stable
33.9,3.13,49.38,61.18,0.0,0.0,0.17,4.85,0.38,1.6,-0.07,217836,4.9,2057,stable
120.0,13.98,225.54,241.69,0.0023,0.0018,1.0,3.08,2.74,6.47,0.47,109703,18.1,9586,degrading
84.48,13.62,149.02,171.21,0.0047,0.0017,0.6,2.95,1.15,8.54,0.37,111282,13.7,16775,degrading
28.27,5.47,42.0,54.08,0.0001,0.0,0.29,3.55,0.08,1.67,0.18,170356,1.2,25224,stable
95.5,11.32,176.1,209.56,0.0019,0.0016,0.34,2.64,2.61,8.2,0.5,110296,16.2,24983,degrading
406.35,39.0,1090.29,1509.59,0.0624,0.0472,3.21,1.78,3.12,21.34,0.59,30325,40.5,7353,congested
120.0,17.32,190.15,268.82,0.0036,0.0012,0.6,3.39,2.5,14.84,0.7,89820,6.7,26291,degrading
35.54,6.01,52.7,67.01,0.0,0.0,0.09,4.75,0.38,2.73,0.05,345079,0.3,34874,stable
35.56,4.7,54.22,66.17,0.0,0.0,0.1,4.53,-0.43,1.7,0.24,190871,4.2,14684,stable
60.0,5.16,91.17,97.96,0.0,0.0,0.15,4.33,0.22,1.91,0.3,489917,3.3,10777,stable
29.4,2.77,42.96,58.06,0.0,0.0,0.11,4.25,0.23,1.45,0.06,294029,2.7,41099,stable
82.31,16.16,126.45,207.82,0.0061,0.0015,0.59,3.21,1.96,14.63,0.46,83280,15.4,12652,degrading
92.82,11.41,152.47,188.45,0.0012,0.001,0.35,3.02,2.17,6.51,0.79,141511,19.9,11129,degrading
47.77,2.1,64.78,88.94,0.0,0.0,0.05,4.27,0.29,2.73,0.09,494542,2.1,30599,stable
38.15,5.89,58.86,63.16,0.0,0.0,0.13,3.68,0.06,2.06,0.05,106965,1.9,40631,stable
44.05,6.93,59.02,85.67,0.0,0.0,0.11,3.6,-0.47,1.54,0.29,319811,4.8,22192,stable
1145.2,267.52,3798.86,5388.1,0.2099,0.1635,9.56,0.45,14.98,73.26,2.75,4200,546.8,3132,critical
60.0,14.12,101.63,130.84,0.0032,0.0015,0.34,3.44,0.65,8.91,0.74,144837,12.0,14908,degrading
107.35,13.18,201.64,284.36,0.002,0.0016,1.08,3.39,1.62,5.77,0.77,57202,13.9,15048,degrading
47.5,4.42,70.78,84.05,0.0,0.0,0.2,3.8,0.25,1.69,-0.07,311021,2.8,10259,stable
83.97,14.7,161.06,182.42,0.0026,0.0021,0.31,3.02,0.88,10.63,0.64,103107,14.5,3566,degrading
360.11,34.09,1038.15,1290.07,0.0558,0.0385,1.45,1.94,9.13,49.56,0.55,15820,93.2,679,congested
87.87,9.76,172.18,189.75,0.0025,0.0015,0.33,2.85,1.41,13.23,0.64,139694,7.1,16246,degrading
100.8,13.4,185.44,255.35,0.0046,0.0018,0.5,3.26,0.95,9.91,0.27,102789,17.3,22788,degrading
120.0,17.19,201.08,300.5,0.0015,0.0012,0.3,2.98,0.55,8.53,0.58,87120,18.9,19402,degrading
114.32,9.95,196.45,313.2,0.002,0.0016,1.0,3.35,1.83,6.73,0.35,62633,7.5,26353,degrading
443.27,22.56,1198.19,1608.3,0.0655,0.0435,2.66,1.29,4.42,26.27,0.91,27040,28.1,6552,congested
42.22,2.72,58.71,80.73,0.0,0.0,0.1,4.78,-0.0,2.42,0.12,153291,0.0,14748,stable
500.0,58.41,1048.47,1797.93,0.0593,0.0345,1.33,0.79,8.47,22.06,0.65,70269,42.9,7586,congested
859.77,193.72,2384.93,3461.44,0.2111,0.1689,8.77,0.09,8.51,118.96,2.38,5745,590.8,3385,critical
34.78,3.38,51.44,61.24,0.0,0.0,0.23,3.53,0.05,2.92,0.26,322388,0.7,20045,stable
54.08,4.6,83.27,102.98,0.0,0.0,0.11,3.82,0.04,1.59,0.23,190232,3.0,7126,stable
75.97,11.66,144.01,171.0,0.0048,0.0018,0.64,2.8,1.3,9.04,0.74,52437,14.4,26686,degrading
107.51,17.56,210.12,278.65,0.0022,0.0015,0.98,2.8,0.79,5.51,0.71,97166,12.6,2309,degrading
120.0,18.15,221.85,310.41,0.0019,0.0015,1.07,3.03,1.99,6.21,0.56,54198,18.8,25974,degrading
27.64,5.57,44.15,55.12,0.0,0.0,0.28,4.43,-0.27,2.54,0.19,219078,4.4,9118,stable
53.79,3.09,77.79,96.71,0.0,0.0,0.25,4.96,0.11,1.58,0.05,103793,3.0,41256,stable
29.37,6.73,45.6,57.08,0.0,0.0,0.11,3.97,-0.15,4.22,0.14,489599,4.2,24803,stable
37.87,5.43,53.4,67.87,0.0,0.0,0.16,3.74,0.11,3.72,-0.07,225781,0.0,16505,stable
78.01,15.59,141.37,165.79,0.002,0.0016,0.95,2.76,1.47,12.03,0.74,98624,19.4,15837,degrading
91.85,14.2,150.19,194.51,0.003,0.0011,0.49,3.26,2.56,12.93,0.72,83972,19.8,8748,degrading
44.2,8.0,67.57,76.71,0.0,0.0,0.2,4.77,-0.3,2.67,0.15,418510,3.1,5675,stable
28.86,5.96,39.43,46.74,0.0,0.0,0.28,4.29,-0.22,4.74,0.15,293475,2.9,37666,stable
49.54,2.03,66.44,87.96,0.0001,0.0,0.24,4.3,0.29,2.1,0.1,325609,4.7,14063,stable
318.57,37.82,669.47,1120.11,0.0518,0.0323,4.37,0.57,8.45,34.3,1.46,36101,74.5,13990,congested
29.53,6.2,44.18,55.59,0.0001,0.0,0.19,3.54,0.21,4.45,0.16,112209,4.3,36890,stable
60.0,16.01,95.58,127.38,0.0056,0.0016,0.8,3.19,1.48,7.97,0.49,60123,14.7,22132,degrading
65.24,15.93,127.07,130.98,0.0019,0.0007,0.86,3.4,2.65,7.27,0.73,87403,11.5,29183,degrading
20.0,5.9,29.92,39.65,0.0001,0.0,0.14,4.91,-0.31,4.91,0.3,322246,0.9,16489,stable
70.14,11.69,108.48,187.21,0.0046,0.0037,0.91,2.91,2.21,12.14,0.65,97093,5.1,22728,degrading
27.73,6.98,44.13,48.24,0.0001,0.0,0.3,4.09,0.22,3.29,0.09,379230,2.0,7179,stable
29.86,3.56,41.52,55.68,0.0001,0.0,0.03,4.91,0.33,4.43,0.26,263441,4.2,8745,stable
38.33,6.6,53.87,67.11,0.0,0.0,0.07,3.62,-0.14,3.99,0.12,426717,4.8,39840,stable
85.94,18.5,137.97,228.61,0.0035,0.0025,0.5,3.26,2.59,13.32,0.67,80419,12.8,9341,degrading
110.63,18.67,168.38,246.03,0.0025,0.0008,0.46,2.97,1.13,6.98,0.68,120712,8.7,12747,degrading
33.55,6.25,47.67,55.16,0.0001,0.0,0.23,3.53,-0.35,4.98,0.19,285652,3.1,42464,stable
37.85,7.28,53.9,68.7,0.0,0.0,0.02,4.91,-0.24,4.41,0.25,409009,0.8,41268,stable
1716.73,175.85,4806.47,8808.39,0.2303,0.1758,3.02,0.49,11.71,130.67,1.23,2892,505.4,1068,critical
120.0,17.63,193.95,241.81,0.0033,0.0019,1.15,3.24,1.78,10.11,0.68,62251,7.3,10633,degrading
1060.99,210.02,3439.19,5300.27,0.2198,0.1671,3.86,1.02,12.45,84.46,1.72,22394,88.0,1084,critical
51.95,4.35,80.26,92.24,0.0,0.0,0.16,4.86,0.12,1.47,0.28,351083,1.7,7824,stable
44.58,2.26,59.6,81.29,0.0001,0.0,0.09,4.68,-0.05,4.19,0.23,443024,4.6,22118,stable
843.01,112.92,3108.09,5013.77,0.2084,0.1667,6.56,0.75,16.0,136.96,1.0,2535,424.5,247,critical
27.34,3.0,36.35,50.2,0.0,0.0,0.07,3.86,-0.01,3.33,-0.05,455742,3.1,30265,stable
54.94,2.21,72.03,88.48,0.0,0.0,0.04,4.33,-0.17,2.77,0.16,297650,3.1,27665,stable
32.95,7.96,47.26,65.88,0.0,0.0,0.02,3.5,0.44,3.97,0.17,275422,1.2,34313,stable
1069.65,96.71,3837.55,5352.98,0.203,0.154,9.54,0.65,12.92,98.81,2.54,16973,123.6,4192,critical
38.17,7.87,50.85,75.29,0.0,0.0,0.15,4.37,-0.21,2.47,-0.07,120910,1.3,4638,stable
1543.53,77.15,5626.48,7907.84,0.2172,0.1737,7.65,0.23,17.14,101.02,2.46,29717,587.5,2243,critical
120.0,8.77,180.92,328.59,0.0015,0.0012,0.63,3.14,1.84,12.55,0.29,92542,17.9,593,degrading
60.0,11.16,119.41,165.61,0.0025,0.002,0.41,3.0,1.6,12.65,0.62,87079,12.0,15804,degrading
20.0,2.34,27.02,34.28,0.0001,0.0,0.27,3.63,-0.06,4.4,0.15,216931,2.1,35628,stable
31.73,6.13,44.57,57.26,0.0001,0.0,0.27,3.56,-0.43,2.3,-0.01,205972,1.1,10595,stable
1224.37,207.19,4382.17,6353.22,0.2312,0.1708,8.4,1.07,6.32,135.22,2.67,3540,414.5,4859,critical
253.31,70.21,747.33,973.12,0.0737,0.0492,2.53,0.56,5.36,44.76,1.81,75430,69.9,14353,congested
36.02,2.82,49.58,67.35,0.0001,0.0,0.21,4.95,0.29,1.65,0.01,131529,0.7,13283,stable
120.0,9.47,234.15,315.2,0.0029,0.0021,0.44,3.03,1.87,13.72,0.66,71756,17.3,29085,degrading
39.74,4.26,52.85,73.65,0.0,0.0,0.3,4.24,-0.32,3.05,0.23,410744,3.9,35693,stable
227.36,58.06,517.6,766.79,0.0601,0.0351,4.27,1.76,8.9,47.74,1.63,77528,64.8,13888,congested
105.22,17.37,192.58,210.9,0.0034,0.0027,0.44,3.13,2.99,7.95,0.58,140662,18.5,9983,degrading
33.42,7.77,50.74,66.52,0.0,0.0,0.16,4.12,-0.46,4.46,0.25,337618,1.3,2378,stable
75.06,12.3,133.2,185.09,0.0018,0.0015,1.13,3.11,1.47,14.13,0.76,76431,10.9,29010,degrading
114.94,18.84,201.19,299.16,0.0033,0.0016,1.2,2.77,1.7,13.22,0.27,81736,7.4,2345,degrading
42.97,4.61,65.83,79.09,0.0,0.0,0.03,4.08,-0.01,3.61,0.28,340260,3.7,25807,stable
67.51,16.76,118.27,184.75,0.0021,0.0017,0.74,3.27,1.31,11.02,0.58,125928,17.0,8656,degrading
90.33,14.38,153.54,210.34,0.0014,0.0011,0.63,2.97,0.61,6.67,0.26,134471,19.4,2505,degrading
52.78,3.12,75.69,85.38,0.0,0.0,0.29,4.21,-0.08,4.62,0.26,496967,2.8,17868,stable
2000.0,234.14,5945.26,9923.6,0.2241,0.1727,4.69,1.1,6.21,141.57,2.01,28176,326.3,234,critical
25.17,6.14,39.9,41.4,0.0,0.0,0.13,4.79,0.37,2.88,0.29,130234,0.0,19652,stable
43.63,6.02,56.89,73.37,0.0,0.0,0.04,4.94,-0.38,2.02,0.23,347438,4.2,26271,stable
23.32,7.88,33.76,44.24,0.0,0.0,0.1,3.73,0.41,1.7,0.06,384831,4.1,24407,stable
34.22,4.35,47.35,62.67,0.0,0.0,0.19,4.03,0.27,4.45,0.05,310234,0.6,21428,stable
21.62,2.86,34.33,42.67,0.0,0.0,0.2,3.78,-0.17,1.54,0.21,494100,2.7,33137,stable
418.24,32.43,1204.75,1652.22,0.0634,0.0432,3.45,1.67,3.39,29.75,0.79,66596,53.6,6105,congested
177.14,52.03,524.46,564.94,0.0585,0.0389,3.02,0.79,6.04,41.36,1.84,53868,102.7,7662,congested
1819.19,243.86,4690.85,8762.34,0.2138,0.171,5.57,0.29,7.92,51.01,1.56,17866,536.9,4668,critical
60.0,4.24,89.45,113.28,0.0,0.0,0.14,4.69,-0.34,2.53,0.09,219383,1.9,4827,stable
49.2,6.28,77.5,91.84,0.0001,0.0,0.27,4.76,0.17,2.07,-0.05,106423,0.5,15337,stable
23.55,3.19,33.58,40.39,0.0001,0.0,0.11,4.21,0.35,4.96,0.15,417377,0.1,44137,stable
30.92,4.02,49.01,61.38,0.0,0.0,0.07,4.94,-0.16,2.07,0.07,216368,0.5,11190,stable
30.72,2.94,43.96,54.03,0.0001,0.0,0.05,4.49,0.35,2.03,0.1,490210,1.7,30157,stable
421.13,62.41,899.33,1876.98,0.0538,0.0409,1.63,2.11,4.74,32.62,0.84,48137,70.9,6070,congested
48.81,5.79,66.74,92.58,0.0,0.0,0.14,4.44,0.49,3.4,0.27,202011,2.0,25720,stable
378.04,65.18,963.11,1309.87,0.0582,0.0407,1.87,1.11,3.33,23.18,1.28,47922,44.9,14202,congested
28.98,5.55,41.88,53.59,0.0,0.0,0.09,4.12,-0.28,4.86,-0.05,248734,0.1,11867,stable
44.4,2.71,65.6,88.25,0.0,0.0,0.02,4.4,-0.38,4.19,0.16,449890,3.9,6493,stable
103.48,13.21,165.65,258.65,0.0061,0.0016,0.79,3.03,2.81,14.7,0.36,108231,12.0,16628,degrading
110.09,8.09,182.33,274.89,0.0018,0.0014,0.39,2.84,0.98,11.31,0.6,70381,11.3,18263,degrading
115.4,10.28,195.18,315.39,0.003,0.0009,1.18,2.75,1.47,6.78,0.7,146256,8.2,8853,degrading
30.89,5.29,43.68,56.92,0.0,0.0,0.3,4.37,0.31,2.31,0.02,261081,3.4,34427,stable
32.33,6.37,48.49,62.98,0.0,0.0,0.04,4.09,-0.32,2.45,0.05,497268,5.0,6624,stable
101.72,16.23,187.71,210.87,0.0019,0.0015,0.37,3.22,0.95,12.58,0.46,134996,18.1,26455,degrading
35.5,7.01,52.3,68.83,0.0,0.0,0.21,3.53,0.41,1.86,0.15,124727,0.4,1469,stable
53.9,7.53,75.64,105.83,0.0,0.0,0.11,3.56,0.47,1.07,0.28,247470,0.1,34768,stable
101.43,16.36,194.88,216.2,0.0015,0.0012,0.74,3.19,2.54,12.13,0.38,139428,13.3,14228,degrading
81.77,14.69,163.21,219.81,0.004,0.0032,0.94,3.43,0.75,10.84,0.58,62599,10.2,6836,degrading
100.96,17.45,162.46,249.39,0.0066,0.0009,1.11,2.62,0.52,6.65,0.79,126837,14.2,4423,degrading
457.46,32.94,1341.01,1469.12,0.0568,0.0377,2.24,0.65,6.51,25.57,0.88,79896,39.8,3610,congested
953.1,89.88,3552.98,4646.18,0.215,0.172,8.75,0.66,9.89,149.2,1.16,5773,383.8,1342,critical
111.03,17.15,211.37,300.57,0.0013,0.0011,1.12,2.51,1.31,8.92,0.79,144416,14.4,1851,degrading
36.86,6.07,52.49,69.13,0.0,0.0,0.25,3.55,-0.13,1.95,0.08,128950,4.8,11939,stable
32.42,2.43,45.38,57.85,0.0,0.0,0.07,4.18,-0.17,3.85,0.1,164143,4.5,15352,stable
36.91,7.2,51.75,68.8,0.0,0.0,0.1,3.68,-0.02,2.6,0.19,481201,3.8,9792,stable
1132.23,217.77,3449.26,5170.99,0.2246,0.1525,8.98,0.24,10.9,50.85,2.0,18874,553.5,4156,critical
38.84,7.03,59.54,67.23,0.0,0.0,0.13,3.57,-0.14,4.03,0.05,386068,1.8,21738,stable
22.76,5.18,32.04,38.94,0.0,0.0,0.0,3.97,-0.25,4.36,0.25,213557,0.5,11054,stable
81.23,18.93,123.44,203.53,0.0036,0.0013,0.5,2.98,1.22,14.58,0.68,136487,12.0,14472,degrading
81.6,19.36,156.8,223.18,0.0031,0.0006,1.04,3.28,2.01,9.36,0.47,58696,6.0,25381,degrading
79.44,11.42,158.82,217.53,0.0066,0.0013,0.8,3.29,0.61,14.88,0.79,59901,10.2,17914,degrading
33.31,3.77,49.17,57.42,0.0,0.0,0.09,3.96,0.31,4.33,0.03,337036,0.7,23970,stable
500.0,58.81,1249.69,2051.36,0.0629,0.0328,2.54,1.42,7.19,36.85,1.76,55942,106.9,9883,congested
317.99,26.41,666.0,1399.26,0.0582,0.0371,4.49,1.59,8.97,16.97,1.19,22466,103.8,14570,congested
1568.97,94.51,4668.47,6591.83,0.2722,0.1794,9.12,0.98,17.3,118.44,2.65,20091,580.6,3153,critical
61.03,15.39,108.75,162.4,0.003,0.0014,0.31,3.19,1.68,11.6,0.34,136309,18.5,20037,degrading
58.04,6.8,90.28,99.06,0.0001,0.0,0.12,3.78,0.02,2.98,-0.01,369120,0.6,4022,stable
1373.69,207.21,5196.68,7464.6,0.204,0.1632,7.09,0.71,13.19,144.27,2.32,3815,567.9,2321,critical
54.29,7.51,77.1,91.03,0.0,0.0,0.27,3.63,0.02,1.9,0.06,450739,2.6,17376,stable
87.7,12.54,147.43,226.44,0.0021,0.0009,0.7,3.49,0.94,13.96,0.75,90964,11.9,15333,degrading
270.24,56.24,602.32,1203.44,0.0574,0.0402,2.3,1.67,5.34,18.97,1.04,22112,72.1,7993,congested
30.37,2.1,47.68,59.82,0.0,0.0,0.03,3.99,0.14,3.84,0.25,316364,2.0,18582,stable
60.0,6.47,94.01,106.56,0.0001,0.0,0.04,4.78,0.38,2.07,0.15,203461,1.1,2039,stable
42.29,2.03,66.26,78.37,0.0,0.0,0.06,4.68,0.22,2.99,0.25,172272,2.3,35820,stable
328.05,24.71,846.34,996.72,0.057,0.0312,3.69,1.59,4.74,39.69,1.2,42921,115.2,8071,congested
120.0,17.48,220.53,317.85,0.0024,0.0019,0.53,3.26,1.68,14.0,0.63,63914,8.8,8303,degrading
48.85,2.23,67.76,79.16,0.0,0.0,0.26,3.83,-0.4,4.39,0.16,163142,2.8,43746,stable
115.32,17.46,205.03,291.19,0.0032,0.0023,0.41,3.37,1.58,10.6,0.76,75535,16.5,14378,degrading
42.12,6.15,55.25,77.08,0.0,0.0,0.07,3.87,0.14,4.16,0.13,453993,1.1,13368,stable
60.0,5.93,91.16,114.29,0.0001,0.0,0.2,3.76,0.28,4.69,0.29,103730,4.8,37269,stable
75.25,11.7,128.03,195.92,0.0037,0.0021,1.17,3.37,2.44,11.86,0.42,104812,5.8,12776,degrading
49.54,2.28,76.03,83.37,0.0,0.0,0.12,4.26,0.14,4.64,0.18,118183,4.2,49478,stable
60.0,12.17,94.74,145.41,0.0022,0.0018,1.06,2.85,2.08,10.37,0.36,83164,19.1,10275,degrading
100.53,13.8,198.95,246.4,0.0035,0.0021,0.42,3.47,2.7,9.06,0.74,139492,11.9,28433,degrading
70.92,19.83,121.17,160.28,0.0016,0.0012,0.91,2.7,1.87,7.14,0.38,118586,7.8,3179,degrading
38.81,3.61,61.08,71.93,0.0,0.0,0.07,4.48,-0.09,3.38,-0.06,106765,4.5,14211,stable
34.62,4.84,54.33,65.75,0.0,0.0,0.21,4.66,0.07,2.08,0.06,138414,4.8,43565,stable
46.71,2.54,70.53,88.22,0.0001,0.0,0.27,4.81,-0.2,4.0,0.24,371330,1.3,47737,stable
39.12,4.56,58.48,70.67,0.0,0.0,0.09,3.99,0.05,4.62,0.24,192869,2.6,33298,stable
60.0,2.83,93.35,96.66,0.0001,0.0,0.23,4.51,-0.17,3.19,0.08,151358,4.5,28911,stable
120.0,8.28,208.76,300.14,0.0042,0.0012,0.54,3.47,0.59,10.6,0.29,81929,7.8,29856,degrading
29.14,7.58,40.42,51.73,0.0,0.0,0.11,4.87,-0.12,2.96,0.11,412827,2.8,12718,stable
42.36,6.19,57.2,81.63,0.0002,0.0,0.07,4.69,0.44,2.73,0.27,453073,0.8,9495,stable
1535.09,104.85,6016.86,8319.25,0.2307,0.1636,6.15,0.72,19.91,77.91,2.27,28627,368.6,2676,critical
44.21,6.82,62.42,77.59,0.0,0.0,0.25,3.76,0.4,3.62,0.25,294112,2.7,46032,stable
2000.0,134.59,5827.58,10961.05,0.2081,0.1576,3.71,0.34,19.56,54.5,0.94,13532,99.9,77,critical
97.07,9.46,151.64,266.64,0.0057,0.0016,1.0,3.0,2.7,9.19,0.58,67942,14.9,8645,degrading
74.25,17.06,111.65,162.76,0.0035,0.0014,0.45,3.27,0.92,12.92,0.5,125785,11.8,27081,degrading
31.39,6.92,48.77,61.02,0.0001,0.0,0.17,4.03,0.08,3.23,0.12,149320,2.2,40788,stable
1242.65,69.45,4671.51,6316.74,0.2169,0.161,5.59,0.84,18.63,43.72,1.43,7372,567.3,2976,critical
2000.0,231.71,7268.07,8926.68,0.2418,0.1553,7.2,0.33,11.81,119.08,1.96,26272,344.2,979,critical
298.96,49.94,701.29,1028.24,0.0513,0.0349,3.74,0.87,3.69,26.24,1.42,43094,53.2,13255,congested
91.02,17.56,143.51,240.96,0.0029,0.0008,0.9,3.28,1.62,5.56,0.58,142158,12.4,27888,degrading
44.85,4.18,71.19,87.78,0.0001,0.0,0.05,3.81,0.16,3.04,-0.01,261163,1.9,49380,stable
54.47,6.07,74.94,106.18,0.0001,0.0,0.16,3.78,0.22,3.04,0.14,284359,4.1,41648,stable
120.0,19.83,234.35,290.63,0.0035,0.0028,0.33,3.4,1.93,10.23,0.62,148835,7.6,4426,degrading
20.0,6.88,31.35,36.72,0.0001,0.0,0.27,4.64,-0.1,2.48,0.19,343247,3.0,7081,stable
34.73,4.38,46.31,56.01,0.0001,0.0,0.22,3.8,-0.16,4.87,0.14,420462,1.3,11292,stable
120.0,15.71,192.93,281.6,0.003,0.0014,1.19,3.4,2.53,13.14,0.56,75275,12.1,4705,degrading
362.43,43.9,1014.58,1396.33,0.0532,0.0313,2.79,0.63,3.56,33.42,1.07,60365,118.7,12905,congested
268.95,21.94,788.19,1175.68,0.0763,0.0453,3.89,2.13,9.85,44.72,0.69,48247,83.2,4059,congested
33.73,5.95,52.16,64.65,0.0001,0.0,0.19,4.51,0.33,4.5,0.18,374999,0.3,6379,stable
60.0,5.04,80.55,112.6,0.0,0.0,0.18,4.94,-0.31,4.77,0.06,311359,0.6,27465,stable
60.0,5.96,89.05,108.75,0.0,0.0,0.15,4.07,-0.16,1.69,0.03,256567,2.2,33942,stable
29.87,6.53,45.41,49.58,0.0,0.0,0.17,3.93,-0.31,1.2,0.25,340050,0.5,38553,stable
48.83,7.53,64.55,83.61,0.0,0.0,0.24,4.0,0.23,2.68,0.13,433044,4.0,43454,stable
60.0,15.25,93.78,166.07,0.0014,0.0011,1.06,3.14,0.79,11.97,0.54,146634,16.0,10648,degrading
60.0,7.99,94.8,111.42,0.0,0.0,0.18,3.78,-0.14,2.34,-0.09,109676,4.2,14380,stable
